{
  "type": "FeatureCollection",
  "features": [
    {
      "type": "Feature",
      "properties": {
        "gov_id": "TN11",
        "gov_name": "Tunis",
        "gov_name_ar": "تونس",
        "region_id": "TN1",
        "region_name": "North East",
        "source_level": "COD-AB ADM2",
        "area_sqkm": 263.62177915,
        "center_lon": 10.21320043,
        "center_lat": 36.81869391,
        "display_name": "Tunis",
        "display_label": "Tunis — Governorate"
      },
      "geometry": {
        "type": "Polygon",
        "coordinates": [
          [
            [
              10.2679,
              36.9331
            ],
            [
              10.2491,
              36.9443
            ],
            [
              10.2413,
              36.9383
            ],
            [
              10.2525,
              36.9338
            ],
            [
              10.2546,
              36.9264
            ],
            [
              10.2586,
              36.9268
            ],
            [
              10.2603,
              36.9235
            ],
            [
              10.2634,
              36.9233
            ],
            [
              10.2769,
              36.9075
            ],
            [
              10.2757,
              36.9044
            ],
            [
              10.2836,
              36.9032
            ],
            [
              10.2856,
              36.9006
            ],
            [
              10.2835,
              36.8941
            ],
            [
              10.2765,
              36.8906
            ],
            [
              10.2804,
              36.8852
            ],
            [
              10.2742,
              36.8817
            ],
            [
              10.2713,
              36.875
            ],
            [
              10.2813,
              36.872
            ],
            [
              10.2887,
              36.8671
            ],
            [
              10.2805,
              36.8627
            ],
            [
              10.2437,
              36.8614
            ],
            [
              10.231,
              36.8569
            ],
            [
              10.2349,
              36.871
            ],
            [
              10.2327,
              36.8715
            ],
            [
              10.2277,
              36.8688
            ],
            [
              10.2267,
              36.8658
            ],
            [
              10.2144,
              36.8598
            ],
            [
              10.2125,
              36.8484
            ],
            [
              10.1908,
              36.8508
            ],
            [
              10.1694,
              36.8405
            ],
            [
              10.1468,
              36.8549
            ],
            [
              10.14,
              36.8544
            ],
            [
              10.1298,
              36.8475
            ],
            [
              10.1212,
              36.8445
            ],
            [
              10.1166,
              36.8445
            ],
            [
              10.1178,
              36.834
            ],
            [
              10.1146,
              36.8292
            ],
            [
              10.1174,
              36.8182
            ],
            [
              10.117,
              36.8121
            ],
            [
              10.1214,
              36.8041
            ],
            [
              10.1188,
              36.8032
            ],
            [
              10.1191,
              36.7975
            ],
            [
              10.1154,
              36.796
            ],
            [
              10.1063,
              36.7984
            ],
            [
              10.1005,
              36.802
            ],
            [
              10.0906,
              36.8011
            ],
            [
              10.0813,
              36.7959
            ],
            [
              10.0737,
              36.7996
            ],
            [
              10.0645,
              36.7955
            ],
            [
              10.0596,
              36.7969
            ],
            [
              10.0515,
              36.7867
            ],
            [
              10.0407,
              36.7943
            ],
            [
              10.039,
              36.7926
            ],
            [
              10.0295,
              36.7987
            ],
            [
              10.0205,
              36.7985
            ],
            [
              10.0138,
              36.7961
            ],
            [
              10.0144,
              36.794
            ],
            [
              10.0125,
              36.7916
            ],
            [
              10.0037,
              36.787
            ],
            [
              10.0122,
              36.7836
            ],
            [
              10.0156,
              36.7799
            ],
            [
              10.0199,
              36.7795
            ],
            [
              10.0259,
              36.7733
            ],
            [
              10.0293,
              36.7619
            ],
            [
              10.0279,
              36.7614
            ],
            [
              10.041,
              36.7453
            ],
            [
              10.0311,
              36.7397
            ],
            [
              10.0499,
              36.7336
            ],
            [
              10.0623,
              36.7272
            ],
            [
              10.0749,
              36.7241
            ],
            [
              10.0698,
              36.7065
            ],
            [
              10.0848,
              36.6955
            ],
            [
              10.0961,
              36.6955
            ],
            [
              10.0985,
              36.6934
            ],
            [
              10.1109,
              36.6921
            ],
            [
              10.1163,
              36.6964
            ],
            [
              10.1248,
              36.6945
            ],
            [
              10.1299,
              36.7015
            ],
            [
              10.1321,
              36.7023
            ],
            [
              10.1355,
              36.699
            ],
            [
              10.1394,
              36.7029
            ],
            [
              10.139,
              36.7042
            ],
            [
              10.1513,
              36.7117
            ],
            [
              10.1484,
              36.7119
            ],
            [
              10.131,
              36.7254
            ],
            [
              10.1369,
              36.7282
            ],
            [
              10.1444,
              36.7358
            ],
            [
              10.139,
              36.7399
            ],
            [
              10.137,
              36.7395
            ],
            [
              10.1368,
              36.7455
            ],
            [
              10.1341,
              36.7459
            ],
            [
              10.1328,
              36.7493
            ],
            [
              10.1297,
              36.7495
            ],
            [
              10.1295,
              36.7534
            ],
            [
              10.1278,
              36.7546
            ],
            [
              10.1294,
              36.7551
            ],
            [
              10.1274,
              36.7555
            ],
            [
              10.1264,
              36.7537
            ],
            [
              10.1265,
              36.7559
            ],
            [
              10.1225,
              36.7556
            ],
            [
              10.1254,
              36.7587
            ],
            [
              10.1179,
              36.7563
            ],
            [
              10.1159,
              36.7603
            ],
            [
              10.1188,
              36.7611
            ],
            [
              10.1171,
              36.7633
            ],
            [
              10.1205,
              36.7649
            ],
            [
              10.12,
              36.7665
            ],
            [
              10.1182,
              36.7662
            ],
            [
              10.1191,
              36.7679
            ],
            [
              10.1158,
              36.768
            ],
            [
              10.1187,
              36.7687
            ],
            [
              10.1186,
              36.7707
            ],
            [
              10.1199,
              36.771
            ],
            [
              10.1188,
              36.7744
            ],
            [
              10.1203,
              36.7781
            ],
            [
              10.127,
              36.7847
            ],
            [
              10.1509,
              36.794
            ],
            [
              10.1589,
              36.7906
            ],
            [
              10.162,
              36.7868
            ],
            [
              10.1652,
              36.78
            ],
            [
              10.1708,
              36.774
            ],
            [
              10.1694,
              36.7713
            ],
            [
              10.17,
              36.7515
            ],
            [
              10.1774,
              36.7409
            ],
            [
              10.1751,
              36.7361
            ],
            [
              10.182,
              36.733
            ],
            [
              10.176,
              36.7291
            ],
            [
              10.1763,
              36.7199
            ],
            [
              10.1825,
              36.7222
            ],
            [
              10.1864,
              36.7211
            ],
            [
              10.1941,
              36.7328
            ],
            [
              10.207,
              36.7419
            ],
            [
              10.2096,
              36.7466
            ],
            [
              10.2077,
              36.7486
            ],
            [
              10.2116,
              36.7505
            ],
            [
              10.2104,
              36.7563
            ],
            [
              10.2153,
              36.7599
            ],
            [
              10.2186,
              36.7573
            ],
            [
              10.2202,
              36.7587
            ],
            [
              10.2201,
              36.7667
            ],
            [
              10.2156,
              36.7685
            ],
            [
              10.2152,
              36.7709
            ],
            [
              10.212,
              36.7727
            ],
            [
              10.2096,
              36.777
            ],
            [
              10.2058,
              36.7786
            ],
            [
              10.2239,
              36.8029
            ],
            [
              10.2875,
              36.8128
            ],
            [
              10.2939,
              36.8123
            ],
            [
              10.3087,
              36.8045
            ],
            [
              10.3114,
              36.8093
            ],
            [
              10.3039,
              36.8128
            ],
            [
              10.3116,
              36.8226
            ],
            [
              10.3143,
              36.823
            ],
            [
              10.3209,
              36.835
            ],
            [
              10.3263,
              36.8363
            ],
            [
              10.3287,
              36.8453
            ],
            [
              10.3312,
              36.8493
            ],
            [
              10.34,
              36.8563
            ],
            [
              10.3414,
              36.8627
            ],
            [
              10.3549,
              36.8706
            ],
            [
              10.35,
              36.8766
            ],
            [
              10.3231,
              36.8928
            ],
            [
              10.3173,
              36.9047
            ],
            [
              10.321,
              36.9121
            ],
            [
              10.3171,
              36.9188
            ],
            [
              10.3084,
              36.9222
            ],
            [
              10.2948,
              36.922
            ],
            [
              10.2847,
              36.9255
            ],
            [
              10.2679,
              36.9331
            ]
          ]
        ]
      }
    },
    {
      "type": "Feature",
      "properties": {
        "gov_id": "TN12",
        "gov_name": "Ariana",
        "gov_name_ar": "أريانة",
        "region_id": "TN1",
        "region_name": "North East",
        "source_level": "COD-AB ADM2",
        "area_sqkm": 418.70752536,
        "center_lon": 10.12217928,
        "center_lat": 36.96831946,
        "display_name": "Ariana",
        "display_label": "Ariana — Governorate"
      },
      "geometry": {
        "type": "Polygon",
        "coordinates": [
          [
            [
              10.1586,
              37.1145
            ],
            [
              10.1554,
              37.115
            ],
            [
              10.1496,
              37.1122
            ],
            [
              10.1395,
              37.1124
            ],
            [
              10.1312,
              37.1075
            ],
            [
              10.1311,
              37.1109
            ],
            [
              10.1293,
              37.1125
            ],
            [
              10.121,
              37.1131
            ],
            [
              10.116,
              37.1062
            ],
            [
              10.0942,
              37.0946
            ],
            [
              10.0946,
              37.0907
            ],
            [
              10.089,
              37.0851
            ],
            [
              10.0951,
              37.0657
            ],
            [
              10.0899,
              37.0568
            ],
            [
              10.0906,
              37.0511
            ],
            [
              10.0825,
              37.0384
            ],
            [
              10.0786,
              37.035
            ],
            [
              10.074,
              37.0195
            ],
            [
              10.0674,
              37.0138
            ],
            [
              10.066,
              37.0065
            ],
            [
              10.0291,
              36.9838
            ],
            [
              10.0309,
              36.977
            ],
            [
              10.0282,
              36.9701
            ],
            [
              10.0252,
              36.9667
            ],
            [
              10.0184,
              36.9666
            ],
            [
              10.0237,
              36.9629
            ],
            [
              10.0236,
              36.9592
            ],
            [
              10.0204,
              36.9555
            ],
            [
              10.0219,
              36.9506
            ],
            [
              10.0087,
              36.9419
            ],
            [
              10.0061,
              36.9378
            ],
            [
              10.0098,
              36.9351
            ],
            [
              10.0118,
              36.9352
            ],
            [
              10.013,
              36.9377
            ],
            [
              10.0162,
              36.9375
            ],
            [
              10.0174,
              36.9312
            ],
            [
              10.0269,
              36.9215
            ],
            [
              10.0158,
              36.9144
            ],
            [
              10.0133,
              36.9166
            ],
            [
              10.0103,
              36.9251
            ],
            [
              10.0081,
              36.9273
            ],
            [
              10.0051,
              36.9286
            ],
            [
              10.0004,
              36.9272
            ],
            [
              9.9989,
              36.9225
            ],
            [
              9.9997,
              36.9192
            ],
            [
              10.005,
              36.9116
            ],
            [
              10.0112,
              36.8971
            ],
            [
              10.0064,
              36.8942
            ],
            [
              10.0042,
              36.8898
            ],
            [
              10.0051,
              36.8811
            ],
            [
              9.9969,
              36.8771
            ],
            [
              9.9981,
              36.8709
            ],
            [
              9.993,
              36.865
            ],
            [
              9.9909,
              36.8581
            ],
            [
              9.9864,
              36.8568
            ],
            [
              9.9755,
              36.8587
            ],
            [
              9.9746,
              36.8561
            ],
            [
              9.9789,
              36.8467
            ],
            [
              9.9713,
              36.8428
            ],
            [
              9.9676,
              36.8433
            ],
            [
              9.9658,
              36.8412
            ],
            [
              9.9809,
              36.8379
            ],
            [
              9.9837,
              36.8449
            ],
            [
              9.9893,
              36.8522
            ],
            [
              10.0199,
              36.8513
            ],
            [
              10.0252,
              36.8479
            ],
            [
              10.0375,
              36.8564
            ],
            [
              10.0383,
              36.8614
            ],
            [
              10.0414,
              36.8656
            ],
            [
              10.0457,
              36.8658
            ],
            [
              10.0474,
              36.8685
            ],
            [
              10.053,
              36.8711
            ],
            [
              10.0736,
              36.8727
            ],
            [
              10.0758,
              36.8724
            ],
            [
              10.0759,
              36.8703
            ],
            [
              10.0777,
              36.8695
            ],
            [
              10.0752,
              36.864
            ],
            [
              10.0794,
              36.862
            ],
            [
              10.0792,
              36.8587
            ],
            [
              10.0823,
              36.8564
            ],
            [
              10.0881,
              36.8458
            ],
            [
              10.0939,
              36.8398
            ],
            [
              10.0926,
              36.8371
            ],
            [
              10.096,
              36.831
            ],
            [
              10.1005,
              36.8299
            ],
            [
              10.1049,
              36.822
            ],
            [
              10.1148,
              36.8275
            ],
            [
              10.1146,
              36.8302
            ],
            [
              10.1178,
              36.834
            ],
            [
              10.1166,
              36.8445
            ],
            [
              10.1212,
              36.8445
            ],
            [
              10.1298,
              36.8475
            ],
            [
              10.1409,
              36.8547
            ],
            [
              10.1468,
              36.8549
            ],
            [
              10.1694,
              36.8405
            ],
            [
              10.1908,
              36.8508
            ],
            [
              10.2125,
              36.8484
            ],
            [
              10.2144,
              36.8598
            ],
            [
              10.2267,
              36.8658
            ],
            [
              10.2277,
              36.8688
            ],
            [
              10.2327,
              36.8715
            ],
            [
              10.2349,
              36.871
            ],
            [
              10.231,
              36.8569
            ],
            [
              10.2437,
              36.8614
            ],
            [
              10.2805,
              36.8627
            ],
            [
              10.2887,
              36.8671
            ],
            [
              10.2813,
              36.872
            ],
            [
              10.2713,
              36.875
            ],
            [
              10.2742,
              36.8817
            ],
            [
              10.2804,
              36.8852
            ],
            [
              10.2765,
              36.8906
            ],
            [
              10.2646,
              36.8873
            ],
            [
              10.2456,
              36.8882
            ],
            [
              10.2262,
              36.8981
            ],
            [
              10.2202,
              36.9041
            ],
            [
              10.216,
              36.9033
            ],
            [
              10.2116,
              36.9054
            ],
            [
              10.2074,
              36.9053
            ],
            [
              10.2029,
              36.9084
            ],
            [
              10.2038,
              36.9099
            ],
            [
              10.2013,
              36.9097
            ],
            [
              10.1955,
              36.9135
            ],
            [
              10.191,
              36.9106
            ],
            [
              10.1827,
              36.9213
            ],
            [
              10.1806,
              36.9377
            ],
            [
              10.1898,
              36.9373
            ],
            [
              10.2017,
              36.9397
            ],
            [
              10.2106,
              36.9484
            ],
            [
              10.2153,
              36.9502
            ],
            [
              10.2244,
              36.9519
            ],
            [
              10.234,
              36.95
            ],
            [
              10.2381,
              36.951
            ],
            [
              10.2167,
              36.9692
            ],
            [
              10.2037,
              36.9836
            ],
            [
              10.1918,
              37.0144
            ],
            [
              10.1868,
              37.0229
            ],
            [
              10.182,
              37.0269
            ],
            [
              10.1777,
              37.0434
            ],
            [
              10.1775,
              37.0543
            ],
            [
              10.1803,
              37.0692
            ],
            [
              10.1962,
              37.0821
            ],
            [
              10.202,
              37.0899
            ],
            [
              10.2077,
              37.1023
            ],
            [
              10.2055,
              37.1039
            ],
            [
              10.1958,
              37.0974
            ],
            [
              10.2028,
              37.1048
            ],
            [
              10.2106,
              37.1058
            ],
            [
              10.2163,
              37.1099
            ],
            [
              10.2158,
              37.1115
            ],
            [
              10.1808,
              37.1067
            ],
            [
              10.1733,
              37.1106
            ],
            [
              10.1618,
              37.109
            ],
            [
              10.1592,
              37.1107
            ],
            [
              10.1588,
              37.114
            ],
            [
              10.1586,
              37.1145
            ]
          ]
        ]
      }
    },
    {
      "type": "Feature",
      "properties": {
        "gov_id": "TN13",
        "gov_name": "Ben Arous",
        "gov_name_ar": "بن عروس",
        "region_id": "TN1",
        "region_name": "North East",
        "source_level": "COD-AB ADM2",
        "area_sqkm": 662.05410378,
        "center_lon": 10.21086321,
        "center_lat": 36.62956482,
        "display_name": "Ben Arous",
        "display_label": "Ben Arous — Governorate"
      },
      "geometry": {
        "type": "Polygon",
        "coordinates": [
          [
            [
              10.2884,
              36.8128
            ],
            [
              10.26,
              36.8087
            ],
            [
              10.2626,
              36.7999
            ],
            [
              10.2704,
              36.8008
            ],
            [
              10.2713,
              36.7968
            ],
            [
              10.2685,
              36.7894
            ],
            [
              10.2686,
              36.7814
            ],
            [
              10.2702,
              36.7776
            ],
            [
              10.264,
              36.7722
            ],
            [
              10.2536,
              36.7826
            ],
            [
              10.2552,
              36.7836
            ],
            [
              10.2528,
              36.7833
            ],
            [
              10.25,
              36.787
            ],
            [
              10.2326,
              36.7877
            ],
            [
              10.2218,
              36.7862
            ],
            [
              10.2159,
              36.7823
            ],
            [
              10.2144,
              36.7832
            ],
            [
              10.2123,
              36.7821
            ],
            [
              10.2132,
              36.7808
            ],
            [
              10.2095,
              36.7785
            ],
            [
              10.2058,
              36.7786
            ],
            [
              10.2096,
              36.777
            ],
            [
              10.212,
              36.7727
            ],
            [
              10.2152,
              36.7709
            ],
            [
              10.2156,
              36.7685
            ],
            [
              10.2201,
              36.7667
            ],
            [
              10.2202,
              36.7587
            ],
            [
              10.2186,
              36.7573
            ],
            [
              10.2153,
              36.7599
            ],
            [
              10.2104,
              36.7563
            ],
            [
              10.2116,
              36.7505
            ],
            [
              10.2077,
              36.7486
            ],
            [
              10.2096,
              36.7466
            ],
            [
              10.207,
              36.7419
            ],
            [
              10.1941,
              36.7328
            ],
            [
              10.1864,
              36.7211
            ],
            [
              10.1825,
              36.7222
            ],
            [
              10.1763,
              36.7199
            ],
            [
              10.1765,
              36.7239
            ],
            [
              10.1682,
              36.7269
            ],
            [
              10.1681,
              36.7288
            ],
            [
              10.1657,
              36.7292
            ],
            [
              10.1669,
              36.7316
            ],
            [
              10.1558,
              36.7339
            ],
            [
              10.1534,
              36.7358
            ],
            [
              10.1444,
              36.7358
            ],
            [
              10.1369,
              36.7282
            ],
            [
              10.1318,
              36.7266
            ],
            [
              10.131,
              36.7254
            ],
            [
              10.1371,
              36.7198
            ],
            [
              10.1485,
              36.7118
            ],
            [
              10.1513,
              36.7117
            ],
            [
              10.139,
              36.7042
            ],
            [
              10.1394,
              36.7029
            ],
            [
              10.1355,
              36.699
            ],
            [
              10.1321,
              36.7023
            ],
            [
              10.1299,
              36.7015
            ],
            [
              10.1248,
              36.6945
            ],
            [
              10.1163,
              36.6964
            ],
            [
              10.1109,
              36.6921
            ],
            [
              10.0992,
              36.6933
            ],
            [
              10.093,
              36.6956
            ],
            [
              10.0933,
              36.6931
            ],
            [
              10.0872,
              36.6807
            ],
            [
              10.0864,
              36.6745
            ],
            [
              10.0817,
              36.6674
            ],
            [
              10.059,
              36.6451
            ],
            [
              10.0431,
              36.6229
            ],
            [
              10.0436,
              36.619
            ],
            [
              10.0481,
              36.6148
            ],
            [
              10.0463,
              36.6102
            ],
            [
              10.0481,
              36.6043
            ],
            [
              10.0525,
              36.6004
            ],
            [
              10.0588,
              36.6095
            ],
            [
              10.0624,
              36.6064
            ],
            [
              10.0866,
              36.5987
            ],
            [
              10.0888,
              36.5942
            ],
            [
              10.0997,
              36.5853
            ],
            [
              10.1083,
              36.582
            ],
            [
              10.1102,
              36.5852
            ],
            [
              10.1139,
              36.5857
            ],
            [
              10.1227,
              36.5916
            ],
            [
              10.1277,
              36.5929
            ],
            [
              10.1429,
              36.6023
            ],
            [
              10.1466,
              36.5989
            ],
            [
              10.1439,
              36.5667
            ],
            [
              10.1512,
              36.5697
            ],
            [
              10.1504,
              36.5639
            ],
            [
              10.1548,
              36.5552
            ],
            [
              10.1549,
              36.5504
            ],
            [
              10.1662,
              36.5465
            ],
            [
              10.1654,
              36.5402
            ],
            [
              10.1698,
              36.5328
            ],
            [
              10.1755,
              36.5314
            ],
            [
              10.1766,
              36.5285
            ],
            [
              10.1842,
              36.5248
            ],
            [
              10.1847,
              36.5219
            ],
            [
              10.1931,
              36.5187
            ],
            [
              10.1971,
              36.5211
            ],
            [
              10.1985,
              36.5243
            ],
            [
              10.2025,
              36.5237
            ],
            [
              10.2063,
              36.5254
            ],
            [
              10.2162,
              36.5219
            ],
            [
              10.2428,
              36.5066
            ],
            [
              10.2523,
              36.5036
            ],
            [
              10.2622,
              36.5059
            ],
            [
              10.2708,
              36.5034
            ],
            [
              10.2683,
              36.498
            ],
            [
              10.2664,
              36.4973
            ],
            [
              10.2636,
              36.4881
            ],
            [
              10.2616,
              36.4871
            ],
            [
              10.2551,
              36.4727
            ],
            [
              10.2524,
              36.4705
            ],
            [
              10.2537,
              36.4668
            ],
            [
              10.2466,
              36.4626
            ],
            [
              10.2477,
              36.4609
            ],
            [
              10.2464,
              36.4547
            ],
            [
              10.2483,
              36.4506
            ],
            [
              10.2527,
              36.4483
            ],
            [
              10.2607,
              36.4494
            ],
            [
              10.2644,
              36.4541
            ],
            [
              10.2796,
              36.4462
            ],
            [
              10.2787,
              36.4512
            ],
            [
              10.2812,
              36.453
            ],
            [
              10.2775,
              36.4583
            ],
            [
              10.2857,
              36.4621
            ],
            [
              10.2873,
              36.4647
            ],
            [
              10.3192,
              36.4747
            ],
            [
              10.3516,
              36.4886
            ],
            [
              10.3439,
              36.4945
            ],
            [
              10.3424,
              36.5046
            ],
            [
              10.3448,
              36.5137
            ],
            [
              10.3545,
              36.5165
            ],
            [
              10.3498,
              36.5303
            ],
            [
              10.3596,
              36.5409
            ],
            [
              10.3716,
              36.545
            ],
            [
              10.3782,
              36.5497
            ],
            [
              10.3799,
              36.5533
            ],
            [
              10.3794,
              36.5582
            ],
            [
              10.3812,
              36.5586
            ],
            [
              10.3813,
              36.5606
            ],
            [
              10.3787,
              36.5676
            ],
            [
              10.3696,
              36.5736
            ],
            [
              10.3623,
              36.5825
            ],
            [
              10.3493,
              36.5805
            ],
            [
              10.3433,
              36.5766
            ],
            [
              10.336,
              36.5763
            ],
            [
              10.3357,
              36.5777
            ],
            [
              10.342,
              36.584
            ],
            [
              10.3466,
              36.5944
            ],
            [
              10.3596,
              36.6033
            ],
            [
              10.3674,
              36.6111
            ],
            [
              10.3713,
              36.6198
            ],
            [
              10.3745,
              36.6229
            ],
            [
              10.3731,
              36.6364
            ],
            [
              10.377,
              36.6395
            ],
            [
              10.3721,
              36.6443
            ],
            [
              10.366,
              36.6461
            ],
            [
              10.3765,
              36.6473
            ],
            [
              10.3788,
              36.6453
            ],
            [
              10.3826,
              36.6467
            ],
            [
              10.3852,
              36.6459
            ],
            [
              10.3867,
              36.6428
            ],
            [
              10.3865,
              36.6445
            ],
            [
              10.389,
              36.6451
            ],
            [
              10.3882,
              36.6476
            ],
            [
              10.3897,
              36.6486
            ],
            [
              10.3884,
              36.6507
            ],
            [
              10.3901,
              36.652
            ],
            [
              10.3887,
              36.6528
            ],
            [
              10.3911,
              36.6543
            ],
            [
              10.3888,
              36.6556
            ],
            [
              10.391,
              36.6583
            ],
            [
              10.3888,
              36.6606
            ],
            [
              10.393,
              36.6645
            ],
            [
              10.3924,
              36.6659
            ],
            [
              10.3945,
              36.6684
            ],
            [
              10.3933,
              36.6694
            ],
            [
              10.396,
              36.6723
            ],
            [
              10.398,
              36.673
            ],
            [
              10.3998,
              36.6716
            ],
            [
              10.4012,
              36.6753
            ],
            [
              10.4032,
              36.6754
            ],
            [
              10.4015,
              36.6766
            ],
            [
              10.4034,
              36.6792
            ],
            [
              10.3997,
              36.679
            ],
            [
              10.3993,
              36.6822
            ],
            [
              10.3972,
              36.685
            ],
            [
              10.3951,
              36.6852
            ],
            [
              10.3975,
              36.6903
            ],
            [
              10.3976,
              36.6938
            ],
            [
              10.3961,
              36.6952
            ],
            [
              10.413,
              36.7109
            ],
            [
              10.4178,
              36.7124
            ],
            [
              10.4187,
              36.7145
            ],
            [
              10.4174,
              36.7162
            ],
            [
              10.4105,
              36.7152
            ],
            [
              10.387,
              36.7167
            ],
            [
              10.3656,
              36.7226
            ],
            [
              10.3486,
              36.7295
            ],
            [
              10.3202,
              36.7446
            ],
            [
              10.3094,
              36.7532
            ],
            [
              10.2982,
              36.7654
            ],
            [
              10.2845,
              36.786
            ],
            [
              10.2835,
              36.7921
            ],
            [
              10.2805,
              36.7938
            ],
            [
              10.2808,
              36.7948
            ],
            [
              10.2845,
              36.793
            ],
            [
              10.2863,
              36.7962
            ],
            [
              10.2877,
              36.7955
            ],
            [
              10.2866,
              36.7941
            ],
            [
              10.2886,
              36.7932
            ],
            [
              10.2952,
              36.8039
            ],
            [
              10.2921,
              36.8038
            ],
            [
              10.3021,
              36.8075
            ],
            [
              10.2939,
              36.8123
            ],
            [
              10.289,
              36.8128
            ],
            [
              10.2884,
              36.8128
            ]
          ]
        ]
      }
    },
    {
      "type": "Feature",
      "properties": {
        "gov_id": "TN14",
        "gov_name": "Manubah",
        "gov_name_ar": "منوبة",
        "region_id": "TN1",
        "region_name": "North East",
        "source_level": "COD-AB ADM2",
        "area_sqkm": 1142.64559265,
        "center_lon": 9.83035326,
        "center_lat": 36.76581494,
        "display_name": "Manubah",
        "display_label": "Manubah — Governorate"
      },
      "geometry": {
        "type": "Polygon",
        "coordinates": [
          [
            [
              9.8229,
              36.9769
            ],
            [
              9.8172,
              36.9722
            ],
            [
              9.8181,
              36.9685
            ],
            [
              9.8142,
              36.9656
            ],
            [
              9.8132,
              36.9626
            ],
            [
              9.8132,
              36.9579
            ],
            [
              9.8178,
              36.9422
            ],
            [
              9.8048,
              36.9424
            ],
            [
              9.7975,
              36.9403
            ],
            [
              9.7913,
              36.9364
            ],
            [
              9.7889,
              36.9301
            ],
            [
              9.7847,
              36.9273
            ],
            [
              9.7763,
              36.9164
            ],
            [
              9.7741,
              36.9112
            ],
            [
              9.7758,
              36.9083
            ],
            [
              9.7723,
              36.9038
            ],
            [
              9.7733,
              36.8994
            ],
            [
              9.7678,
              36.8965
            ],
            [
              9.7682,
              36.8911
            ],
            [
              9.7593,
              36.8915
            ],
            [
              9.7488,
              36.8889
            ],
            [
              9.7385,
              36.8887
            ],
            [
              9.7373,
              36.8912
            ],
            [
              9.7306,
              36.8921
            ],
            [
              9.7275,
              36.8961
            ],
            [
              9.7203,
              36.8973
            ],
            [
              9.7123,
              36.9017
            ],
            [
              9.7014,
              36.8893
            ],
            [
              9.6897,
              36.8833
            ],
            [
              9.6768,
              36.8838
            ],
            [
              9.676,
              36.8818
            ],
            [
              9.6547,
              36.8724
            ],
            [
              9.6557,
              36.8674
            ],
            [
              9.6528,
              36.865
            ],
            [
              9.648,
              36.8648
            ],
            [
              9.645,
              36.862
            ],
            [
              9.6418,
              36.863
            ],
            [
              9.6354,
              36.8615
            ],
            [
              9.6348,
              36.857
            ],
            [
              9.6307,
              36.8563
            ],
            [
              9.6269,
              36.8676
            ],
            [
              9.6156,
              36.8665
            ],
            [
              9.5953,
              36.8573
            ],
            [
              9.5882,
              36.8568
            ],
            [
              9.5764,
              36.8522
            ],
            [
              9.5658,
              36.8411
            ],
            [
              9.5715,
              36.8304
            ],
            [
              9.5716,
              36.8265
            ],
            [
              9.5861,
              36.809
            ],
            [
              9.5856,
              36.8074
            ],
            [
              9.5925,
              36.8027
            ],
            [
              9.5981,
              36.7959
            ],
            [
              9.6,
              36.7893
            ],
            [
              9.6062,
              36.7881
            ],
            [
              9.6092,
              36.7852
            ],
            [
              9.6117,
              36.7799
            ],
            [
              9.6099,
              36.7772
            ],
            [
              9.6113,
              36.7737
            ],
            [
              9.6103,
              36.7722
            ],
            [
              9.6135,
              36.7693
            ],
            [
              9.6243,
              36.7703
            ],
            [
              9.647,
              36.7577
            ],
            [
              9.6609,
              36.7562
            ],
            [
              9.6644,
              36.7575
            ],
            [
              9.6815,
              36.7543
            ],
            [
              9.6886,
              36.7484
            ],
            [
              9.696,
              36.745
            ],
            [
              9.7085,
              36.7436
            ],
            [
              9.7119,
              36.7414
            ],
            [
              9.7119,
              36.7396
            ],
            [
              9.7084,
              36.7394
            ],
            [
              9.7127,
              36.7339
            ],
            [
              9.7161,
              36.7338
            ],
            [
              9.7239,
              36.7286
            ],
            [
              9.7381,
              36.7226
            ],
            [
              9.7365,
              36.7148
            ],
            [
              9.7407,
              36.7138
            ],
            [
              9.7418,
              36.7121
            ],
            [
              9.7627,
              36.7306
            ],
            [
              9.7749,
              36.7295
            ],
            [
              9.7685,
              36.7216
            ],
            [
              9.7717,
              36.7183
            ],
            [
              9.7786,
              36.718
            ],
            [
              9.788,
              36.71
            ],
            [
              9.7772,
              36.6943
            ],
            [
              9.7788,
              36.6771
            ],
            [
              9.7865,
              36.6747
            ],
            [
              9.7922,
              36.6707
            ],
            [
              9.7992,
              36.6604
            ],
            [
              9.7992,
              36.6576
            ],
            [
              9.7846,
              36.6511
            ],
            [
              9.7839,
              36.6478
            ],
            [
              9.7967,
              36.6351
            ],
            [
              9.8038,
              36.6408
            ],
            [
              9.8114,
              36.6405
            ],
            [
              9.8127,
              36.6335
            ],
            [
              9.8088,
              36.6238
            ],
            [
              9.8175,
              36.6078
            ],
            [
              9.8281,
              36.6057
            ],
            [
              9.8485,
              36.6088
            ],
            [
              9.8508,
              36.6066
            ],
            [
              9.8512,
              36.6024
            ],
            [
              9.855,
              36.5998
            ],
            [
              9.855,
              36.5976
            ],
            [
              9.8605,
              36.5942
            ],
            [
              9.8606,
              36.5893
            ],
            [
              9.8653,
              36.5831
            ],
            [
              9.8629,
              36.5766
            ],
            [
              9.864,
              36.575
            ],
            [
              9.874,
              36.5756
            ],
            [
              9.893,
              36.5721
            ],
            [
              9.9047,
              36.5548
            ],
            [
              9.9127,
              36.5662
            ],
            [
              9.9288,
              36.5809
            ],
            [
              9.9284,
              36.5822
            ],
            [
              9.9353,
              36.5841
            ],
            [
              9.9379,
              36.5946
            ],
            [
              9.9427,
              36.6002
            ],
            [
              9.9486,
              36.6032
            ],
            [
              9.9501,
              36.6068
            ],
            [
              9.9547,
              36.6085
            ],
            [
              9.9555,
              36.6113
            ],
            [
              9.9679,
              36.616
            ],
            [
              9.9806,
              36.6174
            ],
            [
              9.9807,
              36.6201
            ],
            [
              9.9823,
              36.6198
            ],
            [
              9.981,
              36.6208
            ],
            [
              9.9839,
              36.621
            ],
            [
              9.9885,
              36.6288
            ],
            [
              9.9928,
              36.631
            ],
            [
              9.9968,
              36.6398
            ],
            [
              9.9985,
              36.6403
            ],
            [
              9.9986,
              36.6442
            ],
            [
              10.0151,
              36.6589
            ],
            [
              10.0175,
              36.6631
            ],
            [
              10.0247,
              36.6594
            ],
            [
              10.0287,
              36.6547
            ],
            [
              10.024,
              36.6499
            ],
            [
              10.0241,
              36.6477
            ],
            [
              10.0354,
              36.6397
            ],
            [
              10.0372,
              36.6293
            ],
            [
              10.0431,
              36.6229
            ],
            [
              10.0575,
              36.6432
            ],
            [
              10.0814,
              36.667
            ],
            [
              10.086,
              36.6737
            ],
            [
              10.0872,
              36.6807
            ],
            [
              10.0933,
              36.6931
            ],
            [
              10.093,
              36.6956
            ],
            [
              10.0849,
              36.6954
            ],
            [
              10.0699,
              36.7062
            ],
            [
              10.0749,
              36.7241
            ],
            [
              10.0623,
              36.7272
            ],
            [
              10.0499,
              36.7336
            ],
            [
              10.0311,
              36.7397
            ],
            [
              10.041,
              36.7453
            ],
            [
              10.0279,
              36.7614
            ],
            [
              10.0293,
              36.7619
            ],
            [
              10.0259,
              36.7733
            ],
            [
              10.0199,
              36.7795
            ],
            [
              10.0156,
              36.7799
            ],
            [
              10.0122,
              36.7836
            ],
            [
              10.0038,
              36.7871
            ],
            [
              10.0125,
              36.7916
            ],
            [
              10.0144,
              36.794
            ],
            [
              10.0138,
              36.7961
            ],
            [
              10.0208,
              36.7986
            ],
            [
              10.0295,
              36.7987
            ],
            [
              10.039,
              36.7926
            ],
            [
              10.0407,
              36.7943
            ],
            [
              10.0515,
              36.7867
            ],
            [
              10.0596,
              36.7969
            ],
            [
              10.0645,
              36.7955
            ],
            [
              10.0737,
              36.7996
            ],
            [
              10.0813,
              36.7959
            ],
            [
              10.0906,
              36.8011
            ],
            [
              10.1005,
              36.802
            ],
            [
              10.1063,
              36.7984
            ],
            [
              10.1152,
              36.7959
            ],
            [
              10.1191,
              36.7975
            ],
            [
              10.1188,
              36.8032
            ],
            [
              10.1214,
              36.8041
            ],
            [
              10.117,
              36.8121
            ],
            [
              10.1174,
              36.8182
            ],
            [
              10.1149,
              36.8277
            ],
            [
              10.1049,
              36.822
            ],
            [
              10.1005,
              36.8299
            ],
            [
              10.096,
              36.831
            ],
            [
              10.0926,
              36.8371
            ],
            [
              10.0939,
              36.8398
            ],
            [
              10.0881,
              36.8458
            ],
            [
              10.0823,
              36.8564
            ],
            [
              10.0792,
              36.8587
            ],
            [
              10.0794,
              36.862
            ],
            [
              10.075,
              36.8644
            ],
            [
              10.0777,
              36.8694
            ],
            [
              10.0759,
              36.8703
            ],
            [
              10.0758,
              36.8724
            ],
            [
              10.0584,
              36.872
            ],
            [
              10.0474,
              36.8685
            ],
            [
              10.0457,
              36.8658
            ],
            [
              10.0413,
              36.8655
            ],
            [
              10.0383,
              36.8614
            ],
            [
              10.0375,
              36.8564
            ],
            [
              10.0252,
              36.8479
            ],
            [
              10.0199,
              36.8513
            ],
            [
              9.9893,
              36.8522
            ],
            [
              9.9837,
              36.8449
            ],
            [
              9.9809,
              36.8379
            ],
            [
              9.967,
              36.8404
            ],
            [
              9.9658,
              36.8412
            ],
            [
              9.9672,
              36.8431
            ],
            [
              9.9713,
              36.8428
            ],
            [
              9.9789,
              36.8467
            ],
            [
              9.9746,
              36.8561
            ],
            [
              9.975,
              36.8583
            ],
            [
              9.9772,
              36.859
            ],
            [
              9.9864,
              36.8568
            ],
            [
              9.9905,
              36.8577
            ],
            [
              9.993,
              36.865
            ],
            [
              9.9981,
              36.8709
            ],
            [
              9.9969,
              36.8771
            ],
            [
              10.0051,
              36.8811
            ],
            [
              10.0042,
              36.8898
            ],
            [
              10.0059,
              36.8937
            ],
            [
              10.0111,
              36.8969
            ],
            [
              10.011,
              36.8984
            ],
            [
              10.005,
              36.9116
            ],
            [
              10,
              36.9182
            ],
            [
              9.98,
              36.9265
            ],
            [
              9.9572,
              36.9176
            ],
            [
              9.9436,
              36.9147
            ],
            [
              9.9446,
              36.9194
            ],
            [
              9.9266,
              36.9525
            ],
            [
              9.9145,
              36.9496
            ],
            [
              9.8942,
              36.9518
            ],
            [
              9.8819,
              36.9557
            ],
            [
              9.8498,
              36.9586
            ],
            [
              9.8406,
              36.9647
            ],
            [
              9.8362,
              36.9644
            ],
            [
              9.8328,
              36.9661
            ],
            [
              9.83,
              36.9716
            ],
            [
              9.8252,
              36.9765
            ],
            [
              9.8232,
              36.9768
            ],
            [
              9.8229,
              36.9769
            ]
          ]
        ]
      }
    },
    {
      "type": "Feature",
      "properties": {
        "gov_id": "TN15",
        "gov_name": "Nabeul",
        "gov_name_ar": "نابل",
        "region_id": "TN1",
        "region_name": "North East",
        "source_level": "COD-AB ADM2",
        "area_sqkm": 2824.23062142,
        "center_lon": 10.67560896,
        "center_lat": 36.69743282,
        "display_name": "Nabeul",
        "display_label": "Nabeul — Governorate"
      },
      "geometry": {
        "type": "MultiPolygon",
        "coordinates": [
          [
            [
              [
                11.0485,
                37.0775
              ],
              [
                11.0471,
                37.083
              ],
              [
                11.036,
                37.0893
              ],
              [
                11.0365,
                37.0836
              ],
              [
                11.0393,
                37.0807
              ],
              [
                11.0391,
                37.0781
              ],
              [
                11.0236,
                37.0721
              ],
              [
                11.0199,
                37.0677
              ],
              [
                10.9871,
                37.0578
              ],
              [
                10.9745,
                37.0499
              ],
              [
                10.9676,
                37.0503
              ],
              [
                10.9651,
                37.0528
              ],
              [
                10.9597,
                37.0519
              ],
              [
                10.9533,
                37.054
              ],
              [
                10.9385,
                37.0504
              ],
              [
                10.935,
                37.0529
              ],
              [
                10.9268,
                37.05
              ],
              [
                10.9266,
                37.0474
              ],
              [
                10.925,
                37.0465
              ],
              [
                10.9132,
                37.0463
              ],
              [
                10.9085,
                37.05
              ],
              [
                10.9054,
                37.0441
              ],
              [
                10.9083,
                37.0414
              ],
              [
                10.9095,
                37.0332
              ],
              [
                10.905,
                37.0283
              ],
              [
                10.9133,
                37.0237
              ],
              [
                10.9138,
                37.012
              ],
              [
                10.9117,
                37.0087
              ],
              [
                10.9021,
                37.0102
              ],
              [
                10.8944,
                37.0032
              ],
              [
                10.891,
                36.9965
              ],
              [
                10.8746,
                36.9824
              ],
              [
                10.8728,
                36.9774
              ],
              [
                10.8668,
                36.9768
              ],
              [
                10.8577,
                36.9714
              ],
              [
                10.8546,
                36.9678
              ],
              [
                10.8411,
                36.961
              ],
              [
                10.838,
                36.9573
              ],
              [
                10.827,
                36.9519
              ],
              [
                10.8224,
                36.9513
              ],
              [
                10.821,
                36.9475
              ],
              [
                10.7936,
                36.9354
              ],
              [
                10.7643,
                36.9089
              ],
              [
                10.7231,
                36.8868
              ],
              [
                10.7017,
                36.8801
              ],
              [
                10.686,
                36.8789
              ],
              [
                10.6837,
                36.8774
              ],
              [
                10.666,
                36.8807
              ],
              [
                10.6613,
                36.8844
              ],
              [
                10.6553,
                36.8836
              ],
              [
                10.6497,
                36.8806
              ],
              [
                10.6477,
                36.8816
              ],
              [
                10.6249,
                36.8761
              ],
              [
                10.6193,
                36.881
              ],
              [
                10.6095,
                36.8818
              ],
              [
                10.6118,
                36.8743
              ],
              [
                10.6041,
                36.8703
              ],
              [
                10.6001,
                36.8655
              ],
              [
                10.5849,
                36.8626
              ],
              [
                10.5796,
                36.8481
              ],
              [
                10.5759,
                36.8451
              ],
              [
                10.5738,
                36.845
              ],
              [
                10.5726,
                36.8467
              ],
              [
                10.5692,
                36.8416
              ],
              [
                10.5682,
                36.8286
              ],
              [
                10.5634,
                36.8127
              ],
              [
                10.5625,
                36.8022
              ],
              [
                10.5592,
                36.7951
              ],
              [
                10.5559,
                36.7924
              ],
              [
                10.5535,
                36.7768
              ],
              [
                10.5484,
                36.7684
              ],
              [
                10.54,
                36.7643
              ],
              [
                10.5363,
                36.7569
              ],
              [
                10.5143,
                36.7476
              ],
              [
                10.482,
                36.7407
              ],
              [
                10.4615,
                36.7294
              ],
              [
                10.4174,
                36.7162
              ],
              [
                10.4187,
                36.7147
              ],
              [
                10.4178,
                36.7124
              ],
              [
                10.413,
                36.7109
              ],
              [
                10.4048,
                36.7022
              ],
              [
                10.402,
                36.7014
              ],
              [
                10.3961,
                36.6952
              ],
              [
                10.3976,
                36.6938
              ],
              [
                10.3975,
                36.6903
              ],
              [
                10.395,
                36.6854
              ],
              [
                10.3993,
                36.6822
              ],
              [
                10.3997,
                36.679
              ],
              [
                10.4034,
                36.6792
              ],
              [
                10.4015,
                36.6766
              ],
              [
                10.4032,
                36.6754
              ],
              [
                10.4012,
                36.6753
              ],
              [
                10.3998,
                36.6716
              ],
              [
                10.398,
                36.673
              ],
              [
                10.396,
                36.6723
              ],
              [
                10.3933,
                36.6694
              ],
              [
                10.3945,
                36.6684
              ],
              [
                10.3924,
                36.6659
              ],
              [
                10.393,
                36.6645
              ],
              [
                10.3888,
                36.6606
              ],
              [
                10.391,
                36.6583
              ],
              [
                10.3888,
                36.6556
              ],
              [
                10.3911,
                36.6543
              ],
              [
                10.3887,
                36.6528
              ],
              [
                10.3901,
                36.652
              ],
              [
                10.3884,
                36.6507
              ],
              [
                10.3897,
                36.6486
              ],
              [
                10.3882,
                36.6476
              ],
              [
                10.389,
                36.6451
              ],
              [
                10.3865,
                36.6445
              ],
              [
                10.3867,
                36.6428
              ],
              [
                10.3852,
                36.6459
              ],
              [
                10.3826,
                36.6467
              ],
              [
                10.3788,
                36.6453
              ],
              [
                10.3765,
                36.6473
              ],
              [
                10.366,
                36.6461
              ],
              [
                10.3721,
                36.6443
              ],
              [
                10.377,
                36.6395
              ],
              [
                10.3731,
                36.6364
              ],
              [
                10.3745,
                36.6229
              ],
              [
                10.3713,
                36.6198
              ],
              [
                10.3674,
                36.6111
              ],
              [
                10.3596,
                36.6033
              ],
              [
                10.3466,
                36.5944
              ],
              [
                10.342,
                36.584
              ],
              [
                10.3356,
                36.577
              ],
              [
                10.3433,
                36.5766
              ],
              [
                10.3493,
                36.5805
              ],
              [
                10.3623,
                36.5825
              ],
              [
                10.3696,
                36.5736
              ],
              [
                10.3787,
                36.5676
              ],
              [
                10.3813,
                36.5606
              ],
              [
                10.3812,
                36.5586
              ],
              [
                10.3794,
                36.5582
              ],
              [
                10.3799,
                36.5533
              ],
              [
                10.3782,
                36.5497
              ],
              [
                10.3716,
                36.545
              ],
              [
                10.3596,
                36.5409
              ],
              [
                10.3503,
                36.5312
              ],
              [
                10.3497,
                36.528
              ],
              [
                10.3545,
                36.5165
              ],
              [
                10.3448,
                36.5137
              ],
              [
                10.3424,
                36.5046
              ],
              [
                10.3439,
                36.4945
              ],
              [
                10.3516,
                36.4886
              ],
              [
                10.356,
                36.4901
              ],
              [
                10.3574,
                36.4844
              ],
              [
                10.3575,
                36.4825
              ],
              [
                10.3546,
                36.4794
              ],
              [
                10.3564,
                36.4779
              ],
              [
                10.3551,
                36.4616
              ],
              [
                10.3539,
                36.4607
              ],
              [
                10.355,
                36.4594
              ],
              [
                10.3519,
                36.4581
              ],
              [
                10.3516,
                36.4524
              ],
              [
                10.3573,
                36.4457
              ],
              [
                10.3532,
                36.4333
              ],
              [
                10.3517,
                36.4204
              ],
              [
                10.354,
                36.4139
              ],
              [
                10.359,
                36.4096
              ],
              [
                10.3579,
                36.4077
              ],
              [
                10.3599,
                36.3965
              ],
              [
                10.3659,
                36.3943
              ],
              [
                10.3632,
                36.3902
              ],
              [
                10.3602,
                36.3899
              ],
              [
                10.3601,
                36.3879
              ],
              [
                10.3584,
                36.3876
              ],
              [
                10.3711,
                36.3801
              ],
              [
                10.3725,
                36.3774
              ],
              [
                10.3724,
                36.3671
              ],
              [
                10.3797,
                36.3738
              ],
              [
                10.3814,
                36.3771
              ],
              [
                10.3781,
                36.3817
              ],
              [
                10.3812,
                36.383
              ],
              [
                10.3846,
                36.3827
              ],
              [
                10.3884,
                36.3796
              ],
              [
                10.3926,
                36.3793
              ],
              [
                10.3932,
                36.3809
              ],
              [
                10.4015,
                36.3779
              ],
              [
                10.4163,
                36.3794
              ],
              [
                10.4571,
                36.3663
              ],
              [
                10.4624,
                36.3699
              ],
              [
                10.4657,
                36.3703
              ],
              [
                10.4803,
                36.3599
              ],
              [
                10.4962,
                36.3773
              ],
              [
                10.5064,
                36.3917
              ],
              [
                10.5318,
                36.3704
              ],
              [
                10.5135,
                36.3416
              ],
              [
                10.4961,
                36.3242
              ],
              [
                10.4951,
                36.3189
              ],
              [
                10.4898,
                36.3146
              ],
              [
                10.4935,
                36.309
              ],
              [
                10.5042,
                36.3057
              ],
              [
                10.5165,
                36.3319
              ],
              [
                10.5291,
                36.353
              ],
              [
                10.5528,
                36.3823
              ],
              [
                10.5722,
                36.3969
              ],
              [
                10.5876,
                36.402
              ],
              [
                10.6002,
                36.4029
              ],
              [
                10.6118,
                36.397
              ],
              [
                10.6114,
                36.3936
              ],
              [
                10.6138,
                36.3914
              ],
              [
                10.6334,
                36.4004
              ],
              [
                10.6391,
                36.4011
              ],
              [
                10.647,
                36.4049
              ],
              [
                10.6564,
                36.4056
              ],
              [
                10.6725,
                36.4208
              ],
              [
                10.7007,
                36.4307
              ],
              [
                10.7164,
                36.4383
              ],
              [
                10.7257,
                36.4407
              ],
              [
                10.749,
                36.4422
              ],
              [
                10.7655,
                36.4501
              ],
              [
                10.7767,
                36.4501
              ],
              [
                10.7861,
                36.454
              ],
              [
                10.7933,
                36.4513
              ],
              [
                10.798,
                36.4554
              ],
              [
                10.8079,
                36.4568
              ],
              [
                10.8244,
                36.486
              ],
              [
                10.8304,
                36.4939
              ],
              [
                10.8415,
                36.5235
              ],
              [
                10.875,
                36.5853
              ],
              [
                10.9078,
                36.6335
              ],
              [
                10.9185,
                36.6529
              ],
              [
                10.9384,
                36.6808
              ],
              [
                10.9584,
                36.7051
              ],
              [
                10.9715,
                36.7255
              ],
              [
                11.0099,
                36.7728
              ],
              [
                11.033,
                36.7968
              ],
              [
                11.0573,
                36.8135
              ],
              [
                11.0978,
                36.8354
              ],
              [
                11.1074,
                36.8372
              ],
              [
                11.1165,
                36.8328
              ],
              [
                11.1262,
                36.8492
              ],
              [
                11.1259,
                36.8519
              ],
              [
                11.1286,
                36.8553
              ],
              [
                11.1365,
                36.8748
              ],
              [
                11.1177,
                36.8891
              ],
              [
                11.1081,
                36.9007
              ],
              [
                11.1061,
                36.9064
              ],
              [
                11.1063,
                36.9139
              ],
              [
                11.1019,
                36.9258
              ],
              [
                11.1002,
                36.9472
              ],
              [
                11.0964,
                36.9578
              ],
              [
                11.0932,
                36.9638
              ],
              [
                11.0812,
                36.9773
              ],
              [
                11.0797,
                36.9814
              ],
              [
                11.0718,
                36.989
              ],
              [
                11.0621,
                37.002
              ],
              [
                11.0582,
                37.0157
              ],
              [
                11.0581,
                37.0316
              ],
              [
                11.0634,
                37.0417
              ],
              [
                11.0735,
                37.0442
              ],
              [
                11.0741,
                37.0516
              ],
              [
                11.0604,
                37.0637
              ],
              [
                11.0614,
                37.0692
              ],
              [
                11.0567,
                37.0756
              ],
              [
                11.0501,
                37.0771
              ],
              [
                11.0485,
                37.0775
              ]
            ]
          ],
          [
            [
              [
                10.5227,
                36.7652
              ],
              [
                10.5222,
                36.766
              ],
              [
                10.5209,
                36.7651
              ],
              [
                10.522,
                36.7647
              ],
              [
                10.5227,
                36.7652
              ]
            ]
          ],
          [
            [
              [
                10.5272,
                36.7721
              ],
              [
                10.5278,
                36.7728
              ],
              [
                10.5272,
                36.7734
              ],
              [
                10.5262,
                36.7735
              ],
              [
                10.5255,
                36.7729
              ],
              [
                10.5246,
                36.772
              ],
              [
                10.5264,
                36.7719
              ],
              [
                10.5272,
                36.7721
              ]
            ]
          ],
          [
            [
              [
                10.5204,
                36.7726
              ],
              [
                10.5213,
                36.7732
              ],
              [
                10.522,
                36.774
              ],
              [
                10.5216,
                36.7749
              ],
              [
                10.5204,
                36.7754
              ],
              [
                10.5193,
                36.7754
              ],
              [
                10.5178,
                36.7747
              ],
              [
                10.5178,
                36.7737
              ],
              [
                10.5188,
                36.7725
              ],
              [
                10.5204,
                36.7726
              ]
            ]
          ],
          [
            [
              [
                10.5346,
                36.7753
              ],
              [
                10.5345,
                36.7763
              ],
              [
                10.5336,
                36.7773
              ],
              [
                10.5325,
                36.7774
              ],
              [
                10.5336,
                36.775
              ],
              [
                10.5346,
                36.7753
              ]
            ]
          ],
          [
            [
              [
                10.5366,
                36.7777
              ],
              [
                10.5355,
                36.7783
              ],
              [
                10.5355,
                36.7773
              ],
              [
                10.5366,
                36.7777
              ]
            ]
          ],
          [
            [
              [
                10.5413,
                36.7789
              ],
              [
                10.5403,
                36.7795
              ],
              [
                10.5403,
                36.7785
              ],
              [
                10.5413,
                36.7789
              ]
            ]
          ],
          [
            [
              [
                10.8772,
                37.1053
              ],
              [
                10.8769,
                37.106
              ],
              [
                10.8737,
                37.1077
              ],
              [
                10.8726,
                37.1072
              ],
              [
                10.8724,
                37.1063
              ],
              [
                10.8732,
                37.1055
              ],
              [
                10.8754,
                37.1052
              ],
              [
                10.8772,
                37.1053
              ]
            ]
          ],
          [
            [
              [
                10.8131,
                37.1183
              ],
              [
                10.8188,
                37.1211
              ],
              [
                10.8191,
                37.1243
              ],
              [
                10.8098,
                37.1329
              ],
              [
                10.805,
                37.1419
              ],
              [
                10.8028,
                37.1356
              ],
              [
                10.7936,
                37.1286
              ],
              [
                10.7912,
                37.1248
              ],
              [
                10.792,
                37.1192
              ],
              [
                10.7953,
                37.1174
              ],
              [
                10.807,
                37.1177
              ],
              [
                10.8131,
                37.1183
              ]
            ]
          ]
        ]
      }
    },
    {
      "type": "Feature",
      "properties": {
        "gov_id": "TN16",
        "gov_name": "Zaghouan",
        "gov_name_ar": "زغوان",
        "region_id": "TN1",
        "region_name": "North East",
        "source_level": "COD-AB ADM2",
        "area_sqkm": 2837.57569542,
        "center_lon": 10.04690955,
        "center_lat": 36.33172852,
        "display_name": "Zaghouan",
        "display_label": "Zaghouan — Governorate"
      },
      "geometry": {
        "type": "Polygon",
        "coordinates": [
          [
            [
              10.0349,
              36.6402
            ],
            [
              10.0244,
              36.647
            ],
            [
              10.024,
              36.6499
            ],
            [
              10.0287,
              36.6547
            ],
            [
              10.0247,
              36.6594
            ],
            [
              10.0175,
              36.6631
            ],
            [
              10.0151,
              36.6589
            ],
            [
              9.9986,
              36.6442
            ],
            [
              9.9985,
              36.6403
            ],
            [
              9.9968,
              36.6398
            ],
            [
              9.9928,
              36.631
            ],
            [
              9.9885,
              36.6288
            ],
            [
              9.9839,
              36.621
            ],
            [
              9.981,
              36.6208
            ],
            [
              9.9823,
              36.6198
            ],
            [
              9.9807,
              36.6201
            ],
            [
              9.9806,
              36.6174
            ],
            [
              9.9679,
              36.616
            ],
            [
              9.9555,
              36.6113
            ],
            [
              9.9547,
              36.6085
            ],
            [
              9.9501,
              36.6068
            ],
            [
              9.9486,
              36.6032
            ],
            [
              9.9427,
              36.6002
            ],
            [
              9.9379,
              36.5946
            ],
            [
              9.9353,
              36.5841
            ],
            [
              9.9284,
              36.5822
            ],
            [
              9.9288,
              36.5809
            ],
            [
              9.9127,
              36.5662
            ],
            [
              9.9047,
              36.5548
            ],
            [
              9.893,
              36.5721
            ],
            [
              9.874,
              36.5756
            ],
            [
              9.8638,
              36.575
            ],
            [
              9.8459,
              36.5703
            ],
            [
              9.838,
              36.565
            ],
            [
              9.8234,
              36.5634
            ],
            [
              9.8209,
              36.561
            ],
            [
              9.8238,
              36.5527
            ],
            [
              9.8182,
              36.5324
            ],
            [
              9.8195,
              36.5218
            ],
            [
              9.8079,
              36.5172
            ],
            [
              9.7879,
              36.503
            ],
            [
              9.7821,
              36.4974
            ],
            [
              9.7757,
              36.4874
            ],
            [
              9.7712,
              36.4884
            ],
            [
              9.7681,
              36.4856
            ],
            [
              9.7594,
              36.4889
            ],
            [
              9.7517,
              36.4778
            ],
            [
              9.7432,
              36.4752
            ],
            [
              9.7329,
              36.4696
            ],
            [
              9.7399,
              36.4658
            ],
            [
              9.7357,
              36.4617
            ],
            [
              9.7463,
              36.4312
            ],
            [
              9.7436,
              36.4241
            ],
            [
              9.7446,
              36.4174
            ],
            [
              9.753,
              36.4044
            ],
            [
              9.7575,
              36.3877
            ],
            [
              9.7663,
              36.381
            ],
            [
              9.7543,
              36.3743
            ],
            [
              9.7559,
              36.3633
            ],
            [
              9.7544,
              36.3556
            ],
            [
              9.7372,
              36.35
            ],
            [
              9.7268,
              36.349
            ],
            [
              9.7236,
              36.3463
            ],
            [
              9.7152,
              36.3299
            ],
            [
              9.716,
              36.3268
            ],
            [
              9.7224,
              36.3229
            ],
            [
              9.7213,
              36.3137
            ],
            [
              9.7197,
              36.3119
            ],
            [
              9.7156,
              36.3116
            ],
            [
              9.7036,
              36.302
            ],
            [
              9.696,
              36.2999
            ],
            [
              9.6952,
              36.2984
            ],
            [
              9.6863,
              36.2995
            ],
            [
              9.6785,
              36.2947
            ],
            [
              9.6766,
              36.2913
            ],
            [
              9.6715,
              36.2894
            ],
            [
              9.6621,
              36.2903
            ],
            [
              9.6446,
              36.289
            ],
            [
              9.638,
              36.291
            ],
            [
              9.6341,
              36.2863
            ],
            [
              9.6217,
              36.2808
            ],
            [
              9.6132,
              36.2725
            ],
            [
              9.6089,
              36.271
            ],
            [
              9.6032,
              36.2716
            ],
            [
              9.6014,
              36.2675
            ],
            [
              9.5933,
              36.2633
            ],
            [
              9.5958,
              36.2609
            ],
            [
              9.5946,
              36.257
            ],
            [
              9.5965,
              36.252
            ],
            [
              9.6013,
              36.2492
            ],
            [
              9.6041,
              36.2507
            ],
            [
              9.6148,
              36.2434
            ],
            [
              9.6235,
              36.2446
            ],
            [
              9.6259,
              36.2413
            ],
            [
              9.6398,
              36.2385
            ],
            [
              9.6448,
              36.2411
            ],
            [
              9.6457,
              36.2439
            ],
            [
              9.6487,
              36.2414
            ],
            [
              9.6511,
              36.2377
            ],
            [
              9.6479,
              36.2303
            ],
            [
              9.6498,
              36.2266
            ],
            [
              9.6476,
              36.2192
            ],
            [
              9.6482,
              36.2152
            ],
            [
              9.6553,
              36.2172
            ],
            [
              9.6619,
              36.2235
            ],
            [
              9.6744,
              36.2275
            ],
            [
              9.679,
              36.2253
            ],
            [
              9.6854,
              36.2249
            ],
            [
              9.6996,
              36.216
            ],
            [
              9.6993,
              36.2103
            ],
            [
              9.7123,
              36.2022
            ],
            [
              9.716,
              36.2012
            ],
            [
              9.7207,
              36.205
            ],
            [
              9.7261,
              36.2064
            ],
            [
              9.7283,
              36.1996
            ],
            [
              9.7379,
              36.1954
            ],
            [
              9.7437,
              36.1899
            ],
            [
              9.7447,
              36.1811
            ],
            [
              9.7421,
              36.1764
            ],
            [
              9.7432,
              36.1736
            ],
            [
              9.7369,
              36.1669
            ],
            [
              9.74,
              36.164
            ],
            [
              9.7443,
              36.1632
            ],
            [
              9.7489,
              36.1599
            ],
            [
              9.7495,
              36.1559
            ],
            [
              9.7607,
              36.152
            ],
            [
              9.7696,
              36.1444
            ],
            [
              9.7667,
              36.1394
            ],
            [
              9.7687,
              36.1352
            ],
            [
              9.7637,
              36.131
            ],
            [
              9.7603,
              36.1176
            ],
            [
              9.7578,
              36.1152
            ],
            [
              9.7583,
              36.1129
            ],
            [
              9.7644,
              36.1081
            ],
            [
              9.7705,
              36.1066
            ],
            [
              9.7779,
              36.1024
            ],
            [
              9.7853,
              36.1066
            ],
            [
              9.7867,
              36.1027
            ],
            [
              9.7914,
              36.1034
            ],
            [
              9.7913,
              36.1004
            ],
            [
              9.7961,
              36.1007
            ],
            [
              9.8102,
              36.1083
            ],
            [
              9.8139,
              36.0992
            ],
            [
              9.8193,
              36.0913
            ],
            [
              9.8283,
              36.0561
            ],
            [
              9.8404,
              36.0668
            ],
            [
              9.8434,
              36.0739
            ],
            [
              9.8721,
              36.0755
            ],
            [
              9.8748,
              36.0739
            ],
            [
              9.8779,
              36.0753
            ],
            [
              9.8818,
              36.0691
            ],
            [
              9.8909,
              36.0682
            ],
            [
              9.8922,
              36.0645
            ],
            [
              9.8961,
              36.0628
            ],
            [
              9.8929,
              36.0576
            ],
            [
              9.8952,
              36.0546
            ],
            [
              9.8945,
              36.0474
            ],
            [
              9.8985,
              36.0458
            ],
            [
              9.9013,
              36.0426
            ],
            [
              9.9047,
              36.0436
            ],
            [
              9.9118,
              36.0413
            ],
            [
              9.9191,
              36.0438
            ],
            [
              9.9201,
              36.042
            ],
            [
              9.9232,
              36.042
            ],
            [
              9.9287,
              36.0431
            ],
            [
              9.9362,
              36.0473
            ],
            [
              9.9399,
              36.0466
            ],
            [
              9.9424,
              36.0433
            ],
            [
              9.9528,
              36.0431
            ],
            [
              9.9541,
              36.0419
            ],
            [
              9.9532,
              36.0391
            ],
            [
              9.9554,
              36.0387
            ],
            [
              9.9599,
              36.0441
            ],
            [
              9.9633,
              36.0454
            ],
            [
              9.9681,
              36.044
            ],
            [
              9.9688,
              36.0491
            ],
            [
              9.9733,
              36.0498
            ],
            [
              9.9735,
              36.0428
            ],
            [
              9.9755,
              36.0389
            ],
            [
              9.9891,
              36.0381
            ],
            [
              9.9955,
              36.0351
            ],
            [
              10.0052,
              36.0267
            ],
            [
              10.0055,
              36.0208
            ],
            [
              10.0102,
              36.0172
            ],
            [
              10.0108,
              36.0123
            ],
            [
              10.0132,
              36.0115
            ],
            [
              10.0162,
              36.0154
            ],
            [
              10.0203,
              36.0159
            ],
            [
              10.0255,
              36.0089
            ],
            [
              10.0338,
              36.006
            ],
            [
              10.0402,
              36.0012
            ],
            [
              10.0443,
              36.0006
            ],
            [
              10.0625,
              36.0331
            ],
            [
              10.065,
              36.0433
            ],
            [
              10.0593,
              36.0641
            ],
            [
              10.0608,
              36.0794
            ],
            [
              10.0582,
              36.1061
            ],
            [
              10.0599,
              36.1052
            ],
            [
              10.0598,
              36.1005
            ],
            [
              10.0627,
              36.1004
            ],
            [
              10.0643,
              36.0979
            ],
            [
              10.0649,
              36.0871
            ],
            [
              10.0701,
              36.0849
            ],
            [
              10.0693,
              36.0813
            ],
            [
              10.0717,
              36.0786
            ],
            [
              10.0792,
              36.0747
            ],
            [
              10.1277,
              36.084
            ],
            [
              10.1375,
              36.0811
            ],
            [
              10.1368,
              36.0921
            ],
            [
              10.1344,
              36.0941
            ],
            [
              10.1349,
              36.0971
            ],
            [
              10.1282,
              36.0999
            ],
            [
              10.1258,
              36.1064
            ],
            [
              10.1272,
              36.1099
            ],
            [
              10.1263,
              36.1114
            ],
            [
              10.1366,
              36.1175
            ],
            [
              10.1376,
              36.1232
            ],
            [
              10.1432,
              36.1225
            ],
            [
              10.1498,
              36.1303
            ],
            [
              10.1663,
              36.1343
            ],
            [
              10.1741,
              36.1382
            ],
            [
              10.1819,
              36.138
            ],
            [
              10.1813,
              36.1511
            ],
            [
              10.1834,
              36.1535
            ],
            [
              10.1824,
              36.1564
            ],
            [
              10.1836,
              36.1577
            ],
            [
              10.191,
              36.1587
            ],
            [
              10.2008,
              36.1564
            ],
            [
              10.2145,
              36.1616
            ],
            [
              10.2199,
              36.1607
            ],
            [
              10.233,
              36.1668
            ],
            [
              10.2425,
              36.1537
            ],
            [
              10.2471,
              36.1568
            ],
            [
              10.2565,
              36.1592
            ],
            [
              10.2641,
              36.1668
            ],
            [
              10.2675,
              36.173
            ],
            [
              10.2556,
              36.1961
            ],
            [
              10.2624,
              36.2024
            ],
            [
              10.2673,
              36.2116
            ],
            [
              10.2615,
              36.2143
            ],
            [
              10.2549,
              36.2229
            ],
            [
              10.2793,
              36.2341
            ],
            [
              10.2816,
              36.2439
            ],
            [
              10.2912,
              36.2361
            ],
            [
              10.31,
              36.2359
            ],
            [
              10.3184,
              36.2282
            ],
            [
              10.3374,
              36.2269
            ],
            [
              10.3402,
              36.2307
            ],
            [
              10.3472,
              36.2355
            ],
            [
              10.3717,
              36.2408
            ],
            [
              10.3795,
              36.2476
            ],
            [
              10.3859,
              36.248
            ],
            [
              10.3838,
              36.258
            ],
            [
              10.3853,
              36.2644
            ],
            [
              10.3829,
              36.2667
            ],
            [
              10.3656,
              36.2688
            ],
            [
              10.3623,
              36.2719
            ],
            [
              10.358,
              36.2811
            ],
            [
              10.3586,
              36.2835
            ],
            [
              10.3606,
              36.284
            ],
            [
              10.3714,
              36.2801
            ],
            [
              10.3761,
              36.2824
            ],
            [
              10.3785,
              36.2867
            ],
            [
              10.3763,
              36.2921
            ],
            [
              10.3775,
              36.2954
            ],
            [
              10.3743,
              36.2963
            ],
            [
              10.382,
              36.3008
            ],
            [
              10.3806,
              36.3106
            ],
            [
              10.3774,
              36.313
            ],
            [
              10.3818,
              36.3211
            ],
            [
              10.3856,
              36.3241
            ],
            [
              10.3818,
              36.3286
            ],
            [
              10.3799,
              36.3279
            ],
            [
              10.3777,
              36.3321
            ],
            [
              10.3691,
              36.3407
            ],
            [
              10.3718,
              36.3456
            ],
            [
              10.3716,
              36.3514
            ],
            [
              10.3768,
              36.3516
            ],
            [
              10.3801,
              36.3591
            ],
            [
              10.3728,
              36.3639
            ],
            [
              10.3725,
              36.3774
            ],
            [
              10.3711,
              36.3801
            ],
            [
              10.3584,
              36.3876
            ],
            [
              10.3601,
              36.3879
            ],
            [
              10.3602,
              36.3899
            ],
            [
              10.3632,
              36.3902
            ],
            [
              10.3659,
              36.3943
            ],
            [
              10.3599,
              36.3965
            ],
            [
              10.3579,
              36.4077
            ],
            [
              10.359,
              36.4096
            ],
            [
              10.354,
              36.4139
            ],
            [
              10.3517,
              36.4204
            ],
            [
              10.3532,
              36.4333
            ],
            [
              10.3573,
              36.4457
            ],
            [
              10.3516,
              36.4524
            ],
            [
              10.3519,
              36.4581
            ],
            [
              10.355,
              36.4594
            ],
            [
              10.3539,
              36.4607
            ],
            [
              10.3551,
              36.4616
            ],
            [
              10.3564,
              36.4779
            ],
            [
              10.3546,
              36.4794
            ],
            [
              10.3575,
              36.4825
            ],
            [
              10.356,
              36.4901
            ],
            [
              10.3192,
              36.4747
            ],
            [
              10.2873,
              36.4647
            ],
            [
              10.2857,
              36.4621
            ],
            [
              10.2775,
              36.4583
            ],
            [
              10.2812,
              36.453
            ],
            [
              10.2787,
              36.4512
            ],
            [
              10.2796,
              36.4462
            ],
            [
              10.2644,
              36.4541
            ],
            [
              10.2592,
              36.4487
            ],
            [
              10.2546,
              36.448
            ],
            [
              10.2497,
              36.4494
            ],
            [
              10.2464,
              36.4547
            ],
            [
              10.2477,
              36.4609
            ],
            [
              10.2466,
              36.4626
            ],
            [
              10.2537,
              36.4668
            ],
            [
              10.2524,
              36.4705
            ],
            [
              10.2551,
              36.4727
            ],
            [
              10.2616,
              36.4871
            ],
            [
              10.2636,
              36.4881
            ],
            [
              10.2664,
              36.4973
            ],
            [
              10.2683,
              36.498
            ],
            [
              10.2708,
              36.5034
            ],
            [
              10.2622,
              36.5059
            ],
            [
              10.2523,
              36.5036
            ],
            [
              10.2428,
              36.5066
            ],
            [
              10.2162,
              36.5219
            ],
            [
              10.2063,
              36.5254
            ],
            [
              10.2025,
              36.5237
            ],
            [
              10.1985,
              36.5243
            ],
            [
              10.1937,
              36.5187
            ],
            [
              10.1849,
              36.5217
            ],
            [
              10.1842,
              36.5248
            ],
            [
              10.1766,
              36.5285
            ],
            [
              10.1755,
              36.5314
            ],
            [
              10.172,
              36.5314
            ],
            [
              10.1686,
              36.5339
            ],
            [
              10.1654,
              36.5402
            ],
            [
              10.1662,
              36.5465
            ],
            [
              10.1549,
              36.5504
            ],
            [
              10.1548,
              36.5552
            ],
            [
              10.1504,
              36.5639
            ],
            [
              10.1512,
              36.5697
            ],
            [
              10.1439,
              36.5667
            ],
            [
              10.1466,
              36.5913
            ],
            [
              10.1456,
              36.6003
            ],
            [
              10.1429,
              36.6023
            ],
            [
              10.1399,
              36.6009
            ],
            [
              10.1277,
              36.5929
            ],
            [
              10.1227,
              36.5916
            ],
            [
              10.1139,
              36.5857
            ],
            [
              10.1102,
              36.5852
            ],
            [
              10.1083,
              36.582
            ],
            [
              10.0997,
              36.5853
            ],
            [
              10.0888,
              36.5942
            ],
            [
              10.0866,
              36.5987
            ],
            [
              10.0624,
              36.6064
            ],
            [
              10.0588,
              36.6095
            ],
            [
              10.0525,
              36.6004
            ],
            [
              10.0481,
              36.6043
            ],
            [
              10.0465,
              36.6089
            ],
            [
              10.0476,
              36.6162
            ],
            [
              10.0436,
              36.619
            ],
            [
              10.0442,
              36.6214
            ],
            [
              10.0372,
              36.6293
            ],
            [
              10.0354,
              36.6397
            ],
            [
              10.0349,
              36.6402
            ]
          ]
        ]
      }
    },
    {
      "type": "Feature",
      "properties": {
        "gov_id": "TN17",
        "gov_name": "Bizerte",
        "gov_name_ar": "بنزرت",
        "region_id": "TN1",
        "region_name": "North East",
        "source_level": "COD-AB ADM2",
        "area_sqkm": 3608.34197219,
        "center_lon": 9.6392857,
        "center_lat": 37.03535965,
        "display_name": "Bizerte",
        "display_label": "Bizerte — Governorate"
      },
      "geometry": {
        "type": "MultiPolygon",
        "coordinates": [
          [
            [
              [
                9.7462,
                37.3455
              ],
              [
                9.7425,
                37.3468
              ],
              [
                9.7188,
                37.3375
              ],
              [
                9.7014,
                37.3343
              ],
              [
                9.6873,
                37.3386
              ],
              [
                9.6853,
                37.3359
              ],
              [
                9.6722,
                37.3366
              ],
              [
                9.6678,
                37.3399
              ],
              [
                9.6623,
                37.3351
              ],
              [
                9.6541,
                37.3347
              ],
              [
                9.635,
                37.3205
              ],
              [
                9.5895,
                37.2966
              ],
              [
                9.5738,
                37.294
              ],
              [
                9.5623,
                37.3056
              ],
              [
                9.5418,
                37.2982
              ],
              [
                9.5302,
                37.2963
              ],
              [
                9.5033,
                37.2797
              ],
              [
                9.4775,
                37.2695
              ],
              [
                9.4566,
                37.2635
              ],
              [
                9.4327,
                37.2697
              ],
              [
                9.4084,
                37.2696
              ],
              [
                9.401,
                37.2648
              ],
              [
                9.3883,
                37.2638
              ],
              [
                9.3894,
                37.26
              ],
              [
                9.387,
                37.258
              ],
              [
                9.3622,
                37.243
              ],
              [
                9.3561,
                37.2435
              ],
              [
                9.3361,
                37.233
              ],
              [
                9.3291,
                37.231
              ],
              [
                9.3219,
                37.2322
              ],
              [
                9.2989,
                37.2315
              ],
              [
                9.2666,
                37.2195
              ],
              [
                9.2592,
                37.2203
              ],
              [
                9.2548,
                37.2165
              ],
              [
                9.2342,
                37.2168
              ],
              [
                9.2255,
                37.2184
              ],
              [
                9.2232,
                37.2202
              ],
              [
                9.2227,
                37.2275
              ],
              [
                9.2189,
                37.2286
              ],
              [
                9.2174,
                37.2356
              ],
              [
                9.2191,
                37.2391
              ],
              [
                9.217,
                37.2406
              ],
              [
                9.1902,
                37.2242
              ],
              [
                9.1759,
                37.2084
              ],
              [
                9.1739,
                37.2036
              ],
              [
                9.171,
                37.2025
              ],
              [
                9.1694,
                37.1979
              ],
              [
                9.1629,
                37.1905
              ],
              [
                9.1522,
                37.1823
              ],
              [
                9.1387,
                37.1763
              ],
              [
                9.1327,
                37.1711
              ],
              [
                9.126,
                37.1691
              ],
              [
                9.1234,
                37.1628
              ],
              [
                9.1183,
                37.16
              ],
              [
                9.084,
                37.1573
              ],
              [
                9.0855,
                37.1489
              ],
              [
                9.0889,
                37.1413
              ],
              [
                9.0789,
                37.1392
              ],
              [
                9.0821,
                37.1354
              ],
              [
                9.0799,
                37.1311
              ],
              [
                9.0805,
                37.1277
              ],
              [
                9.0868,
                37.1241
              ],
              [
                9.0922,
                37.1245
              ],
              [
                9.0943,
                37.1217
              ],
              [
                9.1018,
                37.1236
              ],
              [
                9.1002,
                37.1201
              ],
              [
                9.1055,
                37.1231
              ],
              [
                9.1097,
                37.1231
              ],
              [
                9.1056,
                37.1166
              ],
              [
                9.0955,
                37.1151
              ],
              [
                9.0916,
                37.1125
              ],
              [
                9.0919,
                37.1071
              ],
              [
                9.0886,
                37.1062
              ],
              [
                9.0825,
                37.099
              ],
              [
                9.0796,
                37.0978
              ],
              [
                9.0743,
                37.086
              ],
              [
                9.0745,
                37.0825
              ],
              [
                9.0884,
                37.076
              ],
              [
                9.0969,
                37.0688
              ],
              [
                9.095,
                37.0653
              ],
              [
                9.0981,
                37.0585
              ],
              [
                9.1014,
                37.059
              ],
              [
                9.1031,
                37.0548
              ],
              [
                9.1023,
                37.0526
              ],
              [
                9.1075,
                37.0477
              ],
              [
                9.1197,
                37.0472
              ],
              [
                9.134,
                37.0503
              ],
              [
                9.138,
                37.049
              ],
              [
                9.145,
                37.0539
              ],
              [
                9.1573,
                37.0533
              ],
              [
                9.17,
                37.0553
              ],
              [
                9.1873,
                37.0505
              ],
              [
                9.1912,
                37.0453
              ],
              [
                9.1933,
                37.0446
              ],
              [
                9.1925,
                37.0426
              ],
              [
                9.195,
                37.0391
              ],
              [
                9.2022,
                37.034
              ],
              [
                9.2025,
                37.0302
              ],
              [
                9.2066,
                37.0279
              ],
              [
                9.2053,
                37.0253
              ],
              [
                9.2074,
                37.0228
              ],
              [
                9.2066,
                37.0188
              ],
              [
                9.2088,
                37.0161
              ],
              [
                9.2048,
                37.0103
              ],
              [
                9.2104,
                37.0074
              ],
              [
                9.2096,
                37.0058
              ],
              [
                9.2161,
                37.0031
              ],
              [
                9.2166,
                36.9952
              ],
              [
                9.2133,
                36.9854
              ],
              [
                9.2152,
                36.9823
              ],
              [
                9.2142,
                36.9779
              ],
              [
                9.2111,
                36.9738
              ],
              [
                9.2036,
                36.9702
              ],
              [
                9.2089,
                36.9681
              ],
              [
                9.2081,
                36.9669
              ],
              [
                9.21,
                36.9669
              ],
              [
                9.2116,
                36.9646
              ],
              [
                9.2141,
                36.965
              ],
              [
                9.2189,
                36.9621
              ],
              [
                9.2222,
                36.9626
              ],
              [
                9.2262,
                36.9591
              ],
              [
                9.2316,
                36.9573
              ],
              [
                9.2402,
                36.9472
              ],
              [
                9.2406,
                36.9444
              ],
              [
                9.2453,
                36.9421
              ],
              [
                9.2549,
                36.9307
              ],
              [
                9.2603,
                36.9285
              ],
              [
                9.2459,
                36.9142
              ],
              [
                9.2453,
                36.9115
              ],
              [
                9.2477,
                36.9061
              ],
              [
                9.2638,
                36.9001
              ],
              [
                9.2678,
                36.8951
              ],
              [
                9.2838,
                36.892
              ],
              [
                9.2941,
                36.8922
              ],
              [
                9.2946,
                36.8857
              ],
              [
                9.2976,
                36.8801
              ],
              [
                9.3072,
                36.8787
              ],
              [
                9.3174,
                36.8725
              ],
              [
                9.319,
                36.8734
              ],
              [
                9.3176,
                36.8755
              ],
              [
                9.3208,
                36.877
              ],
              [
                9.3192,
                36.8818
              ],
              [
                9.3217,
                36.8834
              ],
              [
                9.3251,
                36.8831
              ],
              [
                9.3278,
                36.8854
              ],
              [
                9.3319,
                36.8782
              ],
              [
                9.3401,
                36.8779
              ],
              [
                9.3433,
                36.8728
              ],
              [
                9.3574,
                36.8652
              ],
              [
                9.3604,
                36.8604
              ],
              [
                9.3758,
                36.8521
              ],
              [
                9.3842,
                36.8495
              ],
              [
                9.382,
                36.8436
              ],
              [
                9.39,
                36.8381
              ],
              [
                9.3795,
                36.8336
              ],
              [
                9.3753,
                36.8245
              ],
              [
                9.3707,
                36.8216
              ],
              [
                9.3667,
                36.8157
              ],
              [
                9.366,
                36.8119
              ],
              [
                9.364,
                36.8116
              ],
              [
                9.3587,
                36.8056
              ],
              [
                9.3595,
                36.803
              ],
              [
                9.358,
                36.8007
              ],
              [
                9.3599,
                36.8002
              ],
              [
                9.361,
                36.7952
              ],
              [
                9.3562,
                36.7925
              ],
              [
                9.3571,
                36.784
              ],
              [
                9.3492,
                36.7763
              ],
              [
                9.3493,
                36.7721
              ],
              [
                9.3449,
                36.7664
              ],
              [
                9.3509,
                36.7571
              ],
              [
                9.3552,
                36.754
              ],
              [
                9.3665,
                36.7525
              ],
              [
                9.373,
                36.7489
              ],
              [
                9.373,
                36.7474
              ],
              [
                9.3772,
                36.747
              ],
              [
                9.386,
                36.7416
              ],
              [
                9.3851,
                36.7398
              ],
              [
                9.3894,
                36.739
              ],
              [
                9.3902,
                36.7349
              ],
              [
                9.3943,
                36.7324
              ],
              [
                9.393,
                36.7311
              ],
              [
                9.3953,
                36.7313
              ],
              [
                9.4,
                36.7278
              ],
              [
                9.401,
                36.7233
              ],
              [
                9.4107,
                36.7285
              ],
              [
                9.4105,
                36.7297
              ],
              [
                9.4126,
                36.729
              ],
              [
                9.4195,
                36.7332
              ],
              [
                9.4223,
                36.7321
              ],
              [
                9.4274,
                36.7329
              ],
              [
                9.4309,
                36.7367
              ],
              [
                9.4326,
                36.7455
              ],
              [
                9.4374,
                36.7475
              ],
              [
                9.4487,
                36.7594
              ],
              [
                9.4589,
                36.764
              ],
              [
                9.4757,
                36.7669
              ],
              [
                9.4838,
                36.7719
              ],
              [
                9.4868,
                36.7763
              ],
              [
                9.4958,
                36.778
              ],
              [
                9.5072,
                36.7859
              ],
              [
                9.5164,
                36.7872
              ],
              [
                9.517,
                36.8009
              ],
              [
                9.5261,
                36.8105
              ],
              [
                9.529,
                36.8187
              ],
              [
                9.5416,
                36.8239
              ],
              [
                9.5418,
                36.8254
              ],
              [
                9.5565,
                36.8328
              ],
              [
                9.5592,
                36.8351
              ],
              [
                9.5591,
                36.8378
              ],
              [
                9.5658,
                36.8411
              ],
              [
                9.5753,
                36.8516
              ],
              [
                9.5819,
                36.8548
              ],
              [
                9.5914,
                36.8577
              ],
              [
                9.5949,
                36.8571
              ],
              [
                9.615,
                36.8663
              ],
              [
                9.6255,
                36.8677
              ],
              [
                9.6272,
                36.8674
              ],
              [
                9.6307,
                36.8563
              ],
              [
                9.6348,
                36.857
              ],
              [
                9.6354,
                36.8615
              ],
              [
                9.6418,
                36.863
              ],
              [
                9.645,
                36.862
              ],
              [
                9.648,
                36.8648
              ],
              [
                9.6528,
                36.865
              ],
              [
                9.6557,
                36.8674
              ],
              [
                9.6547,
                36.8724
              ],
              [
                9.676,
                36.8818
              ],
              [
                9.6768,
                36.8838
              ],
              [
                9.6897,
                36.8833
              ],
              [
                9.7014,
                36.8893
              ],
              [
                9.7123,
                36.9017
              ],
              [
                9.7203,
                36.8973
              ],
              [
                9.7275,
                36.8961
              ],
              [
                9.7306,
                36.8921
              ],
              [
                9.7373,
                36.8912
              ],
              [
                9.7385,
                36.8887
              ],
              [
                9.7488,
                36.8889
              ],
              [
                9.7593,
                36.8915
              ],
              [
                9.7682,
                36.8911
              ],
              [
                9.7678,
                36.8965
              ],
              [
                9.7733,
                36.8994
              ],
              [
                9.7723,
                36.9038
              ],
              [
                9.7758,
                36.9083
              ],
              [
                9.7741,
                36.9112
              ],
              [
                9.7763,
                36.9164
              ],
              [
                9.7847,
                36.9273
              ],
              [
                9.7889,
                36.9301
              ],
              [
                9.7913,
                36.9364
              ],
              [
                9.7975,
                36.9403
              ],
              [
                9.8048,
                36.9424
              ],
              [
                9.8178,
                36.9422
              ],
              [
                9.8131,
                36.9618
              ],
              [
                9.8142,
                36.9656
              ],
              [
                9.8181,
                36.9685
              ],
              [
                9.8172,
                36.9722
              ],
              [
                9.8221,
                36.9766
              ],
              [
                9.8255,
                36.9763
              ],
              [
                9.8328,
                36.9661
              ],
              [
                9.8362,
                36.9644
              ],
              [
                9.8406,
                36.9647
              ],
              [
                9.8498,
                36.9586
              ],
              [
                9.8819,
                36.9557
              ],
              [
                9.8942,
                36.9518
              ],
              [
                9.9145,
                36.9496
              ],
              [
                9.9266,
                36.9525
              ],
              [
                9.9446,
                36.9194
              ],
              [
                9.9436,
                36.9147
              ],
              [
                9.9572,
                36.9176
              ],
              [
                9.98,
                36.9265
              ],
              [
                10,
                36.9182
              ],
              [
                9.9993,
                36.9254
              ],
              [
                10.0016,
                36.9279
              ],
              [
                10.0051,
                36.9286
              ],
              [
                10.0103,
                36.9251
              ],
              [
                10.0143,
                36.9154
              ],
              [
                10.0176,
                36.9149
              ],
              [
                10.0194,
                36.9178
              ],
              [
                10.0269,
                36.9223
              ],
              [
                10.0174,
                36.9312
              ],
              [
                10.0162,
                36.9375
              ],
              [
                10.013,
                36.9377
              ],
              [
                10.0118,
                36.9352
              ],
              [
                10.0098,
                36.9351
              ],
              [
                10.0061,
                36.9378
              ],
              [
                10.0087,
                36.9419
              ],
              [
                10.0219,
                36.9506
              ],
              [
                10.0204,
                36.9555
              ],
              [
                10.0236,
                36.9592
              ],
              [
                10.0237,
                36.9629
              ],
              [
                10.0184,
                36.9666
              ],
              [
                10.0252,
                36.9667
              ],
              [
                10.0282,
                36.9701
              ],
              [
                10.0309,
                36.977
              ],
              [
                10.0291,
                36.9838
              ],
              [
                10.066,
                37.0065
              ],
              [
                10.0674,
                37.0138
              ],
              [
                10.074,
                37.0195
              ],
              [
                10.0786,
                37.035
              ],
              [
                10.0825,
                37.0384
              ],
              [
                10.0906,
                37.0511
              ],
              [
                10.0899,
                37.0568
              ],
              [
                10.0951,
                37.0657
              ],
              [
                10.089,
                37.0851
              ],
              [
                10.0946,
                37.0907
              ],
              [
                10.0948,
                37.0952
              ],
              [
                10.116,
                37.1062
              ],
              [
                10.1218,
                37.1133
              ],
              [
                10.1304,
                37.112
              ],
              [
                10.1312,
                37.1075
              ],
              [
                10.1395,
                37.1124
              ],
              [
                10.1503,
                37.1123
              ],
              [
                10.1569,
                37.1151
              ],
              [
                10.1586,
                37.1145
              ],
              [
                10.1595,
                37.1102
              ],
              [
                10.1618,
                37.109
              ],
              [
                10.1733,
                37.1106
              ],
              [
                10.1808,
                37.1067
              ],
              [
                10.2158,
                37.1115
              ],
              [
                10.2103,
                37.1316
              ],
              [
                10.2096,
                37.1428
              ],
              [
                10.2075,
                37.145
              ],
              [
                10.2045,
                37.1346
              ],
              [
                10.2129,
                37.1156
              ],
              [
                10.2031,
                37.1151
              ],
              [
                10.1979,
                37.1126
              ],
              [
                10.1884,
                37.1136
              ],
              [
                10.1791,
                37.124
              ],
              [
                10.1884,
                37.1326
              ],
              [
                10.1814,
                37.1334
              ],
              [
                10.178,
                37.1264
              ],
              [
                10.1597,
                37.1241
              ],
              [
                10.1458,
                37.1304
              ],
              [
                10.1373,
                37.1425
              ],
              [
                10.1511,
                37.164
              ],
              [
                10.168,
                37.1675
              ],
              [
                10.221,
                37.1692
              ],
              [
                10.2228,
                37.1631
              ],
              [
                10.2207,
                37.1563
              ],
              [
                10.2107,
                37.1502
              ],
              [
                10.2089,
                37.1474
              ],
              [
                10.211,
                37.1437
              ],
              [
                10.2157,
                37.1491
              ],
              [
                10.2226,
                37.1528
              ],
              [
                10.2276,
                37.1536
              ],
              [
                10.2313,
                37.1524
              ],
              [
                10.2383,
                37.1564
              ],
              [
                10.2593,
                37.1738
              ],
              [
                10.268,
                37.1763
              ],
              [
                10.2814,
                37.1774
              ],
              [
                10.2792,
                37.1818
              ],
              [
                10.2752,
                37.1832
              ],
              [
                10.2615,
                37.1817
              ],
              [
                10.2394,
                37.1849
              ],
              [
                10.2165,
                37.1861
              ],
              [
                10.2099,
                37.1899
              ],
              [
                10.2081,
                37.197
              ],
              [
                10.1937,
                37.2029
              ],
              [
                10.1917,
                37.2051
              ],
              [
                10.1931,
                37.2058
              ],
              [
                10.1688,
                37.2145
              ],
              [
                10.1517,
                37.2266
              ],
              [
                10.1364,
                37.2317
              ],
              [
                10.1276,
                37.2368
              ],
              [
                10.0888,
                37.24
              ],
              [
                10.0843,
                37.2431
              ],
              [
                10.0767,
                37.2535
              ],
              [
                10.0707,
                37.2586
              ],
              [
                10.0676,
                37.2642
              ],
              [
                10.0698,
                37.2679
              ],
              [
                10.0686,
                37.2688
              ],
              [
                10.0346,
                37.2592
              ],
              [
                10.0177,
                37.2515
              ],
              [
                10.0052,
                37.251
              ],
              [
                9.9912,
                37.2477
              ],
              [
                9.9774,
                37.2473
              ],
              [
                9.9106,
                37.2567
              ],
              [
                9.8982,
                37.2609
              ],
              [
                9.8828,
                37.2712
              ],
              [
                9.8705,
                37.2633
              ],
              [
                9.8689,
                37.2562
              ],
              [
                9.8646,
                37.2511
              ],
              [
                9.8547,
                37.2456
              ],
              [
                9.8384,
                37.24
              ],
              [
                9.8383,
                37.2362
              ],
              [
                9.8352,
                37.2335
              ],
              [
                9.8287,
                37.2308
              ],
              [
                9.8218,
                37.2301
              ],
              [
                9.8212,
                37.2263
              ],
              [
                9.8262,
                37.2244
              ],
              [
                9.8366,
                37.2245
              ],
              [
                9.8444,
                37.2286
              ],
              [
                9.8496,
                37.2271
              ],
              [
                9.8641,
                37.2323
              ],
              [
                9.893,
                37.2248
              ],
              [
                9.9184,
                37.2257
              ],
              [
                9.9294,
                37.2245
              ],
              [
                9.9382,
                37.2126
              ],
              [
                9.9387,
                37.2081
              ],
              [
                9.9271,
                37.1769
              ],
              [
                9.9208,
                37.1666
              ],
              [
                9.9123,
                37.1573
              ],
              [
                9.9026,
                37.1537
              ],
              [
                9.8973,
                37.1536
              ],
              [
                9.8935,
                37.1503
              ],
              [
                9.884,
                37.1482
              ],
              [
                9.8759,
                37.1402
              ],
              [
                9.8686,
                37.1356
              ],
              [
                9.8498,
                37.1357
              ],
              [
                9.8122,
                37.1427
              ],
              [
                9.8068,
                37.1487
              ],
              [
                9.8092,
                37.1623
              ],
              [
                9.8066,
                37.1662
              ],
              [
                9.8001,
                37.1685
              ],
              [
                9.8046,
                37.1699
              ],
              [
                9.7901,
                37.1733
              ],
              [
                9.7813,
                37.1825
              ],
              [
                9.787,
                37.2014
              ],
              [
                9.7868,
                37.2066
              ],
              [
                9.7852,
                37.2086
              ],
              [
                9.78,
                37.2033
              ],
              [
                9.7785,
                37.2044
              ],
              [
                9.7762,
                37.2078
              ],
              [
                9.7777,
                37.2105
              ],
              [
                9.7693,
                37.2194
              ],
              [
                9.7727,
                37.2227
              ],
              [
                9.7872,
                37.2144
              ],
              [
                9.7946,
                37.2188
              ],
              [
                9.7982,
                37.2184
              ],
              [
                9.8022,
                37.2265
              ],
              [
                9.812,
                37.2346
              ],
              [
                9.8052,
                37.2347
              ],
              [
                9.8022,
                37.2362
              ],
              [
                9.8076,
                37.2413
              ],
              [
                9.8148,
                37.2409
              ],
              [
                9.8173,
                37.2385
              ],
              [
                9.8218,
                37.2374
              ],
              [
                9.8239,
                37.2383
              ],
              [
                9.8181,
                37.2428
              ],
              [
                9.8264,
                37.2444
              ],
              [
                9.8293,
                37.2465
              ],
              [
                9.8337,
                37.2461
              ],
              [
                9.8425,
                37.2532
              ],
              [
                9.8593,
                37.2575
              ],
              [
                9.8598,
                37.2588
              ],
              [
                9.8509,
                37.2618
              ],
              [
                9.8526,
                37.2632
              ],
              [
                9.8659,
                37.2643
              ],
              [
                9.881,
                37.2724
              ],
              [
                9.8862,
                37.279
              ],
              [
                9.8767,
                37.2851
              ],
              [
                9.874,
                37.2945
              ],
              [
                9.8699,
                37.3012
              ],
              [
                9.8688,
                37.3058
              ],
              [
                9.8696,
                37.3176
              ],
              [
                9.8642,
                37.3331
              ],
              [
                9.8608,
                37.3345
              ],
              [
                9.8532,
                37.3327
              ],
              [
                9.849,
                37.3346
              ],
              [
                9.844,
                37.3328
              ],
              [
                9.8371,
                37.3384
              ],
              [
                9.8325,
                37.3361
              ],
              [
                9.8232,
                37.3362
              ],
              [
                9.8055,
                37.3279
              ],
              [
                9.7865,
                37.3272
              ],
              [
                9.7684,
                37.3312
              ],
              [
                9.7612,
                37.3351
              ],
              [
                9.7535,
                37.3467
              ],
              [
                9.7484,
                37.3446
              ],
              [
                9.7462,
                37.3455
              ]
            ]
          ],
          [
            [
              [
                10.3287,
                37.1809
              ],
              [
                10.3297,
                37.1816
              ],
              [
                10.3305,
                37.1828
              ],
              [
                10.3291,
                37.1832
              ],
              [
                10.327,
                37.1823
              ],
              [
                10.3236,
                37.1809
              ],
              [
                10.3257,
                37.1803
              ],
              [
                10.3287,
                37.1809
              ]
            ]
          ],
          [
            [
              [
                10.2423,
                37.201
              ],
              [
                10.2412,
                37.2016
              ],
              [
                10.2396,
                37.2024
              ],
              [
                10.2368,
                37.2021
              ],
              [
                10.237,
                37.2011
              ],
              [
                10.24,
                37.2004
              ],
              [
                10.2426,
                37.2002
              ],
              [
                10.2423,
                37.201
              ]
            ]
          ],
          [
            [
              [
                9.8058,
                37.2124
              ],
              [
                9.8131,
                37.2152
              ],
              [
                9.8163,
                37.2262
              ],
              [
                9.8076,
                37.2259
              ],
              [
                9.8004,
                37.2129
              ],
              [
                9.804,
                37.2112
              ],
              [
                9.8058,
                37.2124
              ]
            ]
          ],
          [
            [
              [
                9.3937,
                37.3006
              ],
              [
                9.3925,
                37.2999
              ],
              [
                9.3937,
                37.2995
              ],
              [
                9.3937,
                37.3006
              ]
            ]
          ],
          [
            [
              [
                9.4099,
                37.305
              ],
              [
                9.4087,
                37.3062
              ],
              [
                9.4078,
                37.3055
              ],
              [
                9.4081,
                37.3043
              ],
              [
                9.409,
                37.3041
              ],
              [
                9.4099,
                37.305
              ]
            ]
          ],
          [
            [
              [
                10.121,
                37.3533
              ],
              [
                10.1209,
                37.3541
              ],
              [
                10.1202,
                37.3548
              ],
              [
                10.1194,
                37.3536
              ],
              [
                10.1203,
                37.3528
              ],
              [
                10.121,
                37.3533
              ]
            ]
          ],
          [
            [
              [
                10.1247,
                37.3548
              ],
              [
                10.1259,
                37.3555
              ],
              [
                10.1269,
                37.3563
              ],
              [
                10.1259,
                37.3567
              ],
              [
                10.1232,
                37.3567
              ],
              [
                10.1227,
                37.356
              ],
              [
                10.1222,
                37.3549
              ],
              [
                10.1234,
                37.3545
              ],
              [
                10.1247,
                37.3548
              ]
            ]
          ],
          [
            [
              [
                8.8841,
                37.4939
              ],
              [
                8.8819,
                37.4952
              ],
              [
                8.8808,
                37.4957
              ],
              [
                8.8787,
                37.4949
              ],
              [
                8.8781,
                37.4942
              ],
              [
                8.8787,
                37.4929
              ],
              [
                8.8803,
                37.4936
              ],
              [
                8.8817,
                37.4933
              ],
              [
                8.8836,
                37.4927
              ],
              [
                8.8841,
                37.4939
              ]
            ]
          ],
          [
            [
              [
                8.8778,
                37.4954
              ],
              [
                8.8781,
                37.4966
              ],
              [
                8.8775,
                37.4977
              ],
              [
                8.8764,
                37.4987
              ],
              [
                8.8738,
                37.5005
              ],
              [
                8.8727,
                37.501
              ],
              [
                8.8716,
                37.5004
              ],
              [
                8.8698,
                37.497
              ],
              [
                8.8706,
                37.4966
              ],
              [
                8.8751,
                37.4955
              ],
              [
                8.8764,
                37.4952
              ],
              [
                8.8778,
                37.4954
              ]
            ]
          ],
          [
            [
              [
                8.9584,
                37.527
              ],
              [
                8.9579,
                37.5287
              ],
              [
                8.95,
                37.533
              ],
              [
                8.9471,
                37.5408
              ],
              [
                8.9432,
                37.5409
              ],
              [
                8.9383,
                37.5337
              ],
              [
                8.9126,
                37.5292
              ],
              [
                8.8996,
                37.5184
              ],
              [
                8.9104,
                37.5147
              ],
              [
                8.9254,
                37.5176
              ],
              [
                8.9415,
                37.5246
              ],
              [
                8.9465,
                37.5191
              ],
              [
                8.9518,
                37.5171
              ],
              [
                8.9546,
                37.5219
              ],
              [
                8.9584,
                37.527
              ]
            ]
          ],
          [
            [
              [
                8.9503,
                37.5522
              ],
              [
                8.9493,
                37.5528
              ],
              [
                8.948,
                37.5526
              ],
              [
                8.9482,
                37.5518
              ],
              [
                8.9497,
                37.5516
              ],
              [
                8.9503,
                37.5522
              ]
            ]
          ],
          [
            [
              [
                8.9575,
                37.5559
              ],
              [
                8.9581,
                37.5566
              ],
              [
                8.9577,
                37.5579
              ],
              [
                8.9571,
                37.5585
              ],
              [
                8.9559,
                37.5595
              ],
              [
                8.9547,
                37.5586
              ],
              [
                8.9543,
                37.5571
              ],
              [
                8.9549,
                37.5562
              ],
              [
                8.9565,
                37.5557
              ],
              [
                8.9575,
                37.5559
              ]
            ]
          ]
        ]
      }
    },
    {
      "type": "Feature",
      "properties": {
        "gov_id": "TN21",
        "gov_name": "Béja",
        "gov_name_ar": "باجة",
        "region_id": "TN2",
        "region_name": "North West",
        "source_level": "COD-AB ADM2",
        "area_sqkm": 3650.63953669,
        "center_lon": 9.20132641,
        "center_lat": 36.74710963,
        "display_name": "Béja",
        "display_label": "Béja — Governorate"
      },
      "geometry": {
        "type": "Polygon",
        "coordinates": [
          [
            [
              9.0884,
              37.141
            ],
            [
              9.084,
              37.1573
            ],
            [
              9.0519,
              37.1484
            ],
            [
              9.0385,
              37.1392
            ],
            [
              9.0266,
              37.1364
            ],
            [
              9.0201,
              37.1286
            ],
            [
              9.0129,
              37.1262
            ],
            [
              9.01,
              37.1212
            ],
            [
              9.0036,
              37.1158
            ],
            [
              8.9816,
              37.1038
            ],
            [
              8.9863,
              37.0993
            ],
            [
              8.9848,
              37.0961
            ],
            [
              8.965,
              37.0774
            ],
            [
              8.9561,
              37.064
            ],
            [
              8.8898,
              37.012
            ],
            [
              8.9057,
              37.0005
            ],
            [
              8.9112,
              36.9985
            ],
            [
              8.9133,
              36.9924
            ],
            [
              8.9196,
              36.992
            ],
            [
              8.9247,
              36.988
            ],
            [
              8.9264,
              36.9842
            ],
            [
              8.9232,
              36.9799
            ],
            [
              8.9258,
              36.9733
            ],
            [
              8.9324,
              36.9646
            ],
            [
              8.934,
              36.9574
            ],
            [
              8.9384,
              36.9576
            ],
            [
              8.9389,
              36.9553
            ],
            [
              8.9361,
              36.9539
            ],
            [
              8.9414,
              36.9539
            ],
            [
              8.9438,
              36.9504
            ],
            [
              8.9328,
              36.9443
            ],
            [
              8.9324,
              36.941
            ],
            [
              8.9264,
              36.9324
            ],
            [
              8.9276,
              36.9237
            ],
            [
              8.938,
              36.9205
            ],
            [
              8.9443,
              36.922
            ],
            [
              8.9539,
              36.9178
            ],
            [
              8.9701,
              36.9071
            ],
            [
              8.9772,
              36.8982
            ],
            [
              8.9832,
              36.8941
            ],
            [
              8.991,
              36.8893
            ],
            [
              8.9963,
              36.8882
            ],
            [
              8.9963,
              36.8863
            ],
            [
              9.001,
              36.8858
            ],
            [
              8.9995,
              36.8757
            ],
            [
              8.9893,
              36.8752
            ],
            [
              8.9941,
              36.8589
            ],
            [
              8.988,
              36.8563
            ],
            [
              8.9883,
              36.8512
            ],
            [
              8.9865,
              36.8493
            ],
            [
              8.9772,
              36.8466
            ],
            [
              8.9723,
              36.8427
            ],
            [
              8.9633,
              36.8417
            ],
            [
              8.9611,
              36.8434
            ],
            [
              8.9553,
              36.8416
            ],
            [
              8.9509,
              36.8437
            ],
            [
              8.9478,
              36.8405
            ],
            [
              8.9419,
              36.8384
            ],
            [
              8.9422,
              36.8338
            ],
            [
              8.9323,
              36.8263
            ],
            [
              8.9332,
              36.8215
            ],
            [
              8.9318,
              36.82
            ],
            [
              8.9337,
              36.8195
            ],
            [
              8.936,
              36.8153
            ],
            [
              8.9255,
              36.8033
            ],
            [
              8.9301,
              36.801
            ],
            [
              8.9334,
              36.7899
            ],
            [
              8.9193,
              36.7856
            ],
            [
              8.9187,
              36.7735
            ],
            [
              8.9362,
              36.7756
            ],
            [
              8.9402,
              36.7718
            ],
            [
              8.9421,
              36.7667
            ],
            [
              8.9475,
              36.7646
            ],
            [
              8.9507,
              36.7645
            ],
            [
              8.955,
              36.768
            ],
            [
              8.9597,
              36.7655
            ],
            [
              8.9957,
              36.7658
            ],
            [
              9.0036,
              36.7606
            ],
            [
              9.0187,
              36.7564
            ],
            [
              9.0187,
              36.7533
            ],
            [
              9.0227,
              36.7518
            ],
            [
              9.0235,
              36.7496
            ],
            [
              9.0264,
              36.7511
            ],
            [
              9.0288,
              36.7503
            ],
            [
              9.0278,
              36.7486
            ],
            [
              9.0294,
              36.745
            ],
            [
              9.0272,
              36.7427
            ],
            [
              9.0295,
              36.7404
            ],
            [
              9.0287,
              36.7369
            ],
            [
              9.0307,
              36.7299
            ],
            [
              9.0352,
              36.7294
            ],
            [
              9.0368,
              36.7251
            ],
            [
              9.0325,
              36.7217
            ],
            [
              9.0345,
              36.7189
            ],
            [
              9.0332,
              36.7171
            ],
            [
              9.0345,
              36.7148
            ],
            [
              9.0325,
              36.7126
            ],
            [
              9.0291,
              36.7125
            ],
            [
              9.0273,
              36.7064
            ],
            [
              9.0324,
              36.7012
            ],
            [
              9.0286,
              36.6987
            ],
            [
              9.0276,
              36.6954
            ],
            [
              9.0305,
              36.6906
            ],
            [
              9.0283,
              36.688
            ],
            [
              9.0325,
              36.684
            ],
            [
              9.0272,
              36.6841
            ],
            [
              9.0304,
              36.6817
            ],
            [
              9.0291,
              36.6784
            ],
            [
              9.0271,
              36.6794
            ],
            [
              9.0286,
              36.6772
            ],
            [
              9.026,
              36.6762
            ],
            [
              9.0262,
              36.6719
            ],
            [
              9.0223,
              36.6701
            ],
            [
              9.0231,
              36.6683
            ],
            [
              9.0161,
              36.6675
            ],
            [
              9.0311,
              36.6437
            ],
            [
              9.0406,
              36.6428
            ],
            [
              9.0417,
              36.6415
            ],
            [
              9.05,
              36.629
            ],
            [
              9.055,
              36.6157
            ],
            [
              9.0584,
              36.6123
            ],
            [
              9.0629,
              36.6109
            ],
            [
              9.0614,
              36.6061
            ],
            [
              9.064,
              36.6055
            ],
            [
              9.069,
              36.5997
            ],
            [
              9.0759,
              36.5982
            ],
            [
              9.0748,
              36.5947
            ],
            [
              9.0678,
              36.5902
            ],
            [
              9.0728,
              36.585
            ],
            [
              9.0677,
              36.5818
            ],
            [
              9.0721,
              36.5644
            ],
            [
              9.0766,
              36.555
            ],
            [
              9.0768,
              36.5503
            ],
            [
              9.076,
              36.547
            ],
            [
              9.0676,
              36.5406
            ],
            [
              9.0679,
              36.5375
            ],
            [
              9.0739,
              36.5275
            ],
            [
              9.0667,
              36.5265
            ],
            [
              9.0636,
              36.5241
            ],
            [
              9.0626,
              36.5201
            ],
            [
              9.0537,
              36.5116
            ],
            [
              9.04,
              36.505
            ],
            [
              9.0496,
              36.5015
            ],
            [
              9.0482,
              36.4971
            ],
            [
              9.0408,
              36.4881
            ],
            [
              9.0461,
              36.4877
            ],
            [
              9.0495,
              36.4856
            ],
            [
              9.052,
              36.4785
            ],
            [
              9.0458,
              36.4728
            ],
            [
              9.0444,
              36.4652
            ],
            [
              9.0419,
              36.4646
            ],
            [
              9.0401,
              36.4614
            ],
            [
              9.033,
              36.4631
            ],
            [
              9.0278,
              36.4612
            ],
            [
              9.0182,
              36.4642
            ],
            [
              9.0162,
              36.4634
            ],
            [
              9.0168,
              36.4584
            ],
            [
              9.0314,
              36.4449
            ],
            [
              9.0565,
              36.4363
            ],
            [
              9.0671,
              36.4353
            ],
            [
              9.0733,
              36.4297
            ],
            [
              9.0766,
              36.4287
            ],
            [
              9.0792,
              36.4244
            ],
            [
              9.0889,
              36.4195
            ],
            [
              9.091,
              36.4138
            ],
            [
              9.0858,
              36.4079
            ],
            [
              9.0818,
              36.4068
            ],
            [
              9.0861,
              36.4028
            ],
            [
              9.0935,
              36.4021
            ],
            [
              9.0985,
              36.4034
            ],
            [
              9.1123,
              36.3963
            ],
            [
              9.1131,
              36.39
            ],
            [
              9.1163,
              36.3837
            ],
            [
              9.1127,
              36.3688
            ],
            [
              9.1149,
              36.3665
            ],
            [
              9.1269,
              36.3628
            ],
            [
              9.1327,
              36.3639
            ],
            [
              9.1423,
              36.3716
            ],
            [
              9.1513,
              36.3743
            ],
            [
              9.1535,
              36.3774
            ],
            [
              9.1677,
              36.3804
            ],
            [
              9.1735,
              36.3845
            ],
            [
              9.1766,
              36.3825
            ],
            [
              9.1782,
              36.3839
            ],
            [
              9.18,
              36.3831
            ],
            [
              9.1793,
              36.3811
            ],
            [
              9.1818,
              36.3813
            ],
            [
              9.1858,
              36.3784
            ],
            [
              9.1849,
              36.3777
            ],
            [
              9.1871,
              36.3753
            ],
            [
              9.1899,
              36.3751
            ],
            [
              9.1937,
              36.3716
            ],
            [
              9.2025,
              36.3734
            ],
            [
              9.2097,
              36.3711
            ],
            [
              9.2179,
              36.3724
            ],
            [
              9.2322,
              36.3694
            ],
            [
              9.2337,
              36.3709
            ],
            [
              9.243,
              36.3697
            ],
            [
              9.246,
              36.3711
            ],
            [
              9.2457,
              36.3743
            ],
            [
              9.2575,
              36.3668
            ],
            [
              9.2596,
              36.3594
            ],
            [
              9.2644,
              36.354
            ],
            [
              9.2661,
              36.346
            ],
            [
              9.2651,
              36.339
            ],
            [
              9.2727,
              36.337
            ],
            [
              9.2753,
              36.3388
            ],
            [
              9.2756,
              36.3424
            ],
            [
              9.2799,
              36.3467
            ],
            [
              9.2804,
              36.3534
            ],
            [
              9.2842,
              36.355
            ],
            [
              9.2863,
              36.3598
            ],
            [
              9.2943,
              36.3648
            ],
            [
              9.303,
              36.3659
            ],
            [
              9.3124,
              36.3716
            ],
            [
              9.3148,
              36.3709
            ],
            [
              9.3166,
              36.3738
            ],
            [
              9.3225,
              36.3717
            ],
            [
              9.3228,
              36.3756
            ],
            [
              9.325,
              36.3785
            ],
            [
              9.3295,
              36.3783
            ],
            [
              9.331,
              36.3843
            ],
            [
              9.3346,
              36.3872
            ],
            [
              9.334,
              36.3912
            ],
            [
              9.3374,
              36.3911
            ],
            [
              9.344,
              36.396
            ],
            [
              9.3427,
              36.4008
            ],
            [
              9.3436,
              36.4031
            ],
            [
              9.3494,
              36.4053
            ],
            [
              9.3576,
              36.4132
            ],
            [
              9.3596,
              36.4191
            ],
            [
              9.3585,
              36.4266
            ],
            [
              9.3613,
              36.4392
            ],
            [
              9.3715,
              36.4432
            ],
            [
              9.3752,
              36.4428
            ],
            [
              9.3774,
              36.4395
            ],
            [
              9.3794,
              36.4419
            ],
            [
              9.382,
              36.441
            ],
            [
              9.3941,
              36.4436
            ],
            [
              9.3998,
              36.4492
            ],
            [
              9.4097,
              36.4519
            ],
            [
              9.4214,
              36.4593
            ],
            [
              9.4303,
              36.4624
            ],
            [
              9.4343,
              36.4604
            ],
            [
              9.4444,
              36.461
            ],
            [
              9.4475,
              36.4593
            ],
            [
              9.4561,
              36.4591
            ],
            [
              9.4553,
              36.4566
            ],
            [
              9.4589,
              36.4531
            ],
            [
              9.4592,
              36.4505
            ],
            [
              9.4631,
              36.4496
            ],
            [
              9.4842,
              36.4585
            ],
            [
              9.4906,
              36.4567
            ],
            [
              9.4925,
              36.458
            ],
            [
              9.5008,
              36.4581
            ],
            [
              9.5081,
              36.4633
            ],
            [
              9.5114,
              36.4639
            ],
            [
              9.5259,
              36.4565
            ],
            [
              9.5263,
              36.455
            ],
            [
              9.532,
              36.4545
            ],
            [
              9.5371,
              36.4507
            ],
            [
              9.5378,
              36.4433
            ],
            [
              9.5514,
              36.4436
            ],
            [
              9.5572,
              36.439
            ],
            [
              9.5637,
              36.4376
            ],
            [
              9.5662,
              36.4351
            ],
            [
              9.5668,
              36.4297
            ],
            [
              9.5694,
              36.426
            ],
            [
              9.5745,
              36.4267
            ],
            [
              9.583,
              36.4249
            ],
            [
              9.5883,
              36.4281
            ],
            [
              9.5902,
              36.4249
            ],
            [
              9.6052,
              36.4228
            ],
            [
              9.6141,
              36.4233
            ],
            [
              9.6175,
              36.4257
            ],
            [
              9.6244,
              36.4256
            ],
            [
              9.6217,
              36.424
            ],
            [
              9.6221,
              36.422
            ],
            [
              9.628,
              36.426
            ],
            [
              9.629,
              36.4208
            ],
            [
              9.6318,
              36.4236
            ],
            [
              9.6345,
              36.4239
            ],
            [
              9.6372,
              36.4233
            ],
            [
              9.6381,
              36.4214
            ],
            [
              9.6424,
              36.4211
            ],
            [
              9.6474,
              36.4122
            ],
            [
              9.6515,
              36.4123
            ],
            [
              9.6525,
              36.4109
            ],
            [
              9.6556,
              36.4273
            ],
            [
              9.6617,
              36.4282
            ],
            [
              9.6754,
              36.4345
            ],
            [
              9.6823,
              36.4409
            ],
            [
              9.6981,
              36.446
            ],
            [
              9.7063,
              36.4449
            ],
            [
              9.7106,
              36.4423
            ],
            [
              9.7113,
              36.4403
            ],
            [
              9.7393,
              36.4504
            ],
            [
              9.7357,
              36.4617
            ],
            [
              9.7399,
              36.4658
            ],
            [
              9.7329,
              36.4696
            ],
            [
              9.7432,
              36.4752
            ],
            [
              9.7517,
              36.4778
            ],
            [
              9.7594,
              36.4889
            ],
            [
              9.7681,
              36.4856
            ],
            [
              9.7712,
              36.4884
            ],
            [
              9.7757,
              36.4874
            ],
            [
              9.7821,
              36.4974
            ],
            [
              9.7879,
              36.503
            ],
            [
              9.8079,
              36.5172
            ],
            [
              9.8195,
              36.5218
            ],
            [
              9.8182,
              36.5324
            ],
            [
              9.8238,
              36.5527
            ],
            [
              9.8209,
              36.561
            ],
            [
              9.8234,
              36.5634
            ],
            [
              9.838,
              36.565
            ],
            [
              9.8456,
              36.5702
            ],
            [
              9.864,
              36.575
            ],
            [
              9.8629,
              36.5766
            ],
            [
              9.8653,
              36.5831
            ],
            [
              9.8606,
              36.5893
            ],
            [
              9.8605,
              36.5942
            ],
            [
              9.8548,
              36.5978
            ],
            [
              9.8549,
              36.5998
            ],
            [
              9.851,
              36.6027
            ],
            [
              9.8497,
              36.6077
            ],
            [
              9.8461,
              36.609
            ],
            [
              9.8369,
              36.6062
            ],
            [
              9.8281,
              36.6057
            ],
            [
              9.8175,
              36.6078
            ],
            [
              9.8088,
              36.6238
            ],
            [
              9.8127,
              36.6335
            ],
            [
              9.8114,
              36.6405
            ],
            [
              9.8038,
              36.6408
            ],
            [
              9.7967,
              36.6351
            ],
            [
              9.7839,
              36.6478
            ],
            [
              9.7846,
              36.6511
            ],
            [
              9.7992,
              36.6576
            ],
            [
              9.7992,
              36.6604
            ],
            [
              9.7922,
              36.6707
            ],
            [
              9.7865,
              36.6747
            ],
            [
              9.7788,
              36.6771
            ],
            [
              9.7772,
              36.6943
            ],
            [
              9.788,
              36.71
            ],
            [
              9.7786,
              36.718
            ],
            [
              9.7717,
              36.7183
            ],
            [
              9.7685,
              36.7216
            ],
            [
              9.7749,
              36.7295
            ],
            [
              9.7627,
              36.7306
            ],
            [
              9.7418,
              36.7121
            ],
            [
              9.7407,
              36.7138
            ],
            [
              9.7365,
              36.7148
            ],
            [
              9.7381,
              36.7226
            ],
            [
              9.7239,
              36.7286
            ],
            [
              9.7161,
              36.7338
            ],
            [
              9.7127,
              36.7339
            ],
            [
              9.7084,
              36.7394
            ],
            [
              9.7119,
              36.7396
            ],
            [
              9.7119,
              36.7414
            ],
            [
              9.7085,
              36.7436
            ],
            [
              9.696,
              36.745
            ],
            [
              9.6886,
              36.7484
            ],
            [
              9.6815,
              36.7543
            ],
            [
              9.6644,
              36.7575
            ],
            [
              9.6609,
              36.7562
            ],
            [
              9.647,
              36.7577
            ],
            [
              9.6243,
              36.7703
            ],
            [
              9.6135,
              36.7693
            ],
            [
              9.6103,
              36.7722
            ],
            [
              9.6113,
              36.7737
            ],
            [
              9.6099,
              36.7772
            ],
            [
              9.6117,
              36.7799
            ],
            [
              9.6092,
              36.7852
            ],
            [
              9.6062,
              36.7881
            ],
            [
              9.6,
              36.7893
            ],
            [
              9.5981,
              36.7959
            ],
            [
              9.5925,
              36.8027
            ],
            [
              9.5856,
              36.8074
            ],
            [
              9.5861,
              36.809
            ],
            [
              9.5716,
              36.8265
            ],
            [
              9.5715,
              36.8304
            ],
            [
              9.5658,
              36.8411
            ],
            [
              9.5591,
              36.8378
            ],
            [
              9.5592,
              36.8351
            ],
            [
              9.5565,
              36.8328
            ],
            [
              9.5418,
              36.8254
            ],
            [
              9.5416,
              36.8239
            ],
            [
              9.529,
              36.8187
            ],
            [
              9.5261,
              36.8105
            ],
            [
              9.517,
              36.8009
            ],
            [
              9.5164,
              36.7872
            ],
            [
              9.5072,
              36.7859
            ],
            [
              9.4958,
              36.778
            ],
            [
              9.4868,
              36.7763
            ],
            [
              9.4838,
              36.7719
            ],
            [
              9.4757,
              36.7669
            ],
            [
              9.4589,
              36.764
            ],
            [
              9.4487,
              36.7594
            ],
            [
              9.4374,
              36.7475
            ],
            [
              9.4326,
              36.7455
            ],
            [
              9.4309,
              36.7367
            ],
            [
              9.426,
              36.7322
            ],
            [
              9.4195,
              36.7332
            ],
            [
              9.4126,
              36.729
            ],
            [
              9.4105,
              36.7297
            ],
            [
              9.4107,
              36.7285
            ],
            [
              9.401,
              36.7233
            ],
            [
              9.4,
              36.7278
            ],
            [
              9.3953,
              36.7313
            ],
            [
              9.393,
              36.7311
            ],
            [
              9.3943,
              36.7324
            ],
            [
              9.3902,
              36.7349
            ],
            [
              9.3894,
              36.739
            ],
            [
              9.3851,
              36.7398
            ],
            [
              9.386,
              36.7416
            ],
            [
              9.3772,
              36.747
            ],
            [
              9.373,
              36.7474
            ],
            [
              9.373,
              36.7489
            ],
            [
              9.3665,
              36.7525
            ],
            [
              9.3583,
              36.7531
            ],
            [
              9.3521,
              36.7561
            ],
            [
              9.3454,
              36.7642
            ],
            [
              9.3449,
              36.7669
            ],
            [
              9.3493,
              36.7721
            ],
            [
              9.3492,
              36.7763
            ],
            [
              9.3571,
              36.784
            ],
            [
              9.3562,
              36.7925
            ],
            [
              9.361,
              36.7952
            ],
            [
              9.3599,
              36.8002
            ],
            [
              9.358,
              36.8007
            ],
            [
              9.3601,
              36.8077
            ],
            [
              9.366,
              36.8119
            ],
            [
              9.3667,
              36.8157
            ],
            [
              9.3707,
              36.8216
            ],
            [
              9.3753,
              36.8245
            ],
            [
              9.3795,
              36.8336
            ],
            [
              9.39,
              36.8381
            ],
            [
              9.382,
              36.8436
            ],
            [
              9.3842,
              36.8495
            ],
            [
              9.3758,
              36.8521
            ],
            [
              9.3604,
              36.8604
            ],
            [
              9.3574,
              36.8652
            ],
            [
              9.3433,
              36.8728
            ],
            [
              9.3401,
              36.8779
            ],
            [
              9.3319,
              36.8782
            ],
            [
              9.3278,
              36.8854
            ],
            [
              9.3251,
              36.8831
            ],
            [
              9.3217,
              36.8834
            ],
            [
              9.3192,
              36.8818
            ],
            [
              9.3208,
              36.877
            ],
            [
              9.3176,
              36.8755
            ],
            [
              9.319,
              36.8734
            ],
            [
              9.3174,
              36.8725
            ],
            [
              9.3072,
              36.8787
            ],
            [
              9.2976,
              36.8801
            ],
            [
              9.2946,
              36.8857
            ],
            [
              9.2941,
              36.8922
            ],
            [
              9.2838,
              36.892
            ],
            [
              9.2678,
              36.8951
            ],
            [
              9.2638,
              36.9001
            ],
            [
              9.2477,
              36.9061
            ],
            [
              9.2453,
              36.9115
            ],
            [
              9.2459,
              36.9142
            ],
            [
              9.2603,
              36.9285
            ],
            [
              9.2549,
              36.9307
            ],
            [
              9.2453,
              36.9421
            ],
            [
              9.2406,
              36.9444
            ],
            [
              9.2402,
              36.9472
            ],
            [
              9.2316,
              36.9573
            ],
            [
              9.2262,
              36.9591
            ],
            [
              9.2222,
              36.9626
            ],
            [
              9.2189,
              36.9621
            ],
            [
              9.2141,
              36.965
            ],
            [
              9.2116,
              36.9646
            ],
            [
              9.21,
              36.9669
            ],
            [
              9.2081,
              36.9669
            ],
            [
              9.2089,
              36.9681
            ],
            [
              9.2036,
              36.9702
            ],
            [
              9.2111,
              36.9738
            ],
            [
              9.2142,
              36.9779
            ],
            [
              9.2152,
              36.9823
            ],
            [
              9.2134,
              36.9865
            ],
            [
              9.2153,
              36.9898
            ],
            [
              9.2168,
              36.9995
            ],
            [
              9.2161,
              37.0031
            ],
            [
              9.2096,
              37.0058
            ],
            [
              9.2104,
              37.0074
            ],
            [
              9.2048,
              37.0103
            ],
            [
              9.2088,
              37.0161
            ],
            [
              9.2066,
              37.0188
            ],
            [
              9.2074,
              37.0228
            ],
            [
              9.2053,
              37.0253
            ],
            [
              9.2066,
              37.0279
            ],
            [
              9.2025,
              37.0302
            ],
            [
              9.2022,
              37.034
            ],
            [
              9.193,
              37.0415
            ],
            [
              9.1933,
              37.0446
            ],
            [
              9.1912,
              37.0453
            ],
            [
              9.1893,
              37.0488
            ],
            [
              9.1846,
              37.0515
            ],
            [
              9.17,
              37.0553
            ],
            [
              9.1573,
              37.0533
            ],
            [
              9.145,
              37.0539
            ],
            [
              9.138,
              37.049
            ],
            [
              9.134,
              37.0503
            ],
            [
              9.1197,
              37.0472
            ],
            [
              9.1075,
              37.0477
            ],
            [
              9.1023,
              37.0526
            ],
            [
              9.1031,
              37.0548
            ],
            [
              9.1014,
              37.059
            ],
            [
              9.0981,
              37.0585
            ],
            [
              9.095,
              37.0653
            ],
            [
              9.0969,
              37.0688
            ],
            [
              9.0884,
              37.076
            ],
            [
              9.0747,
              37.0822
            ],
            [
              9.0743,
              37.086
            ],
            [
              9.0796,
              37.0978
            ],
            [
              9.0825,
              37.099
            ],
            [
              9.0886,
              37.1062
            ],
            [
              9.0919,
              37.1071
            ],
            [
              9.0916,
              37.1125
            ],
            [
              9.0955,
              37.1151
            ],
            [
              9.1056,
              37.1166
            ],
            [
              9.1097,
              37.1231
            ],
            [
              9.1055,
              37.1231
            ],
            [
              9.1002,
              37.1201
            ],
            [
              9.1018,
              37.1236
            ],
            [
              9.0943,
              37.1217
            ],
            [
              9.0922,
              37.1245
            ],
            [
              9.0825,
              37.1254
            ],
            [
              9.0799,
              37.1306
            ],
            [
              9.0821,
              37.1354
            ],
            [
              9.0789,
              37.1392
            ],
            [
              9.088,
              37.1409
            ],
            [
              9.0884,
              37.141
            ]
          ]
        ]
      }
    },
    {
      "type": "Feature",
      "properties": {
        "gov_id": "TN22",
        "gov_name": "Jendouba",
        "gov_name_ar": "جندوبة",
        "region_id": "TN2",
        "region_name": "North West",
        "source_level": "COD-AB ADM2",
        "area_sqkm": 3101.39644304,
        "center_lon": 8.75582467,
        "center_lat": 36.68008411,
        "display_name": "Jendouba",
        "display_label": "Jendouba — Governorate"
      },
      "geometry": {
        "type": "Polygon",
        "coordinates": [
          [
            [
              8.933,
              36.96
            ],
            [
              8.9324,
              36.9646
            ],
            [
              8.9258,
              36.9733
            ],
            [
              8.9232,
              36.9799
            ],
            [
              8.9264,
              36.9842
            ],
            [
              8.9247,
              36.988
            ],
            [
              8.9196,
              36.992
            ],
            [
              8.9133,
              36.9924
            ],
            [
              8.9112,
              36.9985
            ],
            [
              8.9057,
              37.0005
            ],
            [
              8.8898,
              37.012
            ],
            [
              8.8408,
              36.9786
            ],
            [
              8.82,
              36.9697
            ],
            [
              8.8061,
              36.9617
            ],
            [
              8.7861,
              36.9541
            ],
            [
              8.7723,
              36.9521
            ],
            [
              8.7639,
              36.9534
            ],
            [
              8.7564,
              36.9571
            ],
            [
              8.7552,
              36.9593
            ],
            [
              8.7474,
              36.962
            ],
            [
              8.746,
              36.967
            ],
            [
              8.7409,
              36.9697
            ],
            [
              8.7359,
              36.9657
            ],
            [
              8.7292,
              36.9662
            ],
            [
              8.7158,
              36.9621
            ],
            [
              8.7133,
              36.9625
            ],
            [
              8.7125,
              36.9682
            ],
            [
              8.7109,
              36.9681
            ],
            [
              8.7016,
              36.9618
            ],
            [
              8.688,
              36.9621
            ],
            [
              8.6863,
              36.9604
            ],
            [
              8.6804,
              36.9596
            ],
            [
              8.6717,
              36.9538
            ],
            [
              8.6458,
              36.9429
            ],
            [
              8.6421,
              36.9401
            ],
            [
              8.6429,
              36.9283
            ],
            [
              8.6538,
              36.915
            ],
            [
              8.6364,
              36.9081
            ],
            [
              8.6307,
              36.8962
            ],
            [
              8.6324,
              36.8918
            ],
            [
              8.6285,
              36.8857
            ],
            [
              8.6313,
              36.8721
            ],
            [
              8.6287,
              36.865
            ],
            [
              8.6294,
              36.8596
            ],
            [
              8.6257,
              36.8574
            ],
            [
              8.6249,
              36.8539
            ],
            [
              8.6312,
              36.8551
            ],
            [
              8.6433,
              36.8523
            ],
            [
              8.6543,
              36.8475
            ],
            [
              8.6619,
              36.8501
            ],
            [
              8.6686,
              36.8433
            ],
            [
              8.6809,
              36.838
            ],
            [
              8.6782,
              36.8287
            ],
            [
              8.6737,
              36.8247
            ],
            [
              8.6695,
              36.8166
            ],
            [
              8.6652,
              36.8155
            ],
            [
              8.6552,
              36.8087
            ],
            [
              8.6318,
              36.8012
            ],
            [
              8.6221,
              36.8003
            ],
            [
              8.619,
              36.7939
            ],
            [
              8.612,
              36.7905
            ],
            [
              8.606,
              36.7937
            ],
            [
              8.6058,
              36.7961
            ],
            [
              8.6003,
              36.7981
            ],
            [
              8.5921,
              36.793
            ],
            [
              8.5794,
              36.7802
            ],
            [
              8.5774,
              36.7799
            ],
            [
              8.5768,
              36.7761
            ],
            [
              8.5724,
              36.7723
            ],
            [
              8.5646,
              36.7729
            ],
            [
              8.5569,
              36.7755
            ],
            [
              8.5436,
              36.7728
            ],
            [
              8.5332,
              36.7756
            ],
            [
              8.5274,
              36.7817
            ],
            [
              8.5221,
              36.7807
            ],
            [
              8.5178,
              36.7774
            ],
            [
              8.4845,
              36.7784
            ],
            [
              8.4587,
              36.7697
            ],
            [
              8.4436,
              36.7616
            ],
            [
              8.4299,
              36.7588
            ],
            [
              8.4297,
              36.7491
            ],
            [
              8.4355,
              36.7485
            ],
            [
              8.4379,
              36.7454
            ],
            [
              8.4448,
              36.7452
            ],
            [
              8.4565,
              36.7504
            ],
            [
              8.4598,
              36.7504
            ],
            [
              8.4633,
              36.748
            ],
            [
              8.4697,
              36.7407
            ],
            [
              8.4644,
              36.7345
            ],
            [
              8.4669,
              36.7227
            ],
            [
              8.4773,
              36.7084
            ],
            [
              8.4792,
              36.7019
            ],
            [
              8.4832,
              36.6976
            ],
            [
              8.4874,
              36.6964
            ],
            [
              8.484,
              36.6873
            ],
            [
              8.4839,
              36.6813
            ],
            [
              8.4768,
              36.6765
            ],
            [
              8.4592,
              36.66
            ],
            [
              8.4595,
              36.6554
            ],
            [
              8.4553,
              36.6411
            ],
            [
              8.4505,
              36.6324
            ],
            [
              8.4511,
              36.6295
            ],
            [
              8.4479,
              36.6193
            ],
            [
              8.432,
              36.6178
            ],
            [
              8.4175,
              36.6212
            ],
            [
              8.4114,
              36.6169
            ],
            [
              8.4043,
              36.6162
            ],
            [
              8.3977,
              36.6097
            ],
            [
              8.397,
              36.6048
            ],
            [
              8.3939,
              36.6002
            ],
            [
              8.3949,
              36.5973
            ],
            [
              8.3873,
              36.5933
            ],
            [
              8.3807,
              36.5971
            ],
            [
              8.3775,
              36.5947
            ],
            [
              8.3601,
              36.5894
            ],
            [
              8.3588,
              36.5862
            ],
            [
              8.3482,
              36.5811
            ],
            [
              8.3265,
              36.5733
            ],
            [
              8.3228,
              36.5673
            ],
            [
              8.3199,
              36.5563
            ],
            [
              8.311,
              36.5496
            ],
            [
              8.3018,
              36.5469
            ],
            [
              8.2957,
              36.541
            ],
            [
              8.2893,
              36.5379
            ],
            [
              8.2749,
              36.5372
            ],
            [
              8.2658,
              36.5342
            ],
            [
              8.2566,
              36.5363
            ],
            [
              8.2501,
              36.5325
            ],
            [
              8.2479,
              36.5272
            ],
            [
              8.2239,
              36.5191
            ],
            [
              8.2239,
              36.5169
            ],
            [
              8.2196,
              36.5145
            ],
            [
              8.2075,
              36.5125
            ],
            [
              8.1963,
              36.5074
            ],
            [
              8.182,
              36.5133
            ],
            [
              8.1771,
              36.5125
            ],
            [
              8.1733,
              36.5035
            ],
            [
              8.1707,
              36.5016
            ],
            [
              8.1618,
              36.4977
            ],
            [
              8.1552,
              36.4983
            ],
            [
              8.1542,
              36.4955
            ],
            [
              8.1553,
              36.4934
            ],
            [
              8.1595,
              36.4918
            ],
            [
              8.1603,
              36.4876
            ],
            [
              8.1582,
              36.4808
            ],
            [
              8.1602,
              36.4759
            ],
            [
              8.1697,
              36.4625
            ],
            [
              8.1753,
              36.4592
            ],
            [
              8.1953,
              36.4598
            ],
            [
              8.1994,
              36.4579
            ],
            [
              8.2003,
              36.4519
            ],
            [
              8.2034,
              36.4493
            ],
            [
              8.214,
              36.4457
            ],
            [
              8.2306,
              36.4469
            ],
            [
              8.2356,
              36.4448
            ],
            [
              8.2495,
              36.4456
            ],
            [
              8.2627,
              36.4375
            ],
            [
              8.2846,
              36.4451
            ],
            [
              8.2903,
              36.4419
            ],
            [
              8.2984,
              36.4428
            ],
            [
              8.3031,
              36.4416
            ],
            [
              8.3066,
              36.4334
            ],
            [
              8.3142,
              36.4373
            ],
            [
              8.3275,
              36.4353
            ],
            [
              8.3276,
              36.4326
            ],
            [
              8.3302,
              36.4324
            ],
            [
              8.3418,
              36.4338
            ],
            [
              8.35,
              36.4425
            ],
            [
              8.3549,
              36.4453
            ],
            [
              8.3659,
              36.4386
            ],
            [
              8.3722,
              36.4276
            ],
            [
              8.3871,
              36.4239
            ],
            [
              8.4064,
              36.4222
            ],
            [
              8.4087,
              36.4111
            ],
            [
              8.3962,
              36.3981
            ],
            [
              8.3951,
              36.3909
            ],
            [
              8.4004,
              36.385
            ],
            [
              8.4021,
              36.3774
            ],
            [
              8.3949,
              36.3652
            ],
            [
              8.3777,
              36.3526
            ],
            [
              8.3765,
              36.3497
            ],
            [
              8.3912,
              36.3482
            ],
            [
              8.4207,
              36.3513
            ],
            [
              8.4372,
              36.3507
            ],
            [
              8.4429,
              36.3482
            ],
            [
              8.4497,
              36.348
            ],
            [
              8.4579,
              36.3531
            ],
            [
              8.4587,
              36.3583
            ],
            [
              8.4638,
              36.363
            ],
            [
              8.4635,
              36.367
            ],
            [
              8.4665,
              36.3662
            ],
            [
              8.4696,
              36.3674
            ],
            [
              8.4696,
              36.3698
            ],
            [
              8.4779,
              36.3708
            ],
            [
              8.4816,
              36.3757
            ],
            [
              8.4956,
              36.3771
            ],
            [
              8.4969,
              36.3792
            ],
            [
              8.5007,
              36.3788
            ],
            [
              8.5033,
              36.3813
            ],
            [
              8.5053,
              36.3791
            ],
            [
              8.5064,
              36.3816
            ],
            [
              8.5174,
              36.3801
            ],
            [
              8.5183,
              36.3833
            ],
            [
              8.5294,
              36.3869
            ],
            [
              8.5278,
              36.3877
            ],
            [
              8.5301,
              36.3899
            ],
            [
              8.5315,
              36.389
            ],
            [
              8.5398,
              36.393
            ],
            [
              8.5393,
              36.3953
            ],
            [
              8.5457,
              36.3962
            ],
            [
              8.5527,
              36.395
            ],
            [
              8.5535,
              36.3968
            ],
            [
              8.5572,
              36.3964
            ],
            [
              8.558,
              36.3984
            ],
            [
              8.5665,
              36.4029
            ],
            [
              8.5664,
              36.4045
            ],
            [
              8.5766,
              36.4029
            ],
            [
              8.5824,
              36.4039
            ],
            [
              8.5926,
              36.3997
            ],
            [
              8.5992,
              36.3944
            ],
            [
              8.6022,
              36.396
            ],
            [
              8.6066,
              36.3957
            ],
            [
              8.6113,
              36.4066
            ],
            [
              8.6167,
              36.4063
            ],
            [
              8.6397,
              36.4113
            ],
            [
              8.6562,
              36.419
            ],
            [
              8.6616,
              36.4192
            ],
            [
              8.6676,
              36.4163
            ],
            [
              8.6735,
              36.4162
            ],
            [
              8.6844,
              36.4097
            ],
            [
              8.6938,
              36.4084
            ],
            [
              8.6965,
              36.402
            ],
            [
              8.7083,
              36.3952
            ],
            [
              8.7124,
              36.3954
            ],
            [
              8.7159,
              36.3932
            ],
            [
              8.718,
              36.393
            ],
            [
              8.7185,
              36.3956
            ],
            [
              8.7214,
              36.395
            ],
            [
              8.7217,
              36.3978
            ],
            [
              8.7256,
              36.4001
            ],
            [
              8.7298,
              36.4002
            ],
            [
              8.7322,
              36.403
            ],
            [
              8.7341,
              36.4019
            ],
            [
              8.7356,
              36.4038
            ],
            [
              8.7398,
              36.4044
            ],
            [
              8.7466,
              36.4029
            ],
            [
              8.7496,
              36.4048
            ],
            [
              8.7523,
              36.4038
            ],
            [
              8.7521,
              36.4014
            ],
            [
              8.7549,
              36.4026
            ],
            [
              8.7546,
              36.3968
            ],
            [
              8.761,
              36.3939
            ],
            [
              8.7626,
              36.3939
            ],
            [
              8.7626,
              36.3953
            ],
            [
              8.7695,
              36.3927
            ],
            [
              8.775,
              36.3955
            ],
            [
              8.7763,
              36.3943
            ],
            [
              8.8013,
              36.4009
            ],
            [
              8.8048,
              36.3998
            ],
            [
              8.8105,
              36.4018
            ],
            [
              8.8157,
              36.4006
            ],
            [
              8.8225,
              36.4066
            ],
            [
              8.8393,
              36.4114
            ],
            [
              8.847,
              36.4177
            ],
            [
              8.8536,
              36.4152
            ],
            [
              8.8697,
              36.414
            ],
            [
              8.8811,
              36.42
            ],
            [
              8.9007,
              36.4257
            ],
            [
              8.9156,
              36.4475
            ],
            [
              8.9206,
              36.4505
            ],
            [
              8.9332,
              36.4523
            ],
            [
              8.9437,
              36.4514
            ],
            [
              8.9495,
              36.4547
            ],
            [
              8.968,
              36.4592
            ],
            [
              8.9761,
              36.459
            ],
            [
              8.9793,
              36.4568
            ],
            [
              8.9836,
              36.458
            ],
            [
              8.9857,
              36.4571
            ],
            [
              8.9935,
              36.4601
            ],
            [
              8.9991,
              36.4589
            ],
            [
              9.0182,
              36.4642
            ],
            [
              9.0278,
              36.4612
            ],
            [
              9.033,
              36.4631
            ],
            [
              9.0401,
              36.4614
            ],
            [
              9.0419,
              36.4646
            ],
            [
              9.0444,
              36.4652
            ],
            [
              9.0462,
              36.4734
            ],
            [
              9.052,
              36.4785
            ],
            [
              9.0495,
              36.4856
            ],
            [
              9.0461,
              36.4877
            ],
            [
              9.0408,
              36.4881
            ],
            [
              9.0482,
              36.4971
            ],
            [
              9.0496,
              36.5015
            ],
            [
              9.04,
              36.505
            ],
            [
              9.0537,
              36.5116
            ],
            [
              9.0626,
              36.5201
            ],
            [
              9.0627,
              36.5227
            ],
            [
              9.0662,
              36.5262
            ],
            [
              9.0743,
              36.5279
            ],
            [
              9.0678,
              36.5377
            ],
            [
              9.0676,
              36.5406
            ],
            [
              9.076,
              36.547
            ],
            [
              9.0768,
              36.5508
            ],
            [
              9.0677,
              36.5818
            ],
            [
              9.0728,
              36.585
            ],
            [
              9.0678,
              36.5902
            ],
            [
              9.073,
              36.5932
            ],
            [
              9.0761,
              36.5974
            ],
            [
              9.069,
              36.5997
            ],
            [
              9.064,
              36.6055
            ],
            [
              9.0614,
              36.6061
            ],
            [
              9.0629,
              36.6109
            ],
            [
              9.0584,
              36.6123
            ],
            [
              9.055,
              36.6157
            ],
            [
              9.05,
              36.629
            ],
            [
              9.0417,
              36.6415
            ],
            [
              9.0406,
              36.6428
            ],
            [
              9.0311,
              36.6437
            ],
            [
              9.0166,
              36.6654
            ],
            [
              9.0166,
              36.6682
            ],
            [
              9.0229,
              36.6682
            ],
            [
              9.0223,
              36.6701
            ],
            [
              9.0262,
              36.6719
            ],
            [
              9.0258,
              36.6759
            ],
            [
              9.0286,
              36.6772
            ],
            [
              9.027,
              36.6792
            ],
            [
              9.0291,
              36.6784
            ],
            [
              9.0304,
              36.6817
            ],
            [
              9.0272,
              36.6841
            ],
            [
              9.0325,
              36.684
            ],
            [
              9.0283,
              36.688
            ],
            [
              9.0305,
              36.6906
            ],
            [
              9.0276,
              36.6954
            ],
            [
              9.0286,
              36.6987
            ],
            [
              9.0324,
              36.7012
            ],
            [
              9.0273,
              36.7064
            ],
            [
              9.0291,
              36.7125
            ],
            [
              9.0325,
              36.7126
            ],
            [
              9.0345,
              36.7148
            ],
            [
              9.0332,
              36.7171
            ],
            [
              9.0345,
              36.7189
            ],
            [
              9.0325,
              36.7217
            ],
            [
              9.0368,
              36.7251
            ],
            [
              9.0352,
              36.7294
            ],
            [
              9.0307,
              36.7299
            ],
            [
              9.0287,
              36.7369
            ],
            [
              9.0295,
              36.7404
            ],
            [
              9.0272,
              36.7427
            ],
            [
              9.0294,
              36.745
            ],
            [
              9.0278,
              36.7486
            ],
            [
              9.0288,
              36.7503
            ],
            [
              9.0264,
              36.7511
            ],
            [
              9.0235,
              36.7496
            ],
            [
              9.0227,
              36.7518
            ],
            [
              9.0187,
              36.7533
            ],
            [
              9.0187,
              36.7564
            ],
            [
              9.0036,
              36.7606
            ],
            [
              8.9957,
              36.7658
            ],
            [
              8.9597,
              36.7655
            ],
            [
              8.955,
              36.768
            ],
            [
              8.9507,
              36.7645
            ],
            [
              8.9475,
              36.7646
            ],
            [
              8.9421,
              36.7667
            ],
            [
              8.9402,
              36.7718
            ],
            [
              8.9362,
              36.7756
            ],
            [
              8.9187,
              36.7735
            ],
            [
              8.9193,
              36.7856
            ],
            [
              8.9334,
              36.7899
            ],
            [
              8.9301,
              36.801
            ],
            [
              8.9255,
              36.8033
            ],
            [
              8.936,
              36.8153
            ],
            [
              8.9337,
              36.8195
            ],
            [
              8.9318,
              36.82
            ],
            [
              8.9332,
              36.8215
            ],
            [
              8.9323,
              36.8263
            ],
            [
              8.9422,
              36.8338
            ],
            [
              8.9419,
              36.8384
            ],
            [
              8.9478,
              36.8405
            ],
            [
              8.9509,
              36.8437
            ],
            [
              8.9553,
              36.8416
            ],
            [
              8.9611,
              36.8434
            ],
            [
              8.9633,
              36.8417
            ],
            [
              8.9723,
              36.8427
            ],
            [
              8.9772,
              36.8466
            ],
            [
              8.9865,
              36.8493
            ],
            [
              8.9883,
              36.8512
            ],
            [
              8.988,
              36.8563
            ],
            [
              8.9941,
              36.8589
            ],
            [
              8.9893,
              36.8752
            ],
            [
              8.9995,
              36.8757
            ],
            [
              9.001,
              36.8858
            ],
            [
              8.9963,
              36.8863
            ],
            [
              8.9963,
              36.8882
            ],
            [
              8.991,
              36.8893
            ],
            [
              8.9832,
              36.8941
            ],
            [
              8.9772,
              36.8982
            ],
            [
              8.9701,
              36.9071
            ],
            [
              8.9539,
              36.9178
            ],
            [
              8.9443,
              36.922
            ],
            [
              8.938,
              36.9205
            ],
            [
              8.9276,
              36.9237
            ],
            [
              8.9264,
              36.9324
            ],
            [
              8.9324,
              36.941
            ],
            [
              8.9328,
              36.9443
            ],
            [
              8.9438,
              36.9504
            ],
            [
              8.9414,
              36.9539
            ],
            [
              8.9369,
              36.9532
            ],
            [
              8.9361,
              36.954
            ],
            [
              8.9389,
              36.9553
            ],
            [
              8.9384,
              36.9576
            ],
            [
              8.934,
              36.9574
            ],
            [
              8.9331,
              36.9599
            ],
            [
              8.933,
              36.96
            ]
          ]
        ]
      }
    },
    {
      "type": "Feature",
      "properties": {
        "gov_id": "TN23",
        "gov_name": "Le Kef",
        "gov_name_ar": "الكاف",
        "region_id": "TN2",
        "region_name": "North West",
        "source_level": "COD-AB ADM2",
        "area_sqkm": 5103.09526534,
        "center_lon": 8.72481141,
        "center_lat": 36.03382089,
        "display_name": "Le Kef",
        "display_label": "Le Kef — Governorate"
      },
      "geometry": {
        "type": "Polygon",
        "coordinates": [
          [
            [
              8.9355,
              36.4511
            ],
            [
              8.9356,
              36.4522
            ],
            [
              8.9332,
              36.4523
            ],
            [
              8.9206,
              36.4505
            ],
            [
              8.9156,
              36.4475
            ],
            [
              8.9007,
              36.4257
            ],
            [
              8.8811,
              36.42
            ],
            [
              8.8697,
              36.414
            ],
            [
              8.8536,
              36.4152
            ],
            [
              8.847,
              36.4177
            ],
            [
              8.8393,
              36.4114
            ],
            [
              8.8225,
              36.4066
            ],
            [
              8.8157,
              36.4006
            ],
            [
              8.8105,
              36.4018
            ],
            [
              8.8048,
              36.3998
            ],
            [
              8.8013,
              36.4009
            ],
            [
              8.7763,
              36.3943
            ],
            [
              8.775,
              36.3955
            ],
            [
              8.7688,
              36.3926
            ],
            [
              8.7543,
              36.3969
            ],
            [
              8.7549,
              36.4026
            ],
            [
              8.7521,
              36.4014
            ],
            [
              8.7522,
              36.404
            ],
            [
              8.7487,
              36.4047
            ],
            [
              8.7466,
              36.4029
            ],
            [
              8.7426,
              36.403
            ],
            [
              8.7398,
              36.4044
            ],
            [
              8.7356,
              36.4038
            ],
            [
              8.7341,
              36.4019
            ],
            [
              8.7319,
              36.4029
            ],
            [
              8.7278,
              36.3994
            ],
            [
              8.7256,
              36.4001
            ],
            [
              8.7215,
              36.3976
            ],
            [
              8.7214,
              36.395
            ],
            [
              8.7185,
              36.3956
            ],
            [
              8.7179,
              36.3929
            ],
            [
              8.7124,
              36.3954
            ],
            [
              8.7083,
              36.3952
            ],
            [
              8.6965,
              36.402
            ],
            [
              8.6938,
              36.4084
            ],
            [
              8.689,
              36.4082
            ],
            [
              8.6815,
              36.4108
            ],
            [
              8.6735,
              36.4162
            ],
            [
              8.6676,
              36.4163
            ],
            [
              8.6616,
              36.4192
            ],
            [
              8.6562,
              36.419
            ],
            [
              8.6397,
              36.4113
            ],
            [
              8.6167,
              36.4063
            ],
            [
              8.6113,
              36.4066
            ],
            [
              8.6066,
              36.3957
            ],
            [
              8.5977,
              36.3946
            ],
            [
              8.5926,
              36.3997
            ],
            [
              8.5824,
              36.4039
            ],
            [
              8.5766,
              36.4029
            ],
            [
              8.5664,
              36.4045
            ],
            [
              8.5665,
              36.4029
            ],
            [
              8.558,
              36.3984
            ],
            [
              8.5572,
              36.3964
            ],
            [
              8.5535,
              36.3968
            ],
            [
              8.5527,
              36.395
            ],
            [
              8.5457,
              36.3962
            ],
            [
              8.5393,
              36.3953
            ],
            [
              8.5398,
              36.393
            ],
            [
              8.5315,
              36.389
            ],
            [
              8.5301,
              36.3899
            ],
            [
              8.5278,
              36.3877
            ],
            [
              8.5294,
              36.3869
            ],
            [
              8.5183,
              36.3833
            ],
            [
              8.5174,
              36.3801
            ],
            [
              8.5064,
              36.3816
            ],
            [
              8.5053,
              36.3791
            ],
            [
              8.5033,
              36.3813
            ],
            [
              8.5007,
              36.3788
            ],
            [
              8.4969,
              36.3792
            ],
            [
              8.4956,
              36.3771
            ],
            [
              8.4883,
              36.3754
            ],
            [
              8.482,
              36.3759
            ],
            [
              8.4779,
              36.3708
            ],
            [
              8.4696,
              36.3698
            ],
            [
              8.4696,
              36.3674
            ],
            [
              8.4665,
              36.3662
            ],
            [
              8.4635,
              36.367
            ],
            [
              8.4638,
              36.363
            ],
            [
              8.4587,
              36.3583
            ],
            [
              8.4579,
              36.3531
            ],
            [
              8.4497,
              36.348
            ],
            [
              8.4429,
              36.3482
            ],
            [
              8.4372,
              36.3507
            ],
            [
              8.4207,
              36.3513
            ],
            [
              8.3912,
              36.3482
            ],
            [
              8.3765,
              36.3497
            ],
            [
              8.3762,
              36.3474
            ],
            [
              8.3806,
              36.3391
            ],
            [
              8.385,
              36.3357
            ],
            [
              8.3853,
              36.3327
            ],
            [
              8.3845,
              36.3295
            ],
            [
              8.376,
              36.3208
            ],
            [
              8.382,
              36.31
            ],
            [
              8.3879,
              36.3075
            ],
            [
              8.3915,
              36.3039
            ],
            [
              8.3826,
              36.3015
            ],
            [
              8.3811,
              36.2963
            ],
            [
              8.3702,
              36.2962
            ],
            [
              8.3603,
              36.2882
            ],
            [
              8.3557,
              36.2869
            ],
            [
              8.3468,
              36.2774
            ],
            [
              8.3465,
              36.2741
            ],
            [
              8.338,
              36.2643
            ],
            [
              8.3499,
              36.2597
            ],
            [
              8.3551,
              36.25
            ],
            [
              8.3525,
              36.2396
            ],
            [
              8.3544,
              36.2304
            ],
            [
              8.3466,
              36.2247
            ],
            [
              8.3467,
              36.2224
            ],
            [
              8.3378,
              36.2101
            ],
            [
              8.327,
              36.187
            ],
            [
              8.3198,
              36.181
            ],
            [
              8.3101,
              36.1768
            ],
            [
              8.3066,
              36.173
            ],
            [
              8.3089,
              36.161
            ],
            [
              8.3247,
              36.1465
            ],
            [
              8.3255,
              36.1438
            ],
            [
              8.3318,
              36.1418
            ],
            [
              8.3388,
              36.1367
            ],
            [
              8.3387,
              36.1158
            ],
            [
              8.343,
              36.1115
            ],
            [
              8.3427,
              36.106
            ],
            [
              8.3449,
              36.1024
            ],
            [
              8.3374,
              36.0937
            ],
            [
              8.3234,
              36.0878
            ],
            [
              8.3196,
              36.0761
            ],
            [
              8.3118,
              36.0683
            ],
            [
              8.3139,
              36.062
            ],
            [
              8.3026,
              36.0439
            ],
            [
              8.2977,
              36.0406
            ],
            [
              8.2959,
              36.0331
            ],
            [
              8.3005,
              36.0111
            ],
            [
              8.2907,
              35.9562
            ],
            [
              8.2882,
              35.9545
            ],
            [
              8.2899,
              35.9522
            ],
            [
              8.2727,
              35.9455
            ],
            [
              8.2635,
              35.9372
            ],
            [
              8.261,
              35.9165
            ],
            [
              8.2561,
              35.9126
            ],
            [
              8.2556,
              35.9074
            ],
            [
              8.2717,
              35.9069
            ],
            [
              8.2698,
              35.9043
            ],
            [
              8.2707,
              35.9016
            ],
            [
              8.2679,
              35.8971
            ],
            [
              8.2532,
              35.8851
            ],
            [
              8.2706,
              35.8777
            ],
            [
              8.267,
              35.8696
            ],
            [
              8.2729,
              35.8179
            ],
            [
              8.2659,
              35.7965
            ],
            [
              8.2647,
              35.7899
            ],
            [
              8.2655,
              35.7811
            ],
            [
              8.2602,
              35.7703
            ],
            [
              8.2585,
              35.7621
            ],
            [
              8.2619,
              35.7445
            ],
            [
              8.2661,
              35.738
            ],
            [
              8.2645,
              35.7296
            ],
            [
              8.2802,
              35.7216
            ],
            [
              8.2995,
              35.7028
            ],
            [
              8.3079,
              35.6907
            ],
            [
              8.3108,
              35.6913
            ],
            [
              8.3186,
              35.6844
            ],
            [
              8.3315,
              35.6843
            ],
            [
              8.3359,
              35.6829
            ],
            [
              8.3561,
              35.669
            ],
            [
              8.3564,
              35.6542
            ],
            [
              8.3602,
              35.6451
            ],
            [
              8.3559,
              35.6167
            ],
            [
              8.363,
              35.6164
            ],
            [
              8.3708,
              35.6196
            ],
            [
              8.3893,
              35.616
            ],
            [
              8.3847,
              35.6404
            ],
            [
              8.3952,
              35.6403
            ],
            [
              8.4016,
              35.6423
            ],
            [
              8.4091,
              35.6514
            ],
            [
              8.4148,
              35.6544
            ],
            [
              8.4168,
              35.664
            ],
            [
              8.4312,
              35.6695
            ],
            [
              8.437,
              35.6696
            ],
            [
              8.4391,
              35.6682
            ],
            [
              8.4437,
              35.6706
            ],
            [
              8.4561,
              35.6725
            ],
            [
              8.468,
              35.6702
            ],
            [
              8.481,
              35.6721
            ],
            [
              8.5436,
              35.6673
            ],
            [
              8.5482,
              35.6656
            ],
            [
              8.5435,
              35.6573
            ],
            [
              8.5459,
              35.6582
            ],
            [
              8.5555,
              35.6459
            ],
            [
              8.5688,
              35.6376
            ],
            [
              8.5703,
              35.6408
            ],
            [
              8.5776,
              35.6402
            ],
            [
              8.5809,
              35.6434
            ],
            [
              8.5857,
              35.645
            ],
            [
              8.5878,
              35.6501
            ],
            [
              8.5903,
              35.6488
            ],
            [
              8.596,
              35.6527
            ],
            [
              8.6056,
              35.6553
            ],
            [
              8.6082,
              35.6583
            ],
            [
              8.615,
              35.66
            ],
            [
              8.6148,
              35.6624
            ],
            [
              8.6126,
              35.6618
            ],
            [
              8.6138,
              35.6634
            ],
            [
              8.6125,
              35.6648
            ],
            [
              8.6143,
              35.6681
            ],
            [
              8.6164,
              35.6677
            ],
            [
              8.6191,
              35.6702
            ],
            [
              8.6179,
              35.6756
            ],
            [
              8.6217,
              35.6762
            ],
            [
              8.6282,
              35.6823
            ],
            [
              8.6263,
              35.6837
            ],
            [
              8.6283,
              35.6832
            ],
            [
              8.6279,
              35.6851
            ],
            [
              8.6303,
              35.6857
            ],
            [
              8.6279,
              35.687
            ],
            [
              8.6304,
              35.6889
            ],
            [
              8.6298,
              35.6916
            ],
            [
              8.6262,
              35.6936
            ],
            [
              8.6246,
              35.7015
            ],
            [
              8.6227,
              35.702
            ],
            [
              8.6228,
              35.7069
            ],
            [
              8.6267,
              35.7102
            ],
            [
              8.6265,
              35.716
            ],
            [
              8.6248,
              35.7174
            ],
            [
              8.6267,
              35.7244
            ],
            [
              8.6228,
              35.7265
            ],
            [
              8.6235,
              35.7287
            ],
            [
              8.6188,
              35.731
            ],
            [
              8.619,
              35.7366
            ],
            [
              8.6157,
              35.7402
            ],
            [
              8.6171,
              35.7478
            ],
            [
              8.6236,
              35.7434
            ],
            [
              8.6319,
              35.7431
            ],
            [
              8.6364,
              35.755
            ],
            [
              8.6439,
              35.7531
            ],
            [
              8.646,
              35.7502
            ],
            [
              8.6502,
              35.7506
            ],
            [
              8.6549,
              35.7539
            ],
            [
              8.6549,
              35.7558
            ],
            [
              8.6567,
              35.7547
            ],
            [
              8.6619,
              35.7589
            ],
            [
              8.6665,
              35.7594
            ],
            [
              8.6693,
              35.7772
            ],
            [
              8.6673,
              35.7878
            ],
            [
              8.6729,
              35.7866
            ],
            [
              8.676,
              35.7881
            ],
            [
              8.6846,
              35.7834
            ],
            [
              8.6867,
              35.7854
            ],
            [
              8.6967,
              35.7872
            ],
            [
              8.6995,
              35.7906
            ],
            [
              8.7076,
              35.7898
            ],
            [
              8.71,
              35.7871
            ],
            [
              8.7119,
              35.7873
            ],
            [
              8.7131,
              35.7804
            ],
            [
              8.7099,
              35.7775
            ],
            [
              8.7129,
              35.7728
            ],
            [
              8.7157,
              35.7734
            ],
            [
              8.7174,
              35.7759
            ],
            [
              8.721,
              35.7758
            ],
            [
              8.7265,
              35.7722
            ],
            [
              8.73,
              35.7727
            ],
            [
              8.7357,
              35.7705
            ],
            [
              8.7467,
              35.7758
            ],
            [
              8.7591,
              35.7746
            ],
            [
              8.7632,
              35.7768
            ],
            [
              8.7636,
              35.7827
            ],
            [
              8.7709,
              35.784
            ],
            [
              8.7805,
              35.7773
            ],
            [
              8.7975,
              35.7761
            ],
            [
              8.804,
              35.7742
            ],
            [
              8.8203,
              35.7562
            ],
            [
              8.8314,
              35.7524
            ],
            [
              8.8422,
              35.7461
            ],
            [
              8.8461,
              35.7419
            ],
            [
              8.8693,
              35.7383
            ],
            [
              8.8811,
              35.7349
            ],
            [
              8.8889,
              35.7322
            ],
            [
              8.8951,
              35.728
            ],
            [
              8.9036,
              35.7262
            ],
            [
              8.9077,
              35.723
            ],
            [
              8.9251,
              35.7154
            ],
            [
              8.9304,
              35.7161
            ],
            [
              8.9365,
              35.7131
            ],
            [
              8.9509,
              35.7136
            ],
            [
              8.9617,
              35.7088
            ],
            [
              8.9655,
              35.7055
            ],
            [
              8.9861,
              35.7095
            ],
            [
              8.9941,
              35.7083
            ],
            [
              9.0053,
              35.701
            ],
            [
              9.0124,
              35.7011
            ],
            [
              9.0175,
              35.6987
            ],
            [
              9.0205,
              35.6933
            ],
            [
              9.026,
              35.6926
            ],
            [
              9.0274,
              35.6902
            ],
            [
              9.0312,
              35.6887
            ],
            [
              9.0333,
              35.688
            ],
            [
              9.0418,
              35.6908
            ],
            [
              9.0369,
              35.7032
            ],
            [
              9.0344,
              35.7302
            ],
            [
              9.0272,
              35.7406
            ],
            [
              9.0176,
              35.7625
            ],
            [
              9.0228,
              35.7638
            ],
            [
              9.0302,
              35.7771
            ],
            [
              9.0384,
              35.784
            ],
            [
              9.0339,
              35.7937
            ],
            [
              9.0325,
              35.8014
            ],
            [
              9.0273,
              35.8058
            ],
            [
              9.0398,
              35.8172
            ],
            [
              9.0185,
              35.8367
            ],
            [
              9.0293,
              35.8352
            ],
            [
              9.0421,
              35.8413
            ],
            [
              9.0426,
              35.8464
            ],
            [
              9.0497,
              35.8531
            ],
            [
              9.0429,
              35.8526
            ],
            [
              9.0354,
              35.8499
            ],
            [
              9.0254,
              35.8525
            ],
            [
              9.0288,
              35.8543
            ],
            [
              9.0374,
              35.8646
            ],
            [
              9.0374,
              35.8676
            ],
            [
              9.0396,
              35.8688
            ],
            [
              9.0388,
              35.8704
            ],
            [
              9.0414,
              35.875
            ],
            [
              9.0477,
              35.8807
            ],
            [
              9.0487,
              35.8864
            ],
            [
              9.0533,
              35.8888
            ],
            [
              9.0522,
              35.8931
            ],
            [
              9.0548,
              35.8972
            ],
            [
              9.0582,
              35.8983
            ],
            [
              9.0589,
              35.9012
            ],
            [
              9.0632,
              35.9036
            ],
            [
              9.0673,
              35.9023
            ],
            [
              9.0718,
              35.9033
            ],
            [
              9.0759,
              35.9092
            ],
            [
              9.0818,
              35.9094
            ],
            [
              9.0876,
              35.9173
            ],
            [
              9.0987,
              35.9257
            ],
            [
              9.0982,
              35.9459
            ],
            [
              9.1126,
              35.9623
            ],
            [
              9.1161,
              35.9772
            ],
            [
              9.1265,
              35.9799
            ],
            [
              9.1402,
              35.9867
            ],
            [
              9.149,
              35.9956
            ],
            [
              9.1514,
              35.9948
            ],
            [
              9.1606,
              36.0019
            ],
            [
              9.1692,
              36.0057
            ],
            [
              9.1623,
              36.0119
            ],
            [
              9.1575,
              36.012
            ],
            [
              9.1631,
              36.0155
            ],
            [
              9.1664,
              36.0203
            ],
            [
              9.1703,
              36.0213
            ],
            [
              9.1708,
              36.0233
            ],
            [
              9.1667,
              36.0259
            ],
            [
              9.1618,
              36.0332
            ],
            [
              9.155,
              36.0314
            ],
            [
              9.1518,
              36.0406
            ],
            [
              9.1631,
              36.0572
            ],
            [
              9.163,
              36.0607
            ],
            [
              9.155,
              36.0691
            ],
            [
              9.1567,
              36.0749
            ],
            [
              9.1611,
              36.0786
            ],
            [
              9.1568,
              36.0831
            ],
            [
              9.1578,
              36.0847
            ],
            [
              9.1421,
              36.0919
            ],
            [
              9.1353,
              36.0967
            ],
            [
              9.1357,
              36.0993
            ],
            [
              9.1332,
              36.0996
            ],
            [
              9.1342,
              36.101
            ],
            [
              9.1262,
              36.1038
            ],
            [
              9.1214,
              36.1025
            ],
            [
              9.1154,
              36.1095
            ],
            [
              9.1159,
              36.1122
            ],
            [
              9.1134,
              36.1145
            ],
            [
              9.114,
              36.1174
            ],
            [
              9.1109,
              36.1179
            ],
            [
              9.1107,
              36.1196
            ],
            [
              9.1073,
              36.1203
            ],
            [
              9.1014,
              36.1152
            ],
            [
              9.0888,
              36.1104
            ],
            [
              9.0812,
              36.1175
            ],
            [
              9.0807,
              36.1214
            ],
            [
              9.0845,
              36.1282
            ],
            [
              9.0828,
              36.1335
            ],
            [
              9.0781,
              36.1377
            ],
            [
              9.0524,
              36.1359
            ],
            [
              9.0499,
              36.141
            ],
            [
              9.047,
              36.1416
            ],
            [
              9.047,
              36.1435
            ],
            [
              9.0426,
              36.143
            ],
            [
              9.0436,
              36.1465
            ],
            [
              9.0415,
              36.151
            ],
            [
              9.0359,
              36.1591
            ],
            [
              9.0304,
              36.1636
            ],
            [
              9.0325,
              36.1702
            ],
            [
              9.0312,
              36.1716
            ],
            [
              9.0313,
              36.1825
            ],
            [
              9.037,
              36.1852
            ],
            [
              9.0561,
              36.2027
            ],
            [
              9.0454,
              36.2079
            ],
            [
              9.044,
              36.2108
            ],
            [
              9.04,
              36.2109
            ],
            [
              9.0395,
              36.2143
            ],
            [
              9.0342,
              36.2166
            ],
            [
              9.0371,
              36.2193
            ],
            [
              9.0389,
              36.2272
            ],
            [
              9.0458,
              36.2332
            ],
            [
              9.0488,
              36.2329
            ],
            [
              9.045,
              36.2344
            ],
            [
              9.0417,
              36.2392
            ],
            [
              9.0338,
              36.2393
            ],
            [
              9.0295,
              36.2415
            ],
            [
              9.0292,
              36.2401
            ],
            [
              9.026,
              36.2404
            ],
            [
              9.0258,
              36.2385
            ],
            [
              9.016,
              36.2433
            ],
            [
              9.008,
              36.2435
            ],
            [
              9,
              36.2399
            ],
            [
              8.9985,
              36.241
            ],
            [
              8.9963,
              36.2506
            ],
            [
              8.9931,
              36.2528
            ],
            [
              8.9928,
              36.2559
            ],
            [
              8.9882,
              36.2573
            ],
            [
              8.9833,
              36.2622
            ],
            [
              8.9834,
              36.2634
            ],
            [
              8.9863,
              36.2637
            ],
            [
              8.9812,
              36.2666
            ],
            [
              8.9777,
              36.2797
            ],
            [
              8.9733,
              36.2811
            ],
            [
              8.9678,
              36.2911
            ],
            [
              8.9645,
              36.29
            ],
            [
              8.9598,
              36.2957
            ],
            [
              8.9554,
              36.2954
            ],
            [
              8.9561,
              36.2998
            ],
            [
              8.9621,
              36.3021
            ],
            [
              8.9622,
              36.3037
            ],
            [
              8.9523,
              36.3032
            ],
            [
              8.9448,
              36.3099
            ],
            [
              8.9439,
              36.3141
            ],
            [
              8.9475,
              36.3151
            ],
            [
              8.9514,
              36.3138
            ],
            [
              8.953,
              36.3154
            ],
            [
              8.9526,
              36.3182
            ],
            [
              8.9466,
              36.32
            ],
            [
              8.9503,
              36.3252
            ],
            [
              8.9578,
              36.3274
            ],
            [
              8.957,
              36.3311
            ],
            [
              8.9616,
              36.331
            ],
            [
              8.959,
              36.3344
            ],
            [
              8.9601,
              36.3368
            ],
            [
              8.9667,
              36.3329
            ],
            [
              8.9683,
              36.3366
            ],
            [
              8.9642,
              36.3396
            ],
            [
              8.9661,
              36.3414
            ],
            [
              8.9729,
              36.3365
            ],
            [
              8.9772,
              36.3366
            ],
            [
              8.978,
              36.3394
            ],
            [
              8.9748,
              36.34
            ],
            [
              8.974,
              36.3418
            ],
            [
              8.9767,
              36.343
            ],
            [
              8.9818,
              36.3393
            ],
            [
              8.9823,
              36.3429
            ],
            [
              8.9805,
              36.3458
            ],
            [
              8.9875,
              36.3479
            ],
            [
              8.9844,
              36.3525
            ],
            [
              8.9788,
              36.3554
            ],
            [
              8.9819,
              36.3591
            ],
            [
              8.9744,
              36.3616
            ],
            [
              8.9728,
              36.3648
            ],
            [
              8.9778,
              36.3766
            ],
            [
              8.9754,
              36.38
            ],
            [
              8.9667,
              36.3843
            ],
            [
              8.9632,
              36.3931
            ],
            [
              8.9633,
              36.3983
            ],
            [
              8.9598,
              36.3987
            ],
            [
              8.9613,
              36.4037
            ],
            [
              8.9553,
              36.403
            ],
            [
              8.9548,
              36.4045
            ],
            [
              8.9575,
              36.4062
            ],
            [
              8.9564,
              36.4082
            ],
            [
              8.9499,
              36.4087
            ],
            [
              8.9481,
              36.4121
            ],
            [
              8.9411,
              36.4132
            ],
            [
              8.9383,
              36.4193
            ],
            [
              8.9366,
              36.4183
            ],
            [
              8.9312,
              36.4226
            ],
            [
              8.928,
              36.4298
            ],
            [
              8.9286,
              36.4378
            ],
            [
              8.9248,
              36.441
            ],
            [
              8.9311,
              36.4438
            ],
            [
              8.9318,
              36.4458
            ],
            [
              8.9298,
              36.4499
            ],
            [
              8.9352,
              36.4494
            ],
            [
              8.9357,
              36.4506
            ],
            [
              8.9355,
              36.4511
            ]
          ]
        ]
      }
    },
    {
      "type": "Feature",
      "properties": {
        "gov_id": "TN24",
        "gov_name": "Siliana",
        "gov_name_ar": "سليانـــة",
        "region_id": "TN2",
        "region_name": "North West",
        "source_level": "COD-AB ADM2",
        "area_sqkm": 4683.48868349,
        "center_lon": 9.35412398,
        "center_lat": 35.9687801,
        "display_name": "Siliana",
        "display_label": "Siliana — Governorate"
      },
      "geometry": {
        "type": "Polygon",
        "coordinates": [
          [
            [
              9.5223,
              36.4585
            ],
            [
              9.5114,
              36.4639
            ],
            [
              9.5093,
              36.4636
            ],
            [
              9.5008,
              36.4581
            ],
            [
              9.4925,
              36.458
            ],
            [
              9.4906,
              36.4567
            ],
            [
              9.4842,
              36.4585
            ],
            [
              9.4631,
              36.4496
            ],
            [
              9.4592,
              36.4505
            ],
            [
              9.4589,
              36.4531
            ],
            [
              9.4553,
              36.4566
            ],
            [
              9.4561,
              36.4591
            ],
            [
              9.4475,
              36.4593
            ],
            [
              9.4444,
              36.461
            ],
            [
              9.4343,
              36.4604
            ],
            [
              9.4303,
              36.4624
            ],
            [
              9.4214,
              36.4593
            ],
            [
              9.4097,
              36.4519
            ],
            [
              9.3998,
              36.4492
            ],
            [
              9.3941,
              36.4436
            ],
            [
              9.382,
              36.441
            ],
            [
              9.3794,
              36.4419
            ],
            [
              9.3774,
              36.4395
            ],
            [
              9.374,
              36.4432
            ],
            [
              9.3649,
              36.4414
            ],
            [
              9.3613,
              36.4392
            ],
            [
              9.3585,
              36.4266
            ],
            [
              9.3596,
              36.4191
            ],
            [
              9.3576,
              36.4132
            ],
            [
              9.3494,
              36.4053
            ],
            [
              9.3436,
              36.4031
            ],
            [
              9.3427,
              36.4008
            ],
            [
              9.344,
              36.396
            ],
            [
              9.3374,
              36.3911
            ],
            [
              9.334,
              36.3912
            ],
            [
              9.3346,
              36.3872
            ],
            [
              9.331,
              36.3843
            ],
            [
              9.3295,
              36.3783
            ],
            [
              9.325,
              36.3785
            ],
            [
              9.3228,
              36.3756
            ],
            [
              9.3225,
              36.3717
            ],
            [
              9.3166,
              36.3738
            ],
            [
              9.3148,
              36.3709
            ],
            [
              9.3124,
              36.3716
            ],
            [
              9.303,
              36.3659
            ],
            [
              9.2943,
              36.3648
            ],
            [
              9.2863,
              36.3598
            ],
            [
              9.2842,
              36.355
            ],
            [
              9.2804,
              36.3534
            ],
            [
              9.2799,
              36.3467
            ],
            [
              9.2756,
              36.3424
            ],
            [
              9.2753,
              36.3388
            ],
            [
              9.2727,
              36.337
            ],
            [
              9.2651,
              36.339
            ],
            [
              9.2661,
              36.346
            ],
            [
              9.2644,
              36.354
            ],
            [
              9.2596,
              36.3594
            ],
            [
              9.2575,
              36.3668
            ],
            [
              9.2457,
              36.3743
            ],
            [
              9.246,
              36.3711
            ],
            [
              9.243,
              36.3697
            ],
            [
              9.2337,
              36.3709
            ],
            [
              9.2322,
              36.3694
            ],
            [
              9.2179,
              36.3724
            ],
            [
              9.2097,
              36.3711
            ],
            [
              9.2025,
              36.3734
            ],
            [
              9.1937,
              36.3716
            ],
            [
              9.1899,
              36.3751
            ],
            [
              9.1871,
              36.3753
            ],
            [
              9.1849,
              36.3777
            ],
            [
              9.1858,
              36.3784
            ],
            [
              9.1818,
              36.3813
            ],
            [
              9.1793,
              36.3811
            ],
            [
              9.18,
              36.3831
            ],
            [
              9.1782,
              36.3839
            ],
            [
              9.1766,
              36.3825
            ],
            [
              9.1735,
              36.3845
            ],
            [
              9.1677,
              36.3804
            ],
            [
              9.1535,
              36.3774
            ],
            [
              9.1513,
              36.3743
            ],
            [
              9.1423,
              36.3716
            ],
            [
              9.1327,
              36.3639
            ],
            [
              9.1269,
              36.3628
            ],
            [
              9.1157,
              36.3661
            ],
            [
              9.1127,
              36.3688
            ],
            [
              9.1163,
              36.3837
            ],
            [
              9.1131,
              36.39
            ],
            [
              9.1123,
              36.3963
            ],
            [
              9.0985,
              36.4034
            ],
            [
              9.0935,
              36.4021
            ],
            [
              9.0861,
              36.4028
            ],
            [
              9.0818,
              36.4068
            ],
            [
              9.0858,
              36.4079
            ],
            [
              9.091,
              36.4138
            ],
            [
              9.0889,
              36.4195
            ],
            [
              9.0792,
              36.4244
            ],
            [
              9.0766,
              36.4287
            ],
            [
              9.0733,
              36.4297
            ],
            [
              9.0671,
              36.4353
            ],
            [
              9.0565,
              36.4363
            ],
            [
              9.0314,
              36.4449
            ],
            [
              9.023,
              36.4539
            ],
            [
              9.0171,
              36.4572
            ],
            [
              9.0162,
              36.4634
            ],
            [
              8.9991,
              36.4589
            ],
            [
              8.9935,
              36.4601
            ],
            [
              8.9857,
              36.4571
            ],
            [
              8.9836,
              36.458
            ],
            [
              8.9793,
              36.4568
            ],
            [
              8.9748,
              36.4591
            ],
            [
              8.9624,
              36.4585
            ],
            [
              8.9495,
              36.4547
            ],
            [
              8.9437,
              36.4514
            ],
            [
              8.9356,
              36.4522
            ],
            [
              8.9355,
              36.4494
            ],
            [
              8.9298,
              36.4499
            ],
            [
              8.9318,
              36.4458
            ],
            [
              8.9305,
              36.4429
            ],
            [
              8.9248,
              36.441
            ],
            [
              8.9286,
              36.4378
            ],
            [
              8.928,
              36.4298
            ],
            [
              8.9328,
              36.4204
            ],
            [
              8.9366,
              36.4183
            ],
            [
              8.9383,
              36.4193
            ],
            [
              8.9411,
              36.4132
            ],
            [
              8.9481,
              36.4121
            ],
            [
              8.9499,
              36.4087
            ],
            [
              8.9564,
              36.4082
            ],
            [
              8.9575,
              36.4062
            ],
            [
              8.9548,
              36.4045
            ],
            [
              8.9553,
              36.403
            ],
            [
              8.9613,
              36.4037
            ],
            [
              8.9598,
              36.3987
            ],
            [
              8.9633,
              36.3983
            ],
            [
              8.9632,
              36.3931
            ],
            [
              8.9667,
              36.3843
            ],
            [
              8.9754,
              36.38
            ],
            [
              8.9778,
              36.3766
            ],
            [
              8.9728,
              36.3648
            ],
            [
              8.9744,
              36.3616
            ],
            [
              8.9819,
              36.3591
            ],
            [
              8.9788,
              36.3554
            ],
            [
              8.9844,
              36.3525
            ],
            [
              8.9875,
              36.3479
            ],
            [
              8.9805,
              36.3458
            ],
            [
              8.9823,
              36.3429
            ],
            [
              8.9818,
              36.3393
            ],
            [
              8.9767,
              36.343
            ],
            [
              8.974,
              36.3418
            ],
            [
              8.9748,
              36.34
            ],
            [
              8.978,
              36.3394
            ],
            [
              8.9772,
              36.3366
            ],
            [
              8.9729,
              36.3365
            ],
            [
              8.9661,
              36.3414
            ],
            [
              8.9642,
              36.3396
            ],
            [
              8.9683,
              36.3366
            ],
            [
              8.9667,
              36.3329
            ],
            [
              8.9601,
              36.3368
            ],
            [
              8.959,
              36.3344
            ],
            [
              8.9616,
              36.331
            ],
            [
              8.957,
              36.3311
            ],
            [
              8.9578,
              36.3274
            ],
            [
              8.9503,
              36.3252
            ],
            [
              8.9466,
              36.32
            ],
            [
              8.9526,
              36.3182
            ],
            [
              8.953,
              36.3154
            ],
            [
              8.9514,
              36.3138
            ],
            [
              8.9475,
              36.3151
            ],
            [
              8.9439,
              36.3141
            ],
            [
              8.945,
              36.3096
            ],
            [
              8.9523,
              36.3032
            ],
            [
              8.9622,
              36.3037
            ],
            [
              8.9621,
              36.3021
            ],
            [
              8.9561,
              36.2998
            ],
            [
              8.9554,
              36.2954
            ],
            [
              8.9598,
              36.2957
            ],
            [
              8.9645,
              36.29
            ],
            [
              8.9678,
              36.2911
            ],
            [
              8.9733,
              36.2811
            ],
            [
              8.9777,
              36.2797
            ],
            [
              8.9812,
              36.2666
            ],
            [
              8.9863,
              36.2637
            ],
            [
              8.9834,
              36.2634
            ],
            [
              8.9833,
              36.2622
            ],
            [
              8.9882,
              36.2573
            ],
            [
              8.9928,
              36.2559
            ],
            [
              8.9931,
              36.2528
            ],
            [
              8.9963,
              36.2506
            ],
            [
              8.9985,
              36.241
            ],
            [
              9,
              36.2399
            ],
            [
              9.008,
              36.2435
            ],
            [
              9.016,
              36.2433
            ],
            [
              9.0258,
              36.2385
            ],
            [
              9.026,
              36.2404
            ],
            [
              9.0292,
              36.2401
            ],
            [
              9.0295,
              36.2415
            ],
            [
              9.0338,
              36.2393
            ],
            [
              9.0417,
              36.2392
            ],
            [
              9.045,
              36.2344
            ],
            [
              9.0488,
              36.2329
            ],
            [
              9.0458,
              36.2332
            ],
            [
              9.0389,
              36.2272
            ],
            [
              9.0371,
              36.2193
            ],
            [
              9.0342,
              36.2166
            ],
            [
              9.0395,
              36.2143
            ],
            [
              9.04,
              36.2109
            ],
            [
              9.044,
              36.2108
            ],
            [
              9.0454,
              36.2079
            ],
            [
              9.0561,
              36.2027
            ],
            [
              9.037,
              36.1852
            ],
            [
              9.0313,
              36.1825
            ],
            [
              9.0312,
              36.1716
            ],
            [
              9.0325,
              36.1702
            ],
            [
              9.0304,
              36.1636
            ],
            [
              9.0359,
              36.1591
            ],
            [
              9.0415,
              36.151
            ],
            [
              9.0436,
              36.1465
            ],
            [
              9.0426,
              36.143
            ],
            [
              9.047,
              36.1435
            ],
            [
              9.047,
              36.1416
            ],
            [
              9.0499,
              36.141
            ],
            [
              9.0524,
              36.1359
            ],
            [
              9.0781,
              36.1377
            ],
            [
              9.0828,
              36.1335
            ],
            [
              9.0845,
              36.1282
            ],
            [
              9.0807,
              36.1214
            ],
            [
              9.0812,
              36.1175
            ],
            [
              9.0888,
              36.1104
            ],
            [
              9.1014,
              36.1152
            ],
            [
              9.1073,
              36.1203
            ],
            [
              9.1107,
              36.1196
            ],
            [
              9.1109,
              36.1179
            ],
            [
              9.114,
              36.1174
            ],
            [
              9.1134,
              36.1145
            ],
            [
              9.1159,
              36.1122
            ],
            [
              9.1154,
              36.1095
            ],
            [
              9.1214,
              36.1025
            ],
            [
              9.1262,
              36.1038
            ],
            [
              9.1342,
              36.101
            ],
            [
              9.1332,
              36.0996
            ],
            [
              9.1357,
              36.0993
            ],
            [
              9.1353,
              36.0967
            ],
            [
              9.1421,
              36.0919
            ],
            [
              9.1578,
              36.0847
            ],
            [
              9.1568,
              36.0831
            ],
            [
              9.1611,
              36.0786
            ],
            [
              9.1567,
              36.0749
            ],
            [
              9.155,
              36.0691
            ],
            [
              9.163,
              36.0607
            ],
            [
              9.1631,
              36.0572
            ],
            [
              9.1518,
              36.0406
            ],
            [
              9.155,
              36.0314
            ],
            [
              9.1618,
              36.0332
            ],
            [
              9.1667,
              36.0259
            ],
            [
              9.1708,
              36.0233
            ],
            [
              9.1703,
              36.0213
            ],
            [
              9.1664,
              36.0203
            ],
            [
              9.1631,
              36.0155
            ],
            [
              9.1575,
              36.012
            ],
            [
              9.1623,
              36.0119
            ],
            [
              9.1692,
              36.0057
            ],
            [
              9.1606,
              36.0019
            ],
            [
              9.1514,
              35.9948
            ],
            [
              9.149,
              35.9956
            ],
            [
              9.1402,
              35.9867
            ],
            [
              9.1265,
              35.9799
            ],
            [
              9.1161,
              35.9772
            ],
            [
              9.1126,
              35.9623
            ],
            [
              9.0982,
              35.9459
            ],
            [
              9.0987,
              35.9257
            ],
            [
              9.0876,
              35.9173
            ],
            [
              9.0818,
              35.9094
            ],
            [
              9.0759,
              35.9092
            ],
            [
              9.0718,
              35.9033
            ],
            [
              9.0673,
              35.9023
            ],
            [
              9.0632,
              35.9036
            ],
            [
              9.0589,
              35.9012
            ],
            [
              9.0582,
              35.8983
            ],
            [
              9.0548,
              35.8972
            ],
            [
              9.0522,
              35.8931
            ],
            [
              9.0533,
              35.8888
            ],
            [
              9.0487,
              35.8864
            ],
            [
              9.0477,
              35.8807
            ],
            [
              9.0414,
              35.875
            ],
            [
              9.0388,
              35.8704
            ],
            [
              9.0396,
              35.8688
            ],
            [
              9.0374,
              35.8676
            ],
            [
              9.0374,
              35.8646
            ],
            [
              9.0288,
              35.8543
            ],
            [
              9.0254,
              35.8525
            ],
            [
              9.0354,
              35.8499
            ],
            [
              9.0429,
              35.8526
            ],
            [
              9.0497,
              35.8531
            ],
            [
              9.0426,
              35.8464
            ],
            [
              9.0421,
              35.8413
            ],
            [
              9.0293,
              35.8352
            ],
            [
              9.0185,
              35.8367
            ],
            [
              9.0398,
              35.8172
            ],
            [
              9.0273,
              35.8058
            ],
            [
              9.0325,
              35.8014
            ],
            [
              9.0339,
              35.7937
            ],
            [
              9.0384,
              35.784
            ],
            [
              9.0302,
              35.7771
            ],
            [
              9.0228,
              35.7638
            ],
            [
              9.0176,
              35.7625
            ],
            [
              9.0272,
              35.7406
            ],
            [
              9.0344,
              35.7302
            ],
            [
              9.0369,
              35.7032
            ],
            [
              9.0418,
              35.6908
            ],
            [
              9.0333,
              35.688
            ],
            [
              9.0312,
              35.6887
            ],
            [
              9.0274,
              35.6902
            ],
            [
              9.026,
              35.6926
            ],
            [
              9.0205,
              35.6933
            ],
            [
              9.0175,
              35.6987
            ],
            [
              9.0124,
              35.7011
            ],
            [
              9.0072,
              35.6969
            ],
            [
              8.9999,
              35.6972
            ],
            [
              8.9987,
              35.6946
            ],
            [
              8.9922,
              35.6928
            ],
            [
              8.9887,
              35.6885
            ],
            [
              8.9802,
              35.687
            ],
            [
              8.9765,
              35.6817
            ],
            [
              8.9676,
              35.6818
            ],
            [
              8.964,
              35.6769
            ],
            [
              8.976,
              35.678
            ],
            [
              8.9874,
              35.6751
            ],
            [
              9,
              35.6663
            ],
            [
              8.9969,
              35.6642
            ],
            [
              8.9863,
              35.6629
            ],
            [
              8.9901,
              35.6448
            ],
            [
              8.9932,
              35.6422
            ],
            [
              8.9943,
              35.6378
            ],
            [
              8.9973,
              35.6365
            ],
            [
              8.9942,
              35.633
            ],
            [
              9.0145,
              35.6314
            ],
            [
              9.0237,
              35.6284
            ],
            [
              9.0363,
              35.6301
            ],
            [
              9.0485,
              35.6344
            ],
            [
              9.0529,
              35.6297
            ],
            [
              9.0565,
              35.6211
            ],
            [
              9.0709,
              35.6143
            ],
            [
              9.0798,
              35.6127
            ],
            [
              9.0812,
              35.609
            ],
            [
              9.0857,
              35.6057
            ],
            [
              9.0869,
              35.6003
            ],
            [
              9.0881,
              35.6055
            ],
            [
              9.0923,
              35.6094
            ],
            [
              9.0915,
              35.6119
            ],
            [
              9.1029,
              35.6196
            ],
            [
              9.1019,
              35.6246
            ],
            [
              9.1146,
              35.6276
            ],
            [
              9.122,
              35.6184
            ],
            [
              9.1322,
              35.6101
            ],
            [
              9.1356,
              35.6112
            ],
            [
              9.1386,
              35.6154
            ],
            [
              9.1507,
              35.6194
            ],
            [
              9.1628,
              35.6135
            ],
            [
              9.1663,
              35.6134
            ],
            [
              9.1668,
              35.612
            ],
            [
              9.1745,
              35.617
            ],
            [
              9.1712,
              35.6109
            ],
            [
              9.1706,
              35.6055
            ],
            [
              9.179,
              35.6044
            ],
            [
              9.1925,
              35.5943
            ],
            [
              9.1838,
              35.5848
            ],
            [
              9.1837,
              35.5797
            ],
            [
              9.186,
              35.5781
            ],
            [
              9.1813,
              35.5737
            ],
            [
              9.1826,
              35.5674
            ],
            [
              9.1811,
              35.5626
            ],
            [
              9.191,
              35.5575
            ],
            [
              9.2052,
              35.5558
            ],
            [
              9.205,
              35.5533
            ],
            [
              9.2119,
              35.5483
            ],
            [
              9.2143,
              35.5428
            ],
            [
              9.2252,
              35.5421
            ],
            [
              9.2297,
              35.5455
            ],
            [
              9.2323,
              35.5445
            ],
            [
              9.2344,
              35.5461
            ],
            [
              9.2454,
              35.5475
            ],
            [
              9.2681,
              35.5535
            ],
            [
              9.2687,
              35.5498
            ],
            [
              9.2741,
              35.5457
            ],
            [
              9.2708,
              35.5444
            ],
            [
              9.2691,
              35.5409
            ],
            [
              9.2694,
              35.5391
            ],
            [
              9.2711,
              35.5388
            ],
            [
              9.2694,
              35.5373
            ],
            [
              9.2702,
              35.5323
            ],
            [
              9.2815,
              35.5308
            ],
            [
              9.2843,
              35.5333
            ],
            [
              9.293,
              35.5353
            ],
            [
              9.2959,
              35.5281
            ],
            [
              9.3,
              35.5259
            ],
            [
              9.3012,
              35.5231
            ],
            [
              9.3053,
              35.5217
            ],
            [
              9.3087,
              35.5138
            ],
            [
              9.3183,
              35.5114
            ],
            [
              9.3236,
              35.5062
            ],
            [
              9.3233,
              35.4993
            ],
            [
              9.3302,
              35.4925
            ],
            [
              9.323,
              35.4885
            ],
            [
              9.3303,
              35.4788
            ],
            [
              9.3331,
              35.4776
            ],
            [
              9.3637,
              35.4793
            ],
            [
              9.3678,
              35.4834
            ],
            [
              9.387,
              35.4889
            ],
            [
              9.3952,
              35.4952
            ],
            [
              9.4078,
              35.4953
            ],
            [
              9.413,
              35.4889
            ],
            [
              9.4453,
              35.4845
            ],
            [
              9.4534,
              35.4856
            ],
            [
              9.4591,
              35.4909
            ],
            [
              9.4641,
              35.4931
            ],
            [
              9.4562,
              35.4938
            ],
            [
              9.4526,
              35.4973
            ],
            [
              9.4501,
              35.4961
            ],
            [
              9.4414,
              35.4993
            ],
            [
              9.4403,
              35.5087
            ],
            [
              9.4385,
              35.5113
            ],
            [
              9.4389,
              35.5148
            ],
            [
              9.4352,
              35.5172
            ],
            [
              9.4351,
              35.5315
            ],
            [
              9.4315,
              35.5334
            ],
            [
              9.428,
              35.5399
            ],
            [
              9.4283,
              35.566
            ],
            [
              9.4306,
              35.5697
            ],
            [
              9.4287,
              35.5743
            ],
            [
              9.4261,
              35.5771
            ],
            [
              9.4134,
              35.5747
            ],
            [
              9.4076,
              35.5762
            ],
            [
              9.4041,
              35.5754
            ],
            [
              9.3989,
              35.5786
            ],
            [
              9.3986,
              35.581
            ],
            [
              9.3959,
              35.5828
            ],
            [
              9.3921,
              35.5822
            ],
            [
              9.3924,
              35.5846
            ],
            [
              9.3898,
              35.5891
            ],
            [
              9.3902,
              35.5929
            ],
            [
              9.3893,
              35.596
            ],
            [
              9.3871,
              35.5968
            ],
            [
              9.3851,
              35.6064
            ],
            [
              9.3793,
              35.6098
            ],
            [
              9.3447,
              35.6187
            ],
            [
              9.3426,
              35.6234
            ],
            [
              9.3301,
              35.6274
            ],
            [
              9.325,
              35.6406
            ],
            [
              9.3041,
              35.6626
            ],
            [
              9.2759,
              35.6844
            ],
            [
              9.2761,
              35.6858
            ],
            [
              9.2737,
              35.6864
            ],
            [
              9.2709,
              35.6936
            ],
            [
              9.2731,
              35.6985
            ],
            [
              9.2977,
              35.7254
            ],
            [
              9.313,
              35.7138
            ],
            [
              9.3198,
              35.7139
            ],
            [
              9.3269,
              35.7066
            ],
            [
              9.3302,
              35.7063
            ],
            [
              9.3382,
              35.7005
            ],
            [
              9.3477,
              35.7025
            ],
            [
              9.3523,
              35.7015
            ],
            [
              9.3533,
              35.703
            ],
            [
              9.3582,
              35.7027
            ],
            [
              9.3604,
              35.705
            ],
            [
              9.3637,
              35.7026
            ],
            [
              9.3649,
              35.7047
            ],
            [
              9.3684,
              35.7025
            ],
            [
              9.3744,
              35.7035
            ],
            [
              9.3763,
              35.7013
            ],
            [
              9.3771,
              35.7035
            ],
            [
              9.3814,
              35.7022
            ],
            [
              9.3827,
              35.6979
            ],
            [
              9.3848,
              35.698
            ],
            [
              9.3869,
              35.6944
            ],
            [
              9.3941,
              35.6901
            ],
            [
              9.3979,
              35.6887
            ],
            [
              9.4009,
              35.6903
            ],
            [
              9.4051,
              35.6895
            ],
            [
              9.4133,
              35.6945
            ],
            [
              9.4189,
              35.702
            ],
            [
              9.4221,
              35.7025
            ],
            [
              9.425,
              35.7083
            ],
            [
              9.4322,
              35.7094
            ],
            [
              9.4331,
              35.7121
            ],
            [
              9.4356,
              35.7087
            ],
            [
              9.442,
              35.7081
            ],
            [
              9.4427,
              35.7097
            ],
            [
              9.4464,
              35.7106
            ],
            [
              9.4461,
              35.7118
            ],
            [
              9.4505,
              35.7104
            ],
            [
              9.4569,
              35.7133
            ],
            [
              9.4543,
              35.7196
            ],
            [
              9.4618,
              35.7244
            ],
            [
              9.47,
              35.7249
            ],
            [
              9.468,
              35.7293
            ],
            [
              9.4715,
              35.728
            ],
            [
              9.4786,
              35.7319
            ],
            [
              9.503,
              35.7295
            ],
            [
              9.5154,
              35.7339
            ],
            [
              9.5176,
              35.7332
            ],
            [
              9.5207,
              35.7291
            ],
            [
              9.5249,
              35.7336
            ],
            [
              9.5214,
              35.7377
            ],
            [
              9.5317,
              35.7392
            ],
            [
              9.5375,
              35.7428
            ],
            [
              9.5376,
              35.7456
            ],
            [
              9.5354,
              35.7477
            ],
            [
              9.5341,
              35.7522
            ],
            [
              9.5257,
              35.756
            ],
            [
              9.5244,
              35.7551
            ],
            [
              9.5139,
              35.757
            ],
            [
              9.5031,
              35.764
            ],
            [
              9.4981,
              35.7696
            ],
            [
              9.4927,
              35.7887
            ],
            [
              9.4948,
              35.7886
            ],
            [
              9.4952,
              35.7921
            ],
            [
              9.4994,
              35.796
            ],
            [
              9.5093,
              35.8104
            ],
            [
              9.5088,
              35.82
            ],
            [
              9.5226,
              35.831
            ],
            [
              9.534,
              35.8317
            ],
            [
              9.5355,
              35.848
            ],
            [
              9.5324,
              35.855
            ],
            [
              9.5182,
              35.8545
            ],
            [
              9.5165,
              35.8563
            ],
            [
              9.5179,
              35.8616
            ],
            [
              9.5127,
              35.8645
            ],
            [
              9.5039,
              35.8655
            ],
            [
              9.4961,
              35.8712
            ],
            [
              9.4907,
              35.8729
            ],
            [
              9.491,
              35.8921
            ],
            [
              9.4857,
              35.9069
            ],
            [
              9.4898,
              35.9122
            ],
            [
              9.5029,
              35.9116
            ],
            [
              9.5156,
              35.9131
            ],
            [
              9.52,
              35.915
            ],
            [
              9.5214,
              35.9212
            ],
            [
              9.5232,
              35.9229
            ],
            [
              9.529,
              35.9246
            ],
            [
              9.5454,
              35.9356
            ],
            [
              9.5566,
              35.9407
            ],
            [
              9.5618,
              35.9455
            ],
            [
              9.5714,
              35.9499
            ],
            [
              9.5838,
              35.9613
            ],
            [
              9.5997,
              35.9721
            ],
            [
              9.6052,
              35.974
            ],
            [
              9.6369,
              36.0014
            ],
            [
              9.6485,
              36.0086
            ],
            [
              9.6549,
              36.0167
            ],
            [
              9.6621,
              36.0224
            ],
            [
              9.7114,
              36.0575
            ],
            [
              9.7322,
              36.0817
            ],
            [
              9.7507,
              36.1084
            ],
            [
              9.7603,
              36.1176
            ],
            [
              9.7637,
              36.131
            ],
            [
              9.7687,
              36.1352
            ],
            [
              9.7667,
              36.1394
            ],
            [
              9.7696,
              36.1438
            ],
            [
              9.7691,
              36.145
            ],
            [
              9.7607,
              36.152
            ],
            [
              9.7495,
              36.1559
            ],
            [
              9.7489,
              36.1599
            ],
            [
              9.7443,
              36.1632
            ],
            [
              9.74,
              36.164
            ],
            [
              9.7369,
              36.1669
            ],
            [
              9.7432,
              36.1736
            ],
            [
              9.7421,
              36.1764
            ],
            [
              9.7447,
              36.1811
            ],
            [
              9.7437,
              36.1899
            ],
            [
              9.7379,
              36.1954
            ],
            [
              9.7283,
              36.1996
            ],
            [
              9.7261,
              36.2064
            ],
            [
              9.7207,
              36.205
            ],
            [
              9.716,
              36.2012
            ],
            [
              9.7123,
              36.2022
            ],
            [
              9.6993,
              36.2103
            ],
            [
              9.6996,
              36.216
            ],
            [
              9.6854,
              36.2249
            ],
            [
              9.679,
              36.2253
            ],
            [
              9.6744,
              36.2275
            ],
            [
              9.6619,
              36.2235
            ],
            [
              9.6553,
              36.2172
            ],
            [
              9.6482,
              36.2152
            ],
            [
              9.6476,
              36.2192
            ],
            [
              9.6498,
              36.2266
            ],
            [
              9.6479,
              36.2303
            ],
            [
              9.6511,
              36.2377
            ],
            [
              9.6487,
              36.2414
            ],
            [
              9.6457,
              36.2439
            ],
            [
              9.6448,
              36.2411
            ],
            [
              9.6398,
              36.2385
            ],
            [
              9.6259,
              36.2413
            ],
            [
              9.6235,
              36.2446
            ],
            [
              9.6148,
              36.2434
            ],
            [
              9.6041,
              36.2507
            ],
            [
              9.6013,
              36.2492
            ],
            [
              9.5965,
              36.252
            ],
            [
              9.5946,
              36.257
            ],
            [
              9.5958,
              36.2609
            ],
            [
              9.5933,
              36.2633
            ],
            [
              9.6014,
              36.2675
            ],
            [
              9.6032,
              36.2716
            ],
            [
              9.6089,
              36.271
            ],
            [
              9.6132,
              36.2725
            ],
            [
              9.6217,
              36.2808
            ],
            [
              9.6341,
              36.2863
            ],
            [
              9.638,
              36.291
            ],
            [
              9.6446,
              36.289
            ],
            [
              9.6621,
              36.2903
            ],
            [
              9.6715,
              36.2894
            ],
            [
              9.6766,
              36.2913
            ],
            [
              9.6785,
              36.2947
            ],
            [
              9.6863,
              36.2995
            ],
            [
              9.6952,
              36.2984
            ],
            [
              9.696,
              36.2999
            ],
            [
              9.7036,
              36.302
            ],
            [
              9.7156,
              36.3116
            ],
            [
              9.7197,
              36.3119
            ],
            [
              9.7213,
              36.3137
            ],
            [
              9.7224,
              36.3229
            ],
            [
              9.716,
              36.3268
            ],
            [
              9.7152,
              36.3299
            ],
            [
              9.7236,
              36.3463
            ],
            [
              9.7268,
              36.349
            ],
            [
              9.7372,
              36.35
            ],
            [
              9.7544,
              36.3556
            ],
            [
              9.7559,
              36.3633
            ],
            [
              9.7543,
              36.3743
            ],
            [
              9.7663,
              36.381
            ],
            [
              9.7575,
              36.3877
            ],
            [
              9.753,
              36.4044
            ],
            [
              9.7446,
              36.4174
            ],
            [
              9.7436,
              36.4241
            ],
            [
              9.7464,
              36.4308
            ],
            [
              9.7393,
              36.4504
            ],
            [
              9.7113,
              36.4403
            ],
            [
              9.7106,
              36.4423
            ],
            [
              9.7063,
              36.4449
            ],
            [
              9.6981,
              36.446
            ],
            [
              9.6823,
              36.4409
            ],
            [
              9.6754,
              36.4345
            ],
            [
              9.6617,
              36.4282
            ],
            [
              9.6556,
              36.4273
            ],
            [
              9.6525,
              36.4109
            ],
            [
              9.6515,
              36.4123
            ],
            [
              9.6474,
              36.4122
            ],
            [
              9.6424,
              36.4211
            ],
            [
              9.6381,
              36.4214
            ],
            [
              9.6372,
              36.4233
            ],
            [
              9.6345,
              36.4239
            ],
            [
              9.6318,
              36.4236
            ],
            [
              9.629,
              36.4208
            ],
            [
              9.628,
              36.426
            ],
            [
              9.6221,
              36.422
            ],
            [
              9.6217,
              36.424
            ],
            [
              9.6244,
              36.4256
            ],
            [
              9.6175,
              36.4257
            ],
            [
              9.6141,
              36.4233
            ],
            [
              9.6052,
              36.4228
            ],
            [
              9.5902,
              36.4249
            ],
            [
              9.5883,
              36.4281
            ],
            [
              9.583,
              36.4249
            ],
            [
              9.5745,
              36.4267
            ],
            [
              9.5694,
              36.426
            ],
            [
              9.5668,
              36.4297
            ],
            [
              9.5662,
              36.4351
            ],
            [
              9.5637,
              36.4376
            ],
            [
              9.5572,
              36.439
            ],
            [
              9.5514,
              36.4436
            ],
            [
              9.5378,
              36.4433
            ],
            [
              9.5371,
              36.4507
            ],
            [
              9.532,
              36.4545
            ],
            [
              9.5263,
              36.455
            ],
            [
              9.5239,
              36.4577
            ],
            [
              9.5223,
              36.4585
            ]
          ]
        ]
      }
    },
    {
      "type": "Feature",
      "properties": {
        "gov_id": "TN31",
        "gov_name": "Sousse",
        "gov_name_ar": "سوسة",
        "region_id": "TN3",
        "region_name": "Centre East",
        "source_level": "COD-AB ADM2",
        "area_sqkm": 2281.008504,
        "center_lon": 10.3885927,
        "center_lat": 35.97331166,
        "display_name": "Sousse",
        "display_label": "Sousse — Governorate"
      },
      "geometry": {
        "type": "Polygon",
        "coordinates": [
          [
            [
              10.5248,
              36.36
            ],
            [
              10.5318,
              36.3704
            ],
            [
              10.5064,
              36.3917
            ],
            [
              10.4962,
              36.3773
            ],
            [
              10.4803,
              36.3599
            ],
            [
              10.4657,
              36.3703
            ],
            [
              10.4624,
              36.3699
            ],
            [
              10.4571,
              36.3663
            ],
            [
              10.4163,
              36.3794
            ],
            [
              10.4015,
              36.3779
            ],
            [
              10.3932,
              36.3809
            ],
            [
              10.3926,
              36.3793
            ],
            [
              10.3881,
              36.3797
            ],
            [
              10.3844,
              36.3828
            ],
            [
              10.3788,
              36.3827
            ],
            [
              10.3785,
              36.3804
            ],
            [
              10.3814,
              36.3771
            ],
            [
              10.3784,
              36.3717
            ],
            [
              10.3723,
              36.3664
            ],
            [
              10.3733,
              36.3631
            ],
            [
              10.3801,
              36.359
            ],
            [
              10.3768,
              36.3516
            ],
            [
              10.3716,
              36.3514
            ],
            [
              10.3718,
              36.3456
            ],
            [
              10.3691,
              36.3407
            ],
            [
              10.3777,
              36.3321
            ],
            [
              10.3799,
              36.3279
            ],
            [
              10.3818,
              36.3286
            ],
            [
              10.3856,
              36.3243
            ],
            [
              10.3818,
              36.3211
            ],
            [
              10.3774,
              36.313
            ],
            [
              10.3806,
              36.3106
            ],
            [
              10.382,
              36.3008
            ],
            [
              10.3743,
              36.2963
            ],
            [
              10.3775,
              36.2954
            ],
            [
              10.3763,
              36.2921
            ],
            [
              10.3785,
              36.2867
            ],
            [
              10.3751,
              36.2815
            ],
            [
              10.3698,
              36.2803
            ],
            [
              10.3606,
              36.284
            ],
            [
              10.3586,
              36.2835
            ],
            [
              10.358,
              36.2811
            ],
            [
              10.3623,
              36.2719
            ],
            [
              10.3656,
              36.2688
            ],
            [
              10.3829,
              36.2667
            ],
            [
              10.3853,
              36.2644
            ],
            [
              10.3838,
              36.258
            ],
            [
              10.3859,
              36.248
            ],
            [
              10.3795,
              36.2476
            ],
            [
              10.3717,
              36.2408
            ],
            [
              10.3472,
              36.2355
            ],
            [
              10.3402,
              36.2307
            ],
            [
              10.3374,
              36.2269
            ],
            [
              10.3184,
              36.2282
            ],
            [
              10.31,
              36.2359
            ],
            [
              10.2912,
              36.2361
            ],
            [
              10.2816,
              36.2439
            ],
            [
              10.2793,
              36.2341
            ],
            [
              10.2549,
              36.2229
            ],
            [
              10.2615,
              36.2143
            ],
            [
              10.2673,
              36.2116
            ],
            [
              10.2624,
              36.2024
            ],
            [
              10.2556,
              36.1961
            ],
            [
              10.2675,
              36.173
            ],
            [
              10.2586,
              36.1608
            ],
            [
              10.2425,
              36.1537
            ],
            [
              10.233,
              36.1668
            ],
            [
              10.2199,
              36.1607
            ],
            [
              10.2145,
              36.1616
            ],
            [
              10.2008,
              36.1564
            ],
            [
              10.191,
              36.1587
            ],
            [
              10.184,
              36.1579
            ],
            [
              10.1824,
              36.1564
            ],
            [
              10.1834,
              36.1538
            ],
            [
              10.1813,
              36.1511
            ],
            [
              10.1819,
              36.138
            ],
            [
              10.1943,
              36.1383
            ],
            [
              10.2073,
              36.1352
            ],
            [
              10.2043,
              36.1352
            ],
            [
              10.2027,
              36.133
            ],
            [
              10.2041,
              36.1276
            ],
            [
              10.2018,
              36.1148
            ],
            [
              10.2038,
              36.1094
            ],
            [
              10.2021,
              36.1041
            ],
            [
              10.2044,
              36.0983
            ],
            [
              10.2103,
              36.0957
            ],
            [
              10.2072,
              36.0908
            ],
            [
              10.2144,
              36.0902
            ],
            [
              10.2168,
              36.0869
            ],
            [
              10.21,
              36.079
            ],
            [
              10.2071,
              36.0681
            ],
            [
              10.209,
              36.0661
            ],
            [
              10.2046,
              36.0654
            ],
            [
              10.2038,
              36.0565
            ],
            [
              10.222,
              36.0549
            ],
            [
              10.2309,
              36.0506
            ],
            [
              10.2473,
              36.039
            ],
            [
              10.2557,
              36.0356
            ],
            [
              10.2568,
              36.0004
            ],
            [
              10.2527,
              35.9965
            ],
            [
              10.2458,
              35.9814
            ],
            [
              10.241,
              35.9682
            ],
            [
              10.2369,
              35.9468
            ],
            [
              10.2275,
              35.9269
            ],
            [
              10.2234,
              35.9269
            ],
            [
              10.2219,
              35.9214
            ],
            [
              10.2188,
              35.9194
            ],
            [
              10.2184,
              35.914
            ],
            [
              10.2156,
              35.9077
            ],
            [
              10.2137,
              35.906
            ],
            [
              10.2022,
              35.9036
            ],
            [
              10.2032,
              35.8996
            ],
            [
              10.1996,
              35.8973
            ],
            [
              10.1982,
              35.8935
            ],
            [
              10.1942,
              35.8894
            ],
            [
              10.1876,
              35.8876
            ],
            [
              10.1801,
              35.8795
            ],
            [
              10.1754,
              35.8677
            ],
            [
              10.177,
              35.8605
            ],
            [
              10.18,
              35.8567
            ],
            [
              10.1794,
              35.8529
            ],
            [
              10.1689,
              35.8441
            ],
            [
              10.1689,
              35.8421
            ],
            [
              10.1715,
              35.8403
            ],
            [
              10.16,
              35.836
            ],
            [
              10.1606,
              35.833
            ],
            [
              10.158,
              35.8251
            ],
            [
              10.162,
              35.8229
            ],
            [
              10.1652,
              35.8232
            ],
            [
              10.166,
              35.8218
            ],
            [
              10.1645,
              35.8197
            ],
            [
              10.1601,
              35.8189
            ],
            [
              10.1589,
              35.8135
            ],
            [
              10.1638,
              35.8079
            ],
            [
              10.1647,
              35.8032
            ],
            [
              10.173,
              35.7967
            ],
            [
              10.1724,
              35.7913
            ],
            [
              10.1775,
              35.7917
            ],
            [
              10.1837,
              35.7888
            ],
            [
              10.1845,
              35.7843
            ],
            [
              10.1872,
              35.7827
            ],
            [
              10.1872,
              35.7798
            ],
            [
              10.1908,
              35.7781
            ],
            [
              10.2034,
              35.7639
            ],
            [
              10.2047,
              35.7493
            ],
            [
              10.2076,
              35.7427
            ],
            [
              10.2126,
              35.7396
            ],
            [
              10.2113,
              35.7153
            ],
            [
              10.2314,
              35.7052
            ],
            [
              10.2402,
              35.6935
            ],
            [
              10.2545,
              35.6797
            ],
            [
              10.273,
              35.653
            ],
            [
              10.2769,
              35.6495
            ],
            [
              10.2723,
              35.633
            ],
            [
              10.2837,
              35.6124
            ],
            [
              10.285,
              35.6072
            ],
            [
              10.2904,
              35.6028
            ],
            [
              10.2954,
              35.5943
            ],
            [
              10.2934,
              35.5793
            ],
            [
              10.2958,
              35.5795
            ],
            [
              10.2967,
              35.5814
            ],
            [
              10.3004,
              35.5804
            ],
            [
              10.3057,
              35.5816
            ],
            [
              10.3073,
              35.585
            ],
            [
              10.3164,
              35.5855
            ],
            [
              10.3178,
              35.5889
            ],
            [
              10.3212,
              35.5911
            ],
            [
              10.321,
              35.6005
            ],
            [
              10.3185,
              35.6036
            ],
            [
              10.3219,
              35.6032
            ],
            [
              10.3203,
              35.6054
            ],
            [
              10.3228,
              35.6073
            ],
            [
              10.3226,
              35.6118
            ],
            [
              10.3277,
              35.6112
            ],
            [
              10.3277,
              35.6156
            ],
            [
              10.3371,
              35.6162
            ],
            [
              10.3403,
              35.6179
            ],
            [
              10.3464,
              35.6165
            ],
            [
              10.3515,
              35.619
            ],
            [
              10.3538,
              35.6233
            ],
            [
              10.3564,
              35.6218
            ],
            [
              10.3616,
              35.6238
            ],
            [
              10.3701,
              35.634
            ],
            [
              10.3817,
              35.6312
            ],
            [
              10.3831,
              35.6333
            ],
            [
              10.381,
              35.6362
            ],
            [
              10.3845,
              35.6381
            ],
            [
              10.3869,
              35.6361
            ],
            [
              10.3865,
              35.6387
            ],
            [
              10.3891,
              35.6402
            ],
            [
              10.3937,
              35.6398
            ],
            [
              10.3928,
              35.6415
            ],
            [
              10.4011,
              35.6405
            ],
            [
              10.4013,
              35.6437
            ],
            [
              10.4051,
              35.645
            ],
            [
              10.4075,
              35.642
            ],
            [
              10.4178,
              35.6415
            ],
            [
              10.4172,
              35.64
            ],
            [
              10.4188,
              35.6391
            ],
            [
              10.4303,
              35.644
            ],
            [
              10.4312,
              35.6415
            ],
            [
              10.4369,
              35.6409
            ],
            [
              10.4389,
              35.6378
            ],
            [
              10.4498,
              35.64
            ],
            [
              10.4611,
              35.6341
            ],
            [
              10.4639,
              35.635
            ],
            [
              10.4667,
              35.6337
            ],
            [
              10.4704,
              35.6315
            ],
            [
              10.4704,
              35.6287
            ],
            [
              10.4764,
              35.6259
            ],
            [
              10.4743,
              35.6243
            ],
            [
              10.4793,
              35.6208
            ],
            [
              10.4772,
              35.6173
            ],
            [
              10.4876,
              35.6154
            ],
            [
              10.4869,
              35.6112
            ],
            [
              10.4908,
              35.6026
            ],
            [
              10.4926,
              35.6019
            ],
            [
              10.4928,
              35.5952
            ],
            [
              10.4978,
              35.5816
            ],
            [
              10.4976,
              35.5779
            ],
            [
              10.4955,
              35.5771
            ],
            [
              10.4916,
              35.566
            ],
            [
              10.4945,
              35.5599
            ],
            [
              10.4996,
              35.5548
            ],
            [
              10.5213,
              35.561
            ],
            [
              10.5358,
              35.5689
            ],
            [
              10.5269,
              35.5854
            ],
            [
              10.5205,
              35.5899
            ],
            [
              10.527,
              35.602
            ],
            [
              10.5317,
              35.61
            ],
            [
              10.5351,
              35.6107
            ],
            [
              10.5529,
              35.6222
            ],
            [
              10.5592,
              35.6282
            ],
            [
              10.569,
              35.6503
            ],
            [
              10.5778,
              35.6416
            ],
            [
              10.5865,
              35.6474
            ],
            [
              10.5917,
              35.6489
            ],
            [
              10.6189,
              35.6364
            ],
            [
              10.6199,
              35.6404
            ],
            [
              10.6469,
              35.6642
            ],
            [
              10.6484,
              35.6678
            ],
            [
              10.647,
              35.6724
            ],
            [
              10.631,
              35.6806
            ],
            [
              10.6251,
              35.6856
            ],
            [
              10.6308,
              35.6888
            ],
            [
              10.6302,
              35.6912
            ],
            [
              10.6368,
              35.6917
            ],
            [
              10.6382,
              35.6934
            ],
            [
              10.6338,
              35.6975
            ],
            [
              10.6336,
              35.6999
            ],
            [
              10.635,
              35.7049
            ],
            [
              10.6402,
              35.7073
            ],
            [
              10.6377,
              35.7098
            ],
            [
              10.6415,
              35.7144
            ],
            [
              10.6337,
              35.7187
            ],
            [
              10.6231,
              35.7328
            ],
            [
              10.6323,
              35.7337
            ],
            [
              10.6453,
              35.7433
            ],
            [
              10.6578,
              35.7438
            ],
            [
              10.6596,
              35.7418
            ],
            [
              10.6673,
              35.7394
            ],
            [
              10.6687,
              35.74
            ],
            [
              10.6683,
              35.7489
            ],
            [
              10.6762,
              35.7571
            ],
            [
              10.6755,
              35.7618
            ],
            [
              10.6705,
              35.7708
            ],
            [
              10.6773,
              35.7764
            ],
            [
              10.6844,
              35.7874
            ],
            [
              10.6707,
              35.7997
            ],
            [
              10.657,
              35.8071
            ],
            [
              10.6488,
              35.8136
            ],
            [
              10.6468,
              35.8218
            ],
            [
              10.6434,
              35.8214
            ],
            [
              10.6421,
              35.8255
            ],
            [
              10.6429,
              35.8271
            ],
            [
              10.6481,
              35.8274
            ],
            [
              10.627,
              35.8445
            ],
            [
              10.6173,
              35.8631
            ],
            [
              10.6045,
              35.8753
            ],
            [
              10.6009,
              35.8841
            ],
            [
              10.5994,
              35.8957
            ],
            [
              10.5863,
              35.9074
            ],
            [
              10.577,
              35.9209
            ],
            [
              10.5769,
              35.9235
            ],
            [
              10.5681,
              35.9302
            ],
            [
              10.5468,
              35.9526
            ],
            [
              10.5371,
              35.9695
            ],
            [
              10.5282,
              35.9809
            ],
            [
              10.5292,
              35.9855
            ],
            [
              10.5198,
              36.0075
            ],
            [
              10.5158,
              36.0279
            ],
            [
              10.5073,
              36.0336
            ],
            [
              10.4963,
              36.0371
            ],
            [
              10.4893,
              36.0436
            ],
            [
              10.4811,
              36.0597
            ],
            [
              10.4746,
              36.083
            ],
            [
              10.4676,
              36.1216
            ],
            [
              10.4663,
              36.1686
            ],
            [
              10.4673,
              36.1841
            ],
            [
              10.4753,
              36.2277
            ],
            [
              10.4903,
              36.2734
            ],
            [
              10.5042,
              36.3057
            ],
            [
              10.4935,
              36.309
            ],
            [
              10.4898,
              36.3146
            ],
            [
              10.4951,
              36.3189
            ],
            [
              10.4961,
              36.3242
            ],
            [
              10.5135,
              36.3416
            ],
            [
              10.5238,
              36.3583
            ],
            [
              10.5248,
              36.36
            ]
          ]
        ]
      }
    },
    {
      "type": "Feature",
      "properties": {
        "gov_id": "TN32",
        "gov_name": "Monastir",
        "gov_name_ar": "المنستير",
        "region_id": "TN3",
        "region_name": "Centre East",
        "source_level": "COD-AB ADM2",
        "area_sqkm": 1031.09144253,
        "center_lon": 10.72206025,
        "center_lat": 35.60498933,
        "display_name": "Monastir",
        "display_label": "Monastir — Governorate"
      },
      "geometry": {
        "type": "MultiPolygon",
        "coordinates": [
          [
            [
              [
                10.7344,
                35.7645
              ],
              [
                10.7282,
                35.7657
              ],
              [
                10.6955,
                35.7837
              ],
              [
                10.6844,
                35.7874
              ],
              [
                10.6766,
                35.7756
              ],
              [
                10.6708,
                35.7717
              ],
              [
                10.6755,
                35.7618
              ],
              [
                10.6762,
                35.7571
              ],
              [
                10.6683,
                35.7489
              ],
              [
                10.6687,
                35.74
              ],
              [
                10.6664,
                35.7391
              ],
              [
                10.6578,
                35.7438
              ],
              [
                10.6453,
                35.7433
              ],
              [
                10.6323,
                35.7337
              ],
              [
                10.6233,
                35.733
              ],
              [
                10.6297,
                35.7228
              ],
              [
                10.6415,
                35.7144
              ],
              [
                10.6377,
                35.7098
              ],
              [
                10.6402,
                35.7073
              ],
              [
                10.635,
                35.7049
              ],
              [
                10.6336,
                35.6999
              ],
              [
                10.6338,
                35.6975
              ],
              [
                10.6382,
                35.6934
              ],
              [
                10.6368,
                35.6917
              ],
              [
                10.6302,
                35.6912
              ],
              [
                10.6308,
                35.6888
              ],
              [
                10.6251,
                35.6856
              ],
              [
                10.631,
                35.6806
              ],
              [
                10.647,
                35.6724
              ],
              [
                10.6484,
                35.6678
              ],
              [
                10.6476,
                35.6653
              ],
              [
                10.6199,
                35.6404
              ],
              [
                10.6189,
                35.6364
              ],
              [
                10.5917,
                35.6489
              ],
              [
                10.5865,
                35.6474
              ],
              [
                10.5778,
                35.6416
              ],
              [
                10.569,
                35.6503
              ],
              [
                10.5592,
                35.6282
              ],
              [
                10.5529,
                35.6222
              ],
              [
                10.531,
                35.6093
              ],
              [
                10.5205,
                35.5899
              ],
              [
                10.5269,
                35.5854
              ],
              [
                10.5358,
                35.5689
              ],
              [
                10.5213,
                35.561
              ],
              [
                10.4996,
                35.5548
              ],
              [
                10.4955,
                35.5498
              ],
              [
                10.4943,
                35.5454
              ],
              [
                10.4927,
                35.5159
              ],
              [
                10.4966,
                35.5034
              ],
              [
                10.494,
                35.4964
              ],
              [
                10.4995,
                35.4818
              ],
              [
                10.5037,
                35.4823
              ],
              [
                10.5081,
                35.4785
              ],
              [
                10.5107,
                35.4789
              ],
              [
                10.5117,
                35.4807
              ],
              [
                10.5209,
                35.4826
              ],
              [
                10.5308,
                35.4835
              ],
              [
                10.5333,
                35.4815
              ],
              [
                10.5405,
                35.4853
              ],
              [
                10.5506,
                35.4879
              ],
              [
                10.5544,
                35.4925
              ],
              [
                10.5578,
                35.4937
              ],
              [
                10.5596,
                35.4973
              ],
              [
                10.5596,
                35.5031
              ],
              [
                10.5913,
                35.5063
              ],
              [
                10.595,
                35.498
              ],
              [
                10.6147,
                35.4942
              ],
              [
                10.6116,
                35.4912
              ],
              [
                10.6178,
                35.4857
              ],
              [
                10.6211,
                35.4856
              ],
              [
                10.6252,
                35.4882
              ],
              [
                10.6353,
                35.4959
              ],
              [
                10.6381,
                35.5002
              ],
              [
                10.6402,
                35.4859
              ],
              [
                10.6479,
                35.4823
              ],
              [
                10.6567,
                35.4814
              ],
              [
                10.6609,
                35.4773
              ],
              [
                10.6723,
                35.4847
              ],
              [
                10.6772,
                35.4772
              ],
              [
                10.6842,
                35.4775
              ],
              [
                10.6837,
                35.4716
              ],
              [
                10.6888,
                35.4744
              ],
              [
                10.6889,
                35.476
              ],
              [
                10.6973,
                35.4735
              ],
              [
                10.6991,
                35.4771
              ],
              [
                10.6979,
                35.4795
              ],
              [
                10.7051,
                35.4786
              ],
              [
                10.7121,
                35.4752
              ],
              [
                10.718,
                35.4893
              ],
              [
                10.7355,
                35.4873
              ],
              [
                10.7308,
                35.4745
              ],
              [
                10.7535,
                35.4637
              ],
              [
                10.7595,
                35.4498
              ],
              [
                10.7666,
                35.449
              ],
              [
                10.7689,
                35.4443
              ],
              [
                10.7775,
                35.4402
              ],
              [
                10.7756,
                35.4348
              ],
              [
                10.7816,
                35.4347
              ],
              [
                10.7811,
                35.4271
              ],
              [
                10.7971,
                35.429
              ],
              [
                10.7964,
                35.4267
              ],
              [
                10.7997,
                35.4231
              ],
              [
                10.8085,
                35.423
              ],
              [
                10.8153,
                35.4332
              ],
              [
                10.8252,
                35.4302
              ],
              [
                10.8257,
                35.4353
              ],
              [
                10.8324,
                35.4339
              ],
              [
                10.8429,
                35.4373
              ],
              [
                10.8469,
                35.4512
              ],
              [
                10.8413,
                35.452
              ],
              [
                10.8372,
                35.4563
              ],
              [
                10.8433,
                35.464
              ],
              [
                10.844,
                35.467
              ],
              [
                10.8397,
                35.468
              ],
              [
                10.8473,
                35.4837
              ],
              [
                10.8516,
                35.4868
              ],
              [
                10.8591,
                35.4832
              ],
              [
                10.8583,
                35.4849
              ],
              [
                10.8672,
                35.4869
              ],
              [
                10.8689,
                35.4953
              ],
              [
                10.8734,
                35.4989
              ],
              [
                10.8761,
                35.4966
              ],
              [
                10.8934,
                35.5067
              ],
              [
                10.8976,
                35.5072
              ],
              [
                10.8976,
                35.5046
              ],
              [
                10.9104,
                35.5041
              ],
              [
                10.9243,
                35.5078
              ],
              [
                10.9159,
                35.518
              ],
              [
                10.9219,
                35.5236
              ],
              [
                10.9204,
                35.5256
              ],
              [
                10.923,
                35.527
              ],
              [
                10.9215,
                35.5297
              ],
              [
                10.9285,
                35.5291
              ],
              [
                10.9372,
                35.5425
              ],
              [
                10.9438,
                35.5415
              ],
              [
                10.9472,
                35.5435
              ],
              [
                10.9422,
                35.5471
              ],
              [
                10.94,
                35.5514
              ],
              [
                10.9345,
                35.5552
              ],
              [
                10.9301,
                35.5607
              ],
              [
                10.9298,
                35.5624
              ],
              [
                10.9325,
                35.5626
              ],
              [
                10.9329,
                35.5644
              ],
              [
                10.9289,
                35.5666
              ],
              [
                10.9343,
                35.5679
              ],
              [
                10.9315,
                35.5705
              ],
              [
                10.9317,
                35.5749
              ],
              [
                10.9344,
                35.5768
              ],
              [
                10.9297,
                35.5781
              ],
              [
                10.9288,
                35.5813
              ],
              [
                10.9204,
                35.5814
              ],
              [
                10.918,
                35.5849
              ],
              [
                10.9134,
                35.585
              ],
              [
                10.9114,
                35.588
              ],
              [
                10.9131,
                35.5903
              ],
              [
                10.9089,
                35.5907
              ],
              [
                10.9064,
                35.5935
              ],
              [
                10.9111,
                35.5923
              ],
              [
                10.9129,
                35.5935
              ],
              [
                10.9118,
                35.598
              ],
              [
                10.91,
                35.599
              ],
              [
                10.912,
                35.601
              ],
              [
                10.9098,
                35.6032
              ],
              [
                10.9169,
                35.602
              ],
              [
                10.9141,
                35.6048
              ],
              [
                10.9209,
                35.6038
              ],
              [
                10.9197,
                35.6059
              ],
              [
                10.9212,
                35.6065
              ],
              [
                10.9209,
                35.6081
              ],
              [
                10.9257,
                35.6113
              ],
              [
                10.9317,
                35.6102
              ],
              [
                10.9335,
                35.6127
              ],
              [
                10.9341,
                35.6234
              ],
              [
                10.9367,
                35.6245
              ],
              [
                10.9456,
                35.6221
              ],
              [
                10.9517,
                35.6171
              ],
              [
                10.9561,
                35.6156
              ],
              [
                10.9579,
                35.6176
              ],
              [
                10.9685,
                35.6162
              ],
              [
                10.9738,
                35.6177
              ],
              [
                10.9832,
                35.6123
              ],
              [
                10.9818,
                35.6074
              ],
              [
                10.9793,
                35.606
              ],
              [
                10.9799,
                35.5972
              ],
              [
                10.9884,
                35.5838
              ],
              [
                10.988,
                35.5804
              ],
              [
                10.9902,
                35.5765
              ],
              [
                10.9891,
                35.5709
              ],
              [
                10.9995,
                35.5552
              ],
              [
                11.0019,
                35.5555
              ],
              [
                11.0038,
                35.5536
              ],
              [
                11.0111,
                35.5564
              ],
              [
                11.0128,
                35.5524
              ],
              [
                11.03,
                35.5572
              ],
              [
                11.03,
                35.5712
              ],
              [
                11.0354,
                35.5893
              ],
              [
                11.0438,
                35.6028
              ],
              [
                11.0455,
                35.6215
              ],
              [
                11.0482,
                35.6246
              ],
              [
                11.0475,
                35.6259
              ],
              [
                11.0258,
                35.6357
              ],
              [
                11.0059,
                35.6362
              ],
              [
                11.0007,
                35.6381
              ],
              [
                10.9984,
                35.6414
              ],
              [
                10.985,
                35.647
              ],
              [
                10.9805,
                35.6539
              ],
              [
                10.9579,
                35.6564
              ],
              [
                10.9139,
                35.6683
              ],
              [
                10.8971,
                35.6712
              ],
              [
                10.8778,
                35.6774
              ],
              [
                10.8719,
                35.6831
              ],
              [
                10.8545,
                35.6848
              ],
              [
                10.8338,
                35.6952
              ],
              [
                10.8243,
                35.7058
              ],
              [
                10.8181,
                35.7167
              ],
              [
                10.8222,
                35.7232
              ],
              [
                10.8205,
                35.7292
              ],
              [
                10.8237,
                35.7408
              ],
              [
                10.8265,
                35.7454
              ],
              [
                10.8309,
                35.7455
              ],
              [
                10.833,
                35.755
              ],
              [
                10.8421,
                35.7622
              ],
              [
                10.8437,
                35.7662
              ],
              [
                10.8435,
                35.7703
              ],
              [
                10.8355,
                35.7743
              ],
              [
                10.8335,
                35.7776
              ],
              [
                10.8294,
                35.7801
              ],
              [
                10.8086,
                35.7835
              ],
              [
                10.7941,
                35.7784
              ],
              [
                10.7827,
                35.7793
              ],
              [
                10.7762,
                35.7739
              ],
              [
                10.7697,
                35.7725
              ],
              [
                10.7555,
                35.7658
              ],
              [
                10.7381,
                35.7641
              ],
              [
                10.7344,
                35.7645
              ]
            ]
          ],
          [
            [
              [
                11.0464,
                35.6286
              ],
              [
                11.0428,
                35.6363
              ],
              [
                11.0355,
                35.6406
              ],
              [
                11.0428,
                35.6329
              ],
              [
                11.045,
                35.6284
              ],
              [
                11.0464,
                35.6286
              ]
            ]
          ],
          [
            [
              [
                11.0343,
                35.641
              ],
              [
                11.0307,
                35.642
              ],
              [
                11.0311,
                35.6408
              ],
              [
                11.0343,
                35.641
              ]
            ]
          ],
          [
            [
              [
                11.0271,
                35.6431
              ],
              [
                11.0232,
                35.6436
              ],
              [
                11.0212,
                35.6438
              ],
              [
                11.0196,
                35.6425
              ],
              [
                11.0204,
                35.642
              ],
              [
                11.0216,
                35.6423
              ],
              [
                11.0235,
                35.6424
              ],
              [
                11.0257,
                35.6423
              ],
              [
                11.0272,
                35.6421
              ],
              [
                11.0298,
                35.6423
              ],
              [
                11.0271,
                35.6431
              ]
            ]
          ],
          [
            [
              [
                11.0111,
                35.7677
              ],
              [
                11.0088,
                35.7723
              ],
              [
                11.0053,
                35.7724
              ],
              [
                11.0011,
                35.7708
              ],
              [
                11.0004,
                35.7679
              ],
              [
                11.0087,
                35.7655
              ],
              [
                11.0093,
                35.7638
              ],
              [
                11.0079,
                35.7624
              ],
              [
                11.0097,
                35.762
              ],
              [
                11.0129,
                35.7625
              ],
              [
                11.0145,
                35.7654
              ],
              [
                11.012,
                35.7665
              ],
              [
                11.0111,
                35.7677
              ]
            ]
          ],
          [
            [
              [
                11.0316,
                35.7893
              ],
              [
                11.039,
                35.7918
              ],
              [
                11.046,
                35.7986
              ],
              [
                11.0395,
                35.806
              ],
              [
                11.0348,
                35.8066
              ],
              [
                11.0281,
                35.8039
              ],
              [
                11.0193,
                35.7942
              ],
              [
                11.0178,
                35.7909
              ],
              [
                11.0248,
                35.7882
              ],
              [
                11.0316,
                35.7893
              ]
            ]
          ]
        ]
      }
    },
    {
      "type": "Feature",
      "properties": {
        "gov_id": "TN33",
        "gov_name": "Mahdia",
        "gov_name_ar": "المهدية",
        "region_id": "TN3",
        "region_name": "Centre East",
        "source_level": "COD-AB ADM2",
        "area_sqkm": 2894.35948967,
        "center_lon": 10.60413721,
        "center_lat": 35.34094749,
        "display_name": "Mahdia",
        "display_label": "Mahdia — Governorate"
      },
      "geometry": {
        "type": "MultiPolygon",
        "coordinates": [
          [
            [
              [
                10.3189,
                35.5856
              ],
              [
                10.3213,
                35.5886
              ],
              [
                10.3212,
                35.5911
              ],
              [
                10.3178,
                35.5889
              ],
              [
                10.316,
                35.5852
              ],
              [
                10.3073,
                35.585
              ],
              [
                10.3059,
                35.5817
              ],
              [
                10.3016,
                35.5805
              ],
              [
                10.2967,
                35.5814
              ],
              [
                10.2956,
                35.5794
              ],
              [
                10.2853,
                35.577
              ],
              [
                10.2741,
                35.5805
              ],
              [
                10.2335,
                35.5677
              ],
              [
                10.2073,
                35.5537
              ],
              [
                10.24,
                35.5151
              ],
              [
                10.2574,
                35.4987
              ],
              [
                10.2201,
                35.4754
              ],
              [
                10.22,
                35.4697
              ],
              [
                10.2249,
                35.4566
              ],
              [
                10.221,
                35.4529
              ],
              [
                10.2208,
                35.443
              ],
              [
                10.2165,
                35.4378
              ],
              [
                10.2063,
                35.4339
              ],
              [
                10.1936,
                35.4329
              ],
              [
                10.182,
                35.4215
              ],
              [
                10.1765,
                35.4038
              ],
              [
                10.1764,
                35.3875
              ],
              [
                10.1606,
                35.357
              ],
              [
                10.1672,
                35.3453
              ],
              [
                10.1747,
                35.3398
              ],
              [
                10.1919,
                35.3355
              ],
              [
                10.1924,
                35.3314
              ],
              [
                10.2051,
                35.3205
              ],
              [
                10.1794,
                35.2706
              ],
              [
                10.1744,
                35.2666
              ],
              [
                10.1944,
                35.2323
              ],
              [
                10.2037,
                35.2206
              ],
              [
                10.2049,
                35.2139
              ],
              [
                10.2106,
                35.2102
              ],
              [
                10.2206,
                35.1976
              ],
              [
                10.2106,
                35.1868
              ],
              [
                10.223,
                35.1524
              ],
              [
                10.229,
                35.1535
              ],
              [
                10.2815,
                35.1304
              ],
              [
                10.2909,
                35.1306
              ],
              [
                10.2985,
                35.1339
              ],
              [
                10.3012,
                35.1371
              ],
              [
                10.3169,
                35.1436
              ],
              [
                10.3204,
                35.1435
              ],
              [
                10.3352,
                35.1322
              ],
              [
                10.3425,
                35.1318
              ],
              [
                10.3514,
                35.1355
              ],
              [
                10.3641,
                35.1323
              ],
              [
                10.369,
                35.1269
              ],
              [
                10.3693,
                35.1248
              ],
              [
                10.3716,
                35.125
              ],
              [
                10.3753,
                35.1211
              ],
              [
                10.3801,
                35.1191
              ],
              [
                10.3807,
                35.1119
              ],
              [
                10.3892,
                35.1063
              ],
              [
                10.3941,
                35.1004
              ],
              [
                10.4,
                35.0984
              ],
              [
                10.4108,
                35.0901
              ],
              [
                10.4274,
                35.0889
              ],
              [
                10.4361,
                35.0952
              ],
              [
                10.4646,
                35.1245
              ],
              [
                10.4763,
                35.1315
              ],
              [
                10.5047,
                35.1355
              ],
              [
                10.5292,
                35.1427
              ],
              [
                10.5558,
                35.156
              ],
              [
                10.5855,
                35.1792
              ],
              [
                10.592,
                35.1861
              ],
              [
                10.5825,
                35.1968
              ],
              [
                10.571,
                35.216
              ],
              [
                10.5645,
                35.2207
              ],
              [
                10.5618,
                35.228
              ],
              [
                10.5731,
                35.2323
              ],
              [
                10.5847,
                35.2394
              ],
              [
                10.611,
                35.2482
              ],
              [
                10.6289,
                35.2576
              ],
              [
                10.633,
                35.2524
              ],
              [
                10.6373,
                35.2537
              ],
              [
                10.6444,
                35.2421
              ],
              [
                10.6538,
                35.2371
              ],
              [
                10.6609,
                35.2299
              ],
              [
                10.6752,
                35.2232
              ],
              [
                10.6748,
                35.2218
              ],
              [
                10.6872,
                35.2187
              ],
              [
                10.7109,
                35.2219
              ],
              [
                10.733,
                35.2329
              ],
              [
                10.7378,
                35.2341
              ],
              [
                10.7389,
                35.2321
              ],
              [
                10.7416,
                35.2364
              ],
              [
                10.7478,
                35.2401
              ],
              [
                10.7579,
                35.242
              ],
              [
                10.7536,
                35.2443
              ],
              [
                10.7528,
                35.2474
              ],
              [
                10.7506,
                35.2488
              ],
              [
                10.7511,
                35.2518
              ],
              [
                10.7539,
                35.2529
              ],
              [
                10.761,
                35.2653
              ],
              [
                10.7639,
                35.2789
              ],
              [
                10.7914,
                35.2738
              ],
              [
                10.7953,
                35.2622
              ],
              [
                10.7958,
                35.2549
              ],
              [
                10.8003,
                35.2485
              ],
              [
                10.8047,
                35.2459
              ],
              [
                10.8036,
                35.2328
              ],
              [
                10.8048,
                35.2233
              ],
              [
                10.8024,
                35.2167
              ],
              [
                10.8044,
                35.2102
              ],
              [
                10.8201,
                35.1838
              ],
              [
                10.8265,
                35.1748
              ],
              [
                10.8325,
                35.1702
              ],
              [
                10.8367,
                35.1614
              ],
              [
                10.8369,
                35.1512
              ],
              [
                10.8338,
                35.1449
              ],
              [
                10.8483,
                35.1469
              ],
              [
                10.8692,
                35.1531
              ],
              [
                10.8853,
                35.1608
              ],
              [
                10.8949,
                35.1692
              ],
              [
                10.9073,
                35.1886
              ],
              [
                10.9196,
                35.1788
              ],
              [
                10.9308,
                35.1667
              ],
              [
                10.932,
                35.1649
              ],
              [
                10.9275,
                35.1619
              ],
              [
                10.9358,
                35.1553
              ],
              [
                10.9387,
                35.1556
              ],
              [
                10.9404,
                35.1538
              ],
              [
                10.92,
                35.1368
              ],
              [
                10.9342,
                35.1256
              ],
              [
                10.9563,
                35.0978
              ],
              [
                10.9636,
                35.0956
              ],
              [
                10.975,
                35.0967
              ],
              [
                10.9876,
                35.0919
              ],
              [
                10.9923,
                35.0961
              ],
              [
                11.0071,
                35.0902
              ],
              [
                11.0173,
                35.0891
              ],
              [
                11.0219,
                35.09
              ],
              [
                11.0209,
                35.0933
              ],
              [
                11.0229,
                35.1039
              ],
              [
                11.0293,
                35.1193
              ],
              [
                11.0414,
                35.1393
              ],
              [
                11.0554,
                35.1561
              ],
              [
                11.0583,
                35.1582
              ],
              [
                11.0708,
                35.1607
              ],
              [
                11.0879,
                35.1618
              ],
              [
                11.0822,
                35.1679
              ],
              [
                11.0898,
                35.1795
              ],
              [
                11.0954,
                35.1837
              ],
              [
                11.0998,
                35.1924
              ],
              [
                11.106,
                35.1939
              ],
              [
                11.1079,
                35.1959
              ],
              [
                11.1066,
                35.2027
              ],
              [
                11.1098,
                35.2131
              ],
              [
                11.1241,
                35.2256
              ],
              [
                11.137,
                35.2269
              ],
              [
                11.1506,
                35.2236
              ],
              [
                11.1535,
                35.2247
              ],
              [
                11.1607,
                35.2338
              ],
              [
                11.1378,
                35.243
              ],
              [
                11.1173,
                35.2557
              ],
              [
                11.1143,
                35.2597
              ],
              [
                11.0996,
                35.2671
              ],
              [
                11.0933,
                35.2748
              ],
              [
                11.0742,
                35.2899
              ],
              [
                11.0545,
                35.3098
              ],
              [
                11.0447,
                35.3214
              ],
              [
                11.0364,
                35.3363
              ],
              [
                11.0326,
                35.3521
              ],
              [
                11.0313,
                35.3692
              ],
              [
                11.0319,
                35.3768
              ],
              [
                11.0347,
                35.3846
              ],
              [
                11.0425,
                35.3904
              ],
              [
                11.0481,
                35.3904
              ],
              [
                11.0482,
                35.3946
              ],
              [
                11.0434,
                35.4064
              ],
              [
                11.0422,
                35.4175
              ],
              [
                11.0423,
                35.431
              ],
              [
                11.0456,
                35.4499
              ],
              [
                11.0538,
                35.4789
              ],
              [
                11.0623,
                35.4958
              ],
              [
                11.0664,
                35.5011
              ],
              [
                11.0784,
                35.5046
              ],
              [
                11.0805,
                35.5076
              ],
              [
                11.0775,
                35.5083
              ],
              [
                11.0679,
                35.5049
              ],
              [
                11.0498,
                35.5148
              ],
              [
                11.0414,
                35.524
              ],
              [
                11.0336,
                35.5408
              ],
              [
                11.03,
                35.5572
              ],
              [
                11.0128,
                35.5524
              ],
              [
                11.0111,
                35.5564
              ],
              [
                11.0038,
                35.5536
              ],
              [
                11.0013,
                35.5556
              ],
              [
                10.9954,
                35.5559
              ],
              [
                10.9904,
                35.5518
              ],
              [
                10.9917,
                35.5463
              ],
              [
                10.9887,
                35.5434
              ],
              [
                10.982,
                35.5441
              ],
              [
                10.9701,
                35.5397
              ],
              [
                10.9582,
                35.5409
              ],
              [
                10.9552,
                35.5384
              ],
              [
                10.9562,
                35.5349
              ],
              [
                10.9518,
                35.5377
              ],
              [
                10.9519,
                35.5421
              ],
              [
                10.9503,
                35.5435
              ],
              [
                10.9438,
                35.5415
              ],
              [
                10.9373,
                35.5426
              ],
              [
                10.9344,
                35.5363
              ],
              [
                10.9305,
                35.5339
              ],
              [
                10.9289,
                35.5293
              ],
              [
                10.9215,
                35.5297
              ],
              [
                10.923,
                35.527
              ],
              [
                10.9204,
                35.5256
              ],
              [
                10.9219,
                35.5236
              ],
              [
                10.9159,
                35.518
              ],
              [
                10.9248,
                35.5082
              ],
              [
                10.913,
                35.5042
              ],
              [
                10.8976,
                35.5046
              ],
              [
                10.8976,
                35.5072
              ],
              [
                10.8934,
                35.5067
              ],
              [
                10.8761,
                35.4966
              ],
              [
                10.8734,
                35.4989
              ],
              [
                10.8689,
                35.4953
              ],
              [
                10.8672,
                35.4869
              ],
              [
                10.8583,
                35.4849
              ],
              [
                10.8591,
                35.4832
              ],
              [
                10.8516,
                35.4868
              ],
              [
                10.8473,
                35.4837
              ],
              [
                10.8397,
                35.468
              ],
              [
                10.844,
                35.467
              ],
              [
                10.8433,
                35.464
              ],
              [
                10.8372,
                35.4563
              ],
              [
                10.8413,
                35.452
              ],
              [
                10.8469,
                35.4512
              ],
              [
                10.8429,
                35.4373
              ],
              [
                10.8324,
                35.4339
              ],
              [
                10.8257,
                35.4353
              ],
              [
                10.8252,
                35.4302
              ],
              [
                10.8153,
                35.4332
              ],
              [
                10.8085,
                35.423
              ],
              [
                10.7997,
                35.4231
              ],
              [
                10.7964,
                35.4267
              ],
              [
                10.7971,
                35.429
              ],
              [
                10.7811,
                35.4271
              ],
              [
                10.7816,
                35.4347
              ],
              [
                10.7756,
                35.4348
              ],
              [
                10.7775,
                35.4402
              ],
              [
                10.7689,
                35.4443
              ],
              [
                10.7666,
                35.449
              ],
              [
                10.7595,
                35.4498
              ],
              [
                10.7535,
                35.4637
              ],
              [
                10.7308,
                35.4745
              ],
              [
                10.7355,
                35.4873
              ],
              [
                10.718,
                35.4893
              ],
              [
                10.7121,
                35.4752
              ],
              [
                10.7051,
                35.4786
              ],
              [
                10.6979,
                35.4795
              ],
              [
                10.6991,
                35.4771
              ],
              [
                10.6973,
                35.4735
              ],
              [
                10.6889,
                35.476
              ],
              [
                10.6888,
                35.4744
              ],
              [
                10.6837,
                35.4716
              ],
              [
                10.6842,
                35.4775
              ],
              [
                10.6772,
                35.4772
              ],
              [
                10.6723,
                35.4847
              ],
              [
                10.6609,
                35.4773
              ],
              [
                10.6567,
                35.4814
              ],
              [
                10.6479,
                35.4823
              ],
              [
                10.6402,
                35.4859
              ],
              [
                10.6381,
                35.5002
              ],
              [
                10.6353,
                35.4959
              ],
              [
                10.6211,
                35.4856
              ],
              [
                10.617,
                35.4744
              ],
              [
                10.6123,
                35.4735
              ],
              [
                10.6111,
                35.4697
              ],
              [
                10.6123,
                35.4657
              ],
              [
                10.6048,
                35.4645
              ],
              [
                10.6029,
                35.4632
              ],
              [
                10.6033,
                35.4607
              ],
              [
                10.6015,
                35.4589
              ],
              [
                10.5956,
                35.4561
              ],
              [
                10.5924,
                35.4575
              ],
              [
                10.5911,
                35.4549
              ],
              [
                10.5874,
                35.4562
              ],
              [
                10.5862,
                35.4536
              ],
              [
                10.5716,
                35.4486
              ],
              [
                10.5707,
                35.443
              ],
              [
                10.5746,
                35.437
              ],
              [
                10.5718,
                35.4309
              ],
              [
                10.5726,
                35.4281
              ],
              [
                10.5696,
                35.4249
              ],
              [
                10.5689,
                35.4225
              ],
              [
                10.5703,
                35.4221
              ],
              [
                10.5676,
                35.4196
              ],
              [
                10.5658,
                35.4087
              ],
              [
                10.5663,
                35.4025
              ],
              [
                10.5691,
                35.4018
              ],
              [
                10.5659,
                35.4009
              ],
              [
                10.5687,
                35.3974
              ],
              [
                10.566,
                35.397
              ],
              [
                10.5669,
                35.3935
              ],
              [
                10.5639,
                35.395
              ],
              [
                10.5615,
                35.3943
              ],
              [
                10.5661,
                35.3906
              ],
              [
                10.5644,
                35.3901
              ],
              [
                10.5656,
                35.3881
              ],
              [
                10.5637,
                35.3878
              ],
              [
                10.5653,
                35.3858
              ],
              [
                10.5644,
                35.3846
              ],
              [
                10.5539,
                35.3943
              ],
              [
                10.5509,
                35.393
              ],
              [
                10.5528,
                35.3898
              ],
              [
                10.5558,
                35.3895
              ],
              [
                10.5571,
                35.3822
              ],
              [
                10.5648,
                35.3798
              ],
              [
                10.5653,
                35.3785
              ],
              [
                10.5632,
                35.3775
              ],
              [
                10.556,
                35.3815
              ],
              [
                10.5513,
                35.3813
              ],
              [
                10.5504,
                35.3836
              ],
              [
                10.5519,
                35.3887
              ],
              [
                10.5489,
                35.3918
              ],
              [
                10.5469,
                35.3891
              ],
              [
                10.54,
                35.3951
              ],
              [
                10.5377,
                35.3939
              ],
              [
                10.535,
                35.3955
              ],
              [
                10.5348,
                35.3925
              ],
              [
                10.5304,
                35.3927
              ],
              [
                10.5266,
                35.3868
              ],
              [
                10.5269,
                35.391
              ],
              [
                10.5248,
                35.3911
              ],
              [
                10.5322,
                35.3956
              ],
              [
                10.5318,
                35.3975
              ],
              [
                10.5255,
                35.4012
              ],
              [
                10.5231,
                35.4045
              ],
              [
                10.5184,
                35.4038
              ],
              [
                10.5103,
                35.4072
              ],
              [
                10.4979,
                35.4061
              ],
              [
                10.4968,
                35.4101
              ],
              [
                10.494,
                35.4106
              ],
              [
                10.4927,
                35.4086
              ],
              [
                10.4906,
                35.41
              ],
              [
                10.4777,
                35.4235
              ],
              [
                10.4774,
                35.4301
              ],
              [
                10.4811,
                35.429
              ],
              [
                10.4827,
                35.4324
              ],
              [
                10.486,
                35.4329
              ],
              [
                10.4793,
                35.4391
              ],
              [
                10.4754,
                35.4392
              ],
              [
                10.4687,
                35.4345
              ],
              [
                10.4607,
                35.4349
              ],
              [
                10.46,
                35.4364
              ],
              [
                10.4644,
                35.4382
              ],
              [
                10.4658,
                35.4441
              ],
              [
                10.462,
                35.4488
              ],
              [
                10.467,
                35.4524
              ],
              [
                10.4596,
                35.4595
              ],
              [
                10.4556,
                35.4672
              ],
              [
                10.4506,
                35.4699
              ],
              [
                10.4549,
                35.4741
              ],
              [
                10.458,
                35.4747
              ],
              [
                10.4534,
                35.4773
              ],
              [
                10.4502,
                35.4826
              ],
              [
                10.4447,
                35.4844
              ],
              [
                10.4357,
                35.4917
              ],
              [
                10.4353,
                35.4966
              ],
              [
                10.4281,
                35.4981
              ],
              [
                10.419,
                35.5083
              ],
              [
                10.4028,
                35.5128
              ],
              [
                10.3859,
                35.5126
              ],
              [
                10.3846,
                35.5121
              ],
              [
                10.3832,
                35.5053
              ],
              [
                10.3806,
                35.5041
              ],
              [
                10.3744,
                35.5048
              ],
              [
                10.357,
                35.5183
              ],
              [
                10.3531,
                35.5194
              ],
              [
                10.3511,
                35.5224
              ],
              [
                10.3376,
                35.5249
              ],
              [
                10.3332,
                35.5283
              ],
              [
                10.3294,
                35.5328
              ],
              [
                10.3282,
                35.5387
              ],
              [
                10.3265,
                35.5399
              ],
              [
                10.3281,
                35.5501
              ],
              [
                10.3255,
                35.5534
              ],
              [
                10.3263,
                35.5564
              ],
              [
                10.3298,
                35.5563
              ],
              [
                10.3289,
                35.5627
              ],
              [
                10.3268,
                35.5639
              ],
              [
                10.3194,
                35.563
              ],
              [
                10.3139,
                35.5671
              ],
              [
                10.3107,
                35.5727
              ],
              [
                10.3069,
                35.5758
              ],
              [
                10.3092,
                35.576
              ],
              [
                10.3136,
                35.5824
              ],
              [
                10.3177,
                35.584
              ],
              [
                10.3189,
                35.5856
              ]
            ]
          ],
          [
            [
              [
                11.0989,
                35.1555
              ],
              [
                11.0977,
                35.1562
              ],
              [
                11.0969,
                35.1566
              ],
              [
                11.0961,
                35.1556
              ],
              [
                11.0978,
                35.1547
              ],
              [
                11.0991,
                35.1546
              ],
              [
                11.0989,
                35.1555
              ]
            ]
          ],
          [
            [
              [
                11.1667,
                35.208
              ],
              [
                11.1663,
                35.2091
              ],
              [
                11.1648,
                35.2101
              ],
              [
                11.1639,
                35.2098
              ],
              [
                11.1639,
                35.2091
              ],
              [
                11.1646,
                35.2083
              ],
              [
                11.1658,
                35.2072
              ],
              [
                11.1669,
                35.2071
              ],
              [
                11.1667,
                35.208
              ]
            ]
          ],
          [
            [
              [
                11.1608,
                35.2152
              ],
              [
                11.1593,
                35.2176
              ],
              [
                11.1589,
                35.2165
              ],
              [
                11.1589,
                35.2154
              ],
              [
                11.1594,
                35.2146
              ],
              [
                11.1609,
                35.2144
              ],
              [
                11.1608,
                35.2152
              ]
            ]
          ],
          [
            [
              [
                11.1595,
                35.221
              ],
              [
                11.16,
                35.2269
              ],
              [
                11.1581,
                35.2284
              ],
              [
                11.1564,
                35.2244
              ],
              [
                11.1592,
                35.2202
              ],
              [
                11.1595,
                35.221
              ]
            ]
          ]
        ]
      }
    },
    {
      "type": "Feature",
      "properties": {
        "gov_id": "TN34",
        "gov_name": "Sfax",
        "gov_name_ar": "صفاقس",
        "region_id": "TN3",
        "region_name": "Centre East",
        "source_level": "COD-AB ADM2",
        "area_sqkm": 7013.76566413,
        "center_lon": 10.33091876,
        "center_lat": 34.7230807,
        "display_name": "Sfax",
        "display_label": "Sfax — Governorate"
      },
      "geometry": {
        "type": "MultiPolygon",
        "coordinates": [
          [
            [
              [
                10.8043,
                35.2418
              ],
              [
                10.8047,
                35.2459
              ],
              [
                10.8003,
                35.2485
              ],
              [
                10.7958,
                35.2549
              ],
              [
                10.7953,
                35.2622
              ],
              [
                10.7914,
                35.2738
              ],
              [
                10.7639,
                35.2789
              ],
              [
                10.761,
                35.2653
              ],
              [
                10.7539,
                35.2529
              ],
              [
                10.7511,
                35.2518
              ],
              [
                10.7506,
                35.2488
              ],
              [
                10.7528,
                35.2474
              ],
              [
                10.7536,
                35.2443
              ],
              [
                10.7579,
                35.242
              ],
              [
                10.7478,
                35.2401
              ],
              [
                10.7416,
                35.2364
              ],
              [
                10.7389,
                35.2321
              ],
              [
                10.7378,
                35.2341
              ],
              [
                10.733,
                35.2329
              ],
              [
                10.7109,
                35.2219
              ],
              [
                10.6872,
                35.2187
              ],
              [
                10.6748,
                35.2218
              ],
              [
                10.6752,
                35.2232
              ],
              [
                10.6609,
                35.2299
              ],
              [
                10.6538,
                35.2371
              ],
              [
                10.6444,
                35.2421
              ],
              [
                10.6373,
                35.2537
              ],
              [
                10.633,
                35.2524
              ],
              [
                10.6289,
                35.2576
              ],
              [
                10.611,
                35.2482
              ],
              [
                10.5847,
                35.2394
              ],
              [
                10.5731,
                35.2323
              ],
              [
                10.5618,
                35.228
              ],
              [
                10.5645,
                35.2207
              ],
              [
                10.571,
                35.216
              ],
              [
                10.5825,
                35.1968
              ],
              [
                10.592,
                35.1861
              ],
              [
                10.5855,
                35.1792
              ],
              [
                10.5558,
                35.156
              ],
              [
                10.5292,
                35.1427
              ],
              [
                10.5047,
                35.1355
              ],
              [
                10.4763,
                35.1315
              ],
              [
                10.4646,
                35.1245
              ],
              [
                10.4361,
                35.0952
              ],
              [
                10.4274,
                35.0889
              ],
              [
                10.4108,
                35.0901
              ],
              [
                10.4,
                35.0984
              ],
              [
                10.3941,
                35.1004
              ],
              [
                10.3892,
                35.1063
              ],
              [
                10.3807,
                35.1119
              ],
              [
                10.3801,
                35.1191
              ],
              [
                10.3753,
                35.1211
              ],
              [
                10.3716,
                35.125
              ],
              [
                10.3693,
                35.1248
              ],
              [
                10.369,
                35.1269
              ],
              [
                10.3641,
                35.1323
              ],
              [
                10.3514,
                35.1355
              ],
              [
                10.3425,
                35.1318
              ],
              [
                10.3352,
                35.1322
              ],
              [
                10.3204,
                35.1435
              ],
              [
                10.3169,
                35.1436
              ],
              [
                10.3012,
                35.1371
              ],
              [
                10.2985,
                35.1339
              ],
              [
                10.2909,
                35.1306
              ],
              [
                10.2815,
                35.1304
              ],
              [
                10.2286,
                35.1535
              ],
              [
                10.1831,
                35.1428
              ],
              [
                10.1809,
                35.1399
              ],
              [
                10.1729,
                35.1373
              ],
              [
                10.1615,
                35.1359
              ],
              [
                10.156,
                35.1387
              ],
              [
                10.1529,
                35.1381
              ],
              [
                10.1506,
                35.1341
              ],
              [
                10.149,
                35.1227
              ],
              [
                10.1429,
                35.1167
              ],
              [
                10.1349,
                35.1192
              ],
              [
                10.1304,
                35.1117
              ],
              [
                10.1172,
                35.1056
              ],
              [
                10.112,
                35.1001
              ],
              [
                10.1095,
                35.0947
              ],
              [
                10.096,
                35.0854
              ],
              [
                10.0894,
                35.0835
              ],
              [
                10.0759,
                35.0703
              ],
              [
                10.0693,
                35.0674
              ],
              [
                10.0659,
                35.0676
              ],
              [
                10.0578,
                35.0603
              ],
              [
                10.0552,
                35.057
              ],
              [
                10.054,
                35.054
              ],
              [
                10.0551,
                35.0512
              ],
              [
                10.0522,
                35.0466
              ],
              [
                10.0628,
                35.0221
              ],
              [
                10.0637,
                35.0044
              ],
              [
                10.0495,
                34.989
              ],
              [
                10.0289,
                34.9511
              ],
              [
                10.0186,
                34.9313
              ],
              [
                10.0068,
                34.8997
              ],
              [
                10.0029,
                34.8945
              ],
              [
                9.9869,
                34.8827
              ],
              [
                9.9546,
                34.831
              ],
              [
                9.9607,
                34.828
              ],
              [
                9.9414,
                34.7779
              ],
              [
                9.9393,
                34.7561
              ],
              [
                9.9251,
                34.7508
              ],
              [
                9.9131,
                34.7511
              ],
              [
                9.9122,
                34.7347
              ],
              [
                9.9179,
                34.7315
              ],
              [
                9.9183,
                34.7207
              ],
              [
                9.9038,
                34.6948
              ],
              [
                9.8994,
                34.6794
              ],
              [
                9.9085,
                34.6652
              ],
              [
                9.9057,
                34.6631
              ],
              [
                9.8967,
                34.6636
              ],
              [
                9.8873,
                34.6612
              ],
              [
                9.8793,
                34.6437
              ],
              [
                9.9011,
                34.6327
              ],
              [
                9.8729,
                34.6072
              ],
              [
                9.8782,
                34.6042
              ],
              [
                9.8825,
                34.5926
              ],
              [
                9.9005,
                34.5983
              ],
              [
                9.9034,
                34.5975
              ],
              [
                9.9208,
                34.5915
              ],
              [
                9.9403,
                34.5799
              ],
              [
                9.9544,
                34.5758
              ],
              [
                9.9708,
                34.5673
              ],
              [
                9.9741,
                34.559
              ],
              [
                9.9804,
                34.5517
              ],
              [
                9.9808,
                34.5469
              ],
              [
                9.9786,
                34.544
              ],
              [
                9.9712,
                34.5412
              ],
              [
                9.9689,
                34.538
              ],
              [
                10.0223,
                34.5352
              ],
              [
                10.0732,
                34.5222
              ],
              [
                10.073,
                34.5211
              ],
              [
                10.0721,
                34.5189
              ],
              [
                10.0569,
                34.5226
              ],
              [
                10.0498,
                34.5224
              ],
              [
                10.0093,
                34.4874
              ],
              [
                10.0009,
                34.4921
              ],
              [
                9.9972,
                34.4907
              ],
              [
                9.9951,
                34.4839
              ],
              [
                9.9904,
                34.4801
              ],
              [
                9.974,
                34.4719
              ],
              [
                9.9647,
                34.4637
              ],
              [
                9.962,
                34.4584
              ],
              [
                9.9416,
                34.4474
              ],
              [
                9.9358,
                34.4507
              ],
              [
                9.9244,
                34.4677
              ],
              [
                9.9176,
                34.4623
              ],
              [
                9.9168,
                34.4594
              ],
              [
                9.9178,
                34.4541
              ],
              [
                9.9162,
                34.4463
              ],
              [
                9.9192,
                34.4414
              ],
              [
                9.9208,
                34.4317
              ],
              [
                9.911,
                34.4252
              ],
              [
                9.9043,
                34.4244
              ],
              [
                9.8984,
                34.4206
              ],
              [
                9.8875,
                34.3968
              ],
              [
                9.8722,
                34.384
              ],
              [
                9.8694,
                34.3776
              ],
              [
                9.8654,
                34.374
              ],
              [
                9.8601,
                34.3723
              ],
              [
                9.8553,
                34.3678
              ],
              [
                9.8491,
                34.3681
              ],
              [
                9.8448,
                34.3648
              ],
              [
                9.8306,
                34.3616
              ],
              [
                9.8235,
                34.3658
              ],
              [
                9.8188,
                34.3632
              ],
              [
                9.813,
                34.3647
              ],
              [
                9.8099,
                34.3631
              ],
              [
                9.8009,
                34.3639
              ],
              [
                9.7962,
                34.3623
              ],
              [
                9.7917,
                34.3583
              ],
              [
                9.7787,
                34.357
              ],
              [
                9.7764,
                34.3511
              ],
              [
                9.7691,
                34.3496
              ],
              [
                9.7644,
                34.3461
              ],
              [
                9.7497,
                34.3428
              ],
              [
                9.742,
                34.3436
              ],
              [
                9.7323,
                34.3375
              ],
              [
                9.7251,
                34.3381
              ],
              [
                9.7229,
                34.3368
              ],
              [
                9.7207,
                34.3322
              ],
              [
                9.7337,
                34.3234
              ],
              [
                9.7415,
                34.316
              ],
              [
                9.7459,
                34.3002
              ],
              [
                9.7552,
                34.2902
              ],
              [
                9.7557,
                34.2859
              ],
              [
                9.7544,
                34.2843
              ],
              [
                9.7615,
                34.2744
              ],
              [
                9.7109,
                34.2815
              ],
              [
                9.7554,
                34.2201
              ],
              [
                9.8189,
                34.2203
              ],
              [
                9.8173,
                34.2294
              ],
              [
                9.8256,
                34.2381
              ],
              [
                9.8471,
                34.2287
              ],
              [
                9.8515,
                34.2283
              ],
              [
                9.855,
                34.215
              ],
              [
                9.8651,
                34.2068
              ],
              [
                9.8656,
                34.2026
              ],
              [
                9.8628,
                34.2005
              ],
              [
                9.8638,
                34.1984
              ],
              [
                9.8695,
                34.1953
              ],
              [
                9.8776,
                34.1872
              ],
              [
                9.8917,
                34.179
              ],
              [
                9.8962,
                34.1683
              ],
              [
                9.9078,
                34.175
              ],
              [
                9.9168,
                34.1754
              ],
              [
                9.9219,
                34.1784
              ],
              [
                9.9237,
                34.1813
              ],
              [
                9.9199,
                34.1815
              ],
              [
                9.9179,
                34.1853
              ],
              [
                9.9222,
                34.1893
              ],
              [
                9.9231,
                34.1986
              ],
              [
                9.9253,
                34.2007
              ],
              [
                9.9336,
                34.2037
              ],
              [
                9.9345,
                34.2063
              ],
              [
                9.941,
                34.207
              ],
              [
                9.9494,
                34.2055
              ],
              [
                9.9554,
                34.2091
              ],
              [
                9.9659,
                34.2111
              ],
              [
                9.9826,
                34.1968
              ],
              [
                9.9952,
                34.1933
              ],
              [
                10.0012,
                34.1875
              ],
              [
                10.0106,
                34.1932
              ],
              [
                10.0119,
                34.1916
              ],
              [
                10.0165,
                34.1909
              ],
              [
                10.019,
                34.1878
              ],
              [
                10.0179,
                34.1852
              ],
              [
                10.0201,
                34.1844
              ],
              [
                10.0216,
                34.1864
              ],
              [
                10.0229,
                34.1854
              ],
              [
                10.0223,
                34.1809
              ],
              [
                10.029,
                34.1788
              ],
              [
                10.022,
                34.178
              ],
              [
                10.0241,
                34.1724
              ],
              [
                10.0294,
                34.1747
              ],
              [
                10.0343,
                34.1798
              ],
              [
                10.0319,
                34.1727
              ],
              [
                10.027,
                34.1702
              ],
              [
                10.0321,
                34.1669
              ],
              [
                10.0354,
                34.1678
              ],
              [
                10.039,
                34.1723
              ],
              [
                10.043,
                34.1923
              ],
              [
                10.0433,
                34.2049
              ],
              [
                10.0415,
                34.2048
              ],
              [
                10.0412,
                34.2019
              ],
              [
                10.0385,
                34.2011
              ],
              [
                10.0356,
                34.2032
              ],
              [
                10.0301,
                34.2028
              ],
              [
                10.0293,
                34.2046
              ],
              [
                10.0309,
                34.2061
              ],
              [
                10.0359,
                34.2059
              ],
              [
                10.0438,
                34.2149
              ],
              [
                10.0375,
                34.2178
              ],
              [
                10.0432,
                34.2237
              ],
              [
                10.0488,
                34.2206
              ],
              [
                10.0446,
                34.2027
              ],
              [
                10.0472,
                34.2041
              ],
              [
                10.0515,
                34.2125
              ],
              [
                10.0647,
                34.2304
              ],
              [
                10.0792,
                34.2632
              ],
              [
                10.0873,
                34.2764
              ],
              [
                10.0973,
                34.2861
              ],
              [
                10.0972,
                34.2891
              ],
              [
                10.0998,
                34.2922
              ],
              [
                10.1165,
                34.3067
              ],
              [
                10.1226,
                34.315
              ],
              [
                10.1365,
                34.318
              ],
              [
                10.1458,
                34.3247
              ],
              [
                10.1517,
                34.3266
              ],
              [
                10.1643,
                34.3269
              ],
              [
                10.1703,
                34.323
              ],
              [
                10.1722,
                34.3316
              ],
              [
                10.1822,
                34.3386
              ],
              [
                10.1839,
                34.3413
              ],
              [
                10.1862,
                34.3535
              ],
              [
                10.1882,
                34.3547
              ],
              [
                10.1917,
                34.3628
              ],
              [
                10.1932,
                34.3629
              ],
              [
                10.21,
                34.3466
              ],
              [
                10.2123,
                34.3463
              ],
              [
                10.2177,
                34.3503
              ],
              [
                10.2263,
                34.3524
              ],
              [
                10.239,
                34.3653
              ],
              [
                10.2658,
                34.3667
              ],
              [
                10.2709,
                34.3721
              ],
              [
                10.2732,
                34.3812
              ],
              [
                10.2773,
                34.3858
              ],
              [
                10.2784,
                34.3886
              ],
              [
                10.276,
                34.3898
              ],
              [
                10.2758,
                34.3923
              ],
              [
                10.2815,
                34.4011
              ],
              [
                10.2844,
                34.4004
              ],
              [
                10.2876,
                34.4028
              ],
              [
                10.2851,
                34.4082
              ],
              [
                10.2813,
                34.4115
              ],
              [
                10.2851,
                34.4124
              ],
              [
                10.2857,
                34.4175
              ],
              [
                10.2897,
                34.4114
              ],
              [
                10.2955,
                34.4126
              ],
              [
                10.2917,
                34.4101
              ],
              [
                10.2919,
                34.4085
              ],
              [
                10.2985,
                34.4073
              ],
              [
                10.3239,
                34.3936
              ],
              [
                10.3478,
                34.4031
              ],
              [
                10.3517,
                34.4056
              ],
              [
                10.3536,
                34.4178
              ],
              [
                10.3416,
                34.4127
              ],
              [
                10.3386,
                34.4131
              ],
              [
                10.3321,
                34.4183
              ],
              [
                10.3291,
                34.4122
              ],
              [
                10.3279,
                34.4126
              ],
              [
                10.3295,
                34.4195
              ],
              [
                10.3318,
                34.4199
              ],
              [
                10.3377,
                34.4156
              ],
              [
                10.341,
                34.4157
              ],
              [
                10.3403,
                34.4188
              ],
              [
                10.338,
                34.4203
              ],
              [
                10.3473,
                34.4301
              ],
              [
                10.3626,
                34.4268
              ],
              [
                10.3595,
                34.4239
              ],
              [
                10.3605,
                34.4205
              ],
              [
                10.3684,
                34.4197
              ],
              [
                10.3743,
                34.4214
              ],
              [
                10.3851,
                34.4321
              ],
              [
                10.387,
                34.437
              ],
              [
                10.3946,
                34.4448
              ],
              [
                10.3994,
                34.4471
              ],
              [
                10.423,
                34.4745
              ],
              [
                10.4408,
                34.4919
              ],
              [
                10.4606,
                34.5074
              ],
              [
                10.4716,
                34.5115
              ],
              [
                10.4917,
                34.5156
              ],
              [
                10.4952,
                34.5169
              ],
              [
                10.497,
                34.5195
              ],
              [
                10.5054,
                34.5227
              ],
              [
                10.5149,
                34.5218
              ],
              [
                10.5254,
                34.5248
              ],
              [
                10.5275,
                34.5206
              ],
              [
                10.5493,
                34.5274
              ],
              [
                10.564,
                34.5272
              ],
              [
                10.5439,
                34.5187
              ],
              [
                10.5497,
                34.5194
              ],
              [
                10.5644,
                34.5239
              ],
              [
                10.5949,
                34.5383
              ],
              [
                10.6057,
                34.5517
              ],
              [
                10.6059,
                34.554
              ],
              [
                10.6032,
                34.5532
              ],
              [
                10.5998,
                34.5487
              ],
              [
                10.6002,
                34.5682
              ],
              [
                10.6022,
                34.5782
              ],
              [
                10.6054,
                34.5812
              ],
              [
                10.6054,
                34.5849
              ],
              [
                10.6083,
                34.5884
              ],
              [
                10.6132,
                34.5892
              ],
              [
                10.6174,
                34.5923
              ],
              [
                10.6293,
                34.6073
              ],
              [
                10.628,
                34.6119
              ],
              [
                10.6291,
                34.6139
              ],
              [
                10.6411,
                34.6197
              ],
              [
                10.6403,
                34.6252
              ],
              [
                10.647,
                34.6324
              ],
              [
                10.6522,
                34.6364
              ],
              [
                10.6614,
                34.6352
              ],
              [
                10.6664,
                34.637
              ],
              [
                10.6747,
                34.6437
              ],
              [
                10.6852,
                34.6419
              ],
              [
                10.6849,
                34.6456
              ],
              [
                10.6923,
                34.6489
              ],
              [
                10.6945,
                34.6553
              ],
              [
                10.6966,
                34.6566
              ],
              [
                10.7018,
                34.6595
              ],
              [
                10.72,
                34.6596
              ],
              [
                10.7319,
                34.6705
              ],
              [
                10.7359,
                34.6711
              ],
              [
                10.7367,
                34.678
              ],
              [
                10.7403,
                34.6825
              ],
              [
                10.7366,
                34.6872
              ],
              [
                10.7354,
                34.7016
              ],
              [
                10.7485,
                34.6973
              ],
              [
                10.7481,
                34.7
              ],
              [
                10.7358,
                34.7057
              ],
              [
                10.7442,
                34.7241
              ],
              [
                10.7494,
                34.727
              ],
              [
                10.7537,
                34.7239
              ],
              [
                10.7572,
                34.7235
              ],
              [
                10.7592,
                34.7221
              ],
              [
                10.7614,
                34.7132
              ],
              [
                10.7651,
                34.7135
              ],
              [
                10.7647,
                34.7197
              ],
              [
                10.7616,
                34.7205
              ],
              [
                10.762,
                34.7215
              ],
              [
                10.7664,
                34.7209
              ],
              [
                10.7684,
                34.7154
              ],
              [
                10.7704,
                34.7149
              ],
              [
                10.771,
                34.7199
              ],
              [
                10.7757,
                34.7215
              ],
              [
                10.7682,
                34.7279
              ],
              [
                10.766,
                34.7264
              ],
              [
                10.765,
                34.7275
              ],
              [
                10.7705,
                34.7308
              ],
              [
                10.7762,
                34.7275
              ],
              [
                10.7781,
                34.7306
              ],
              [
                10.7809,
                34.7227
              ],
              [
                10.7827,
                34.7261
              ],
              [
                10.7828,
                34.7284
              ],
              [
                10.78,
                34.732
              ],
              [
                10.7845,
                34.7363
              ],
              [
                10.7821,
                34.7395
              ],
              [
                10.775,
                34.743
              ],
              [
                10.7699,
                34.7391
              ],
              [
                10.7678,
                34.7398
              ],
              [
                10.7707,
                34.7446
              ],
              [
                10.779,
                34.7518
              ],
              [
                10.7935,
                34.7582
              ],
              [
                10.8042,
                34.7673
              ],
              [
                10.8097,
                34.7701
              ],
              [
                10.8146,
                34.7702
              ],
              [
                10.8255,
                34.7833
              ],
              [
                10.8316,
                34.7871
              ],
              [
                10.848,
                34.7944
              ],
              [
                10.8643,
                34.7976
              ],
              [
                10.8724,
                34.8019
              ],
              [
                10.8722,
                34.8051
              ],
              [
                10.867,
                34.8125
              ],
              [
                10.8651,
                34.8191
              ],
              [
                10.867,
                34.8271
              ],
              [
                10.8701,
                34.8265
              ],
              [
                10.8727,
                34.83
              ],
              [
                10.8821,
                34.8354
              ],
              [
                10.8862,
                34.8499
              ],
              [
                10.9015,
                34.8637
              ],
              [
                10.9202,
                34.8852
              ],
              [
                10.9208,
                34.896
              ],
              [
                10.9229,
                34.9014
              ],
              [
                10.9203,
                34.9188
              ],
              [
                10.9218,
                34.9266
              ],
              [
                10.9201,
                34.9418
              ],
              [
                10.9244,
                34.9663
              ],
              [
                10.9353,
                34.9765
              ],
              [
                10.963,
                34.9956
              ],
              [
                11.0052,
                35.0143
              ],
              [
                11.0069,
                35.0211
              ],
              [
                11.0214,
                35.0426
              ],
              [
                11.0221,
                35.0609
              ],
              [
                11.0259,
                35.0754
              ],
              [
                11.0219,
                35.09
              ],
              [
                11.0098,
                35.0896
              ],
              [
                10.9923,
                35.0961
              ],
              [
                10.9876,
                35.0919
              ],
              [
                10.975,
                35.0967
              ],
              [
                10.9636,
                35.0956
              ],
              [
                10.9563,
                35.0978
              ],
              [
                10.9342,
                35.1256
              ],
              [
                10.92,
                35.1368
              ],
              [
                10.9404,
                35.1538
              ],
              [
                10.9387,
                35.1556
              ],
              [
                10.9358,
                35.1553
              ],
              [
                10.9275,
                35.1619
              ],
              [
                10.932,
                35.1649
              ],
              [
                10.9308,
                35.1667
              ],
              [
                10.9196,
                35.1788
              ],
              [
                10.9073,
                35.1886
              ],
              [
                10.8949,
                35.1692
              ],
              [
                10.8853,
                35.1608
              ],
              [
                10.8692,
                35.1531
              ],
              [
                10.8483,
                35.1469
              ],
              [
                10.8338,
                35.1449
              ],
              [
                10.8369,
                35.1512
              ],
              [
                10.8367,
                35.1614
              ],
              [
                10.8325,
                35.1702
              ],
              [
                10.8265,
                35.1748
              ],
              [
                10.8082,
                35.2026
              ],
              [
                10.8024,
                35.2167
              ],
              [
                10.8048,
                35.2233
              ],
              [
                10.8041,
                35.2413
              ],
              [
                10.8043,
                35.2418
              ]
            ]
          ],
          [
            [
              [
                10.2728,
                34.3103
              ],
              [
                10.2783,
                34.3151
              ],
              [
                10.2798,
                34.3229
              ],
              [
                10.2769,
                34.3228
              ],
              [
                10.2747,
                34.32
              ],
              [
                10.2709,
                34.313
              ],
              [
                10.2722,
                34.3088
              ],
              [
                10.2728,
                34.3103
              ]
            ]
          ],
          [
            [
              [
                10.2844,
                34.3261
              ],
              [
                10.2848,
                34.3278
              ],
              [
                10.2847,
                34.3287
              ],
              [
                10.2833,
                34.3301
              ],
              [
                10.2827,
                34.3291
              ],
              [
                10.2824,
                34.3282
              ],
              [
                10.2809,
                34.3249
              ],
              [
                10.2798,
                34.3229
              ],
              [
                10.2809,
                34.322
              ],
              [
                10.2826,
                34.3218
              ],
              [
                10.2844,
                34.3261
              ]
            ]
          ],
          [
            [
              [
                10.2876,
                34.331
              ],
              [
                10.2875,
                34.333
              ],
              [
                10.285,
                34.333
              ],
              [
                10.2854,
                34.3312
              ],
              [
                10.2866,
                34.3304
              ],
              [
                10.2876,
                34.331
              ]
            ]
          ],
          [
            [
              [
                10.2882,
                34.3344
              ],
              [
                10.289,
                34.3349
              ],
              [
                10.2879,
                34.3364
              ],
              [
                10.2871,
                34.3359
              ],
              [
                10.2861,
                34.3348
              ],
              [
                10.2873,
                34.334
              ],
              [
                10.2882,
                34.3344
              ]
            ]
          ],
          [
            [
              [
                10.2919,
                34.3384
              ],
              [
                10.2923,
                34.3399
              ],
              [
                10.2919,
                34.3409
              ],
              [
                10.291,
                34.3412
              ],
              [
                10.2903,
                34.3407
              ],
              [
                10.29,
                34.3399
              ],
              [
                10.2896,
                34.3373
              ],
              [
                10.2895,
                34.3363
              ],
              [
                10.2906,
                34.336
              ],
              [
                10.2919,
                34.3384
              ]
            ]
          ],
          [
            [
              [
                10.3193,
                34.3577
              ],
              [
                10.3211,
                34.3623
              ],
              [
                10.3203,
                34.3677
              ],
              [
                10.3185,
                34.3712
              ],
              [
                10.3146,
                34.3736
              ],
              [
                10.3138,
                34.3788
              ],
              [
                10.311,
                34.3792
              ],
              [
                10.3018,
                34.3677
              ],
              [
                10.304,
                34.3629
              ],
              [
                10.3076,
                34.3601
              ],
              [
                10.3181,
                34.3575
              ],
              [
                10.3193,
                34.3577
              ]
            ]
          ],
          [
            [
              [
                11.2065,
                34.748
              ],
              [
                11.2063,
                34.7488
              ],
              [
                11.2054,
                34.7492
              ],
              [
                11.2042,
                34.7485
              ],
              [
                11.2045,
                34.7473
              ],
              [
                11.2065,
                34.748
              ]
            ]
          ],
          [
            [
              [
                11.2108,
                34.7491
              ],
              [
                11.2109,
                34.7499
              ],
              [
                11.2098,
                34.75
              ],
              [
                11.2083,
                34.7502
              ],
              [
                11.2082,
                34.7493
              ],
              [
                11.2094,
                34.7488
              ],
              [
                11.2108,
                34.7491
              ]
            ]
          ],
          [
            [
              [
                11.2009,
                34.7573
              ],
              [
                11.1978,
                34.7564
              ],
              [
                11.1963,
                34.7553
              ],
              [
                11.196,
                34.7543
              ],
              [
                11.1979,
                34.754
              ],
              [
                11.199,
                34.7541
              ],
              [
                11.2001,
                34.7542
              ],
              [
                11.2008,
                34.7537
              ],
              [
                11.2029,
                34.751
              ],
              [
                11.2039,
                34.752
              ],
              [
                11.2009,
                34.7573
              ]
            ]
          ],
          [
            [
              [
                11.3436,
                34.7554
              ],
              [
                11.3332,
                34.7587
              ],
              [
                11.3153,
                34.7567
              ],
              [
                11.3084,
                34.753
              ],
              [
                11.3063,
                34.7455
              ],
              [
                11.3076,
                34.7432
              ],
              [
                11.3091,
                34.7433
              ],
              [
                11.3209,
                34.7517
              ],
              [
                11.3277,
                34.7545
              ],
              [
                11.3436,
                34.7543
              ],
              [
                11.3436,
                34.7554
              ]
            ]
          ],
          [
            [
              [
                11.2211,
                34.7576
              ],
              [
                11.2208,
                34.7584
              ],
              [
                11.2183,
                34.7592
              ],
              [
                11.2179,
                34.7585
              ],
              [
                11.2189,
                34.7571
              ],
              [
                11.2201,
                34.7569
              ],
              [
                11.2211,
                34.7576
              ]
            ]
          ],
          [
            [
              [
                11.2172,
                34.7566
              ],
              [
                11.2171,
                34.7575
              ],
              [
                11.2142,
                34.7604
              ],
              [
                11.2127,
                34.7617
              ],
              [
                11.2113,
                34.762
              ],
              [
                11.2101,
                34.762
              ],
              [
                11.21,
                34.7612
              ],
              [
                11.2151,
                34.7568
              ],
              [
                11.216,
                34.7561
              ],
              [
                11.2172,
                34.7566
              ]
            ]
          ],
          [
            [
              [
                11.2084,
                34.7654
              ],
              [
                11.208,
                34.7664
              ],
              [
                11.2066,
                34.7671
              ],
              [
                11.2056,
                34.7667
              ],
              [
                11.2064,
                34.7657
              ],
              [
                11.2075,
                34.7651
              ],
              [
                11.2084,
                34.7654
              ]
            ]
          ],
          [
            [
              [
                11.231,
                34.7904
              ],
              [
                11.225,
                34.795
              ],
              [
                11.2232,
                34.7991
              ],
              [
                11.2199,
                34.8008
              ],
              [
                11.2175,
                34.7983
              ],
              [
                11.2286,
                34.7904
              ],
              [
                11.231,
                34.7904
              ]
            ]
          ],
          [
            [
              [
                11.2832,
                34.8218
              ],
              [
                11.2832,
                34.8227
              ],
              [
                11.2829,
                34.8244
              ],
              [
                11.282,
                34.8246
              ],
              [
                11.2812,
                34.8241
              ],
              [
                11.2809,
                34.8232
              ],
              [
                11.2821,
                34.8217
              ],
              [
                11.2832,
                34.8218
              ]
            ]
          ],
          [
            [
              [
                11.3212,
                34.8202
              ],
              [
                11.3127,
                34.827
              ],
              [
                11.3052,
                34.8282
              ],
              [
                11.3062,
                34.822
              ],
              [
                11.3123,
                34.8159
              ],
              [
                11.3306,
                34.8138
              ],
              [
                11.3338,
                34.8122
              ],
              [
                11.3349,
                34.8131
              ],
              [
                11.3346,
                34.8151
              ],
              [
                11.3314,
                34.8172
              ],
              [
                11.3228,
                34.8186
              ],
              [
                11.3212,
                34.8202
              ]
            ]
          ],
          [
            [
              [
                11.2723,
                34.807
              ],
              [
                11.2635,
                34.822
              ],
              [
                11.2571,
                34.8261
              ],
              [
                11.2498,
                34.8284
              ],
              [
                11.2448,
                34.8163
              ],
              [
                11.2495,
                34.8135
              ],
              [
                11.2509,
                34.8071
              ],
              [
                11.2499,
                34.806
              ],
              [
                11.2451,
                34.8071
              ],
              [
                11.2436,
                34.8053
              ],
              [
                11.2458,
                34.8026
              ],
              [
                11.2468,
                34.7912
              ],
              [
                11.2329,
                34.7884
              ],
              [
                11.2323,
                34.7841
              ],
              [
                11.23,
                34.7826
              ],
              [
                11.2175,
                34.7829
              ],
              [
                11.217,
                34.7805
              ],
              [
                11.2202,
                34.7732
              ],
              [
                11.2318,
                34.7652
              ],
              [
                11.2319,
                34.763
              ],
              [
                11.2275,
                34.7597
              ],
              [
                11.2289,
                34.749
              ],
              [
                11.2243,
                34.7481
              ],
              [
                11.224,
                34.7464
              ],
              [
                11.2296,
                34.7379
              ],
              [
                11.238,
                34.7347
              ],
              [
                11.2151,
                34.7414
              ],
              [
                11.211,
                34.7397
              ],
              [
                11.2009,
                34.7399
              ],
              [
                11.1941,
                34.7435
              ],
              [
                11.1901,
                34.7438
              ],
              [
                11.1793,
                34.754
              ],
              [
                11.1795,
                34.7563
              ],
              [
                11.1823,
                34.7578
              ],
              [
                11.1805,
                34.7606
              ],
              [
                11.1702,
                34.7613
              ],
              [
                11.1811,
                34.7418
              ],
              [
                11.1802,
                34.74
              ],
              [
                11.1751,
                34.7383
              ],
              [
                11.1687,
                34.7389
              ],
              [
                11.1678,
                34.7375
              ],
              [
                11.1705,
                34.7313
              ],
              [
                11.1742,
                34.7299
              ],
              [
                11.1726,
                34.7251
              ],
              [
                11.1586,
                34.7214
              ],
              [
                11.1581,
                34.7173
              ],
              [
                11.1474,
                34.7039
              ],
              [
                11.1354,
                34.6996
              ],
              [
                11.134,
                34.6954
              ],
              [
                11.1362,
                34.6911
              ],
              [
                11.1328,
                34.6841
              ],
              [
                11.1308,
                34.6819
              ],
              [
                11.1229,
                34.6792
              ],
              [
                11.1251,
                34.6732
              ],
              [
                11.1251,
                34.6634
              ],
              [
                11.1223,
                34.6624
              ],
              [
                11.1141,
                34.6661
              ],
              [
                11.0931,
                34.6678
              ],
              [
                11.0885,
                34.6726
              ],
              [
                11.0821,
                34.6703
              ],
              [
                11.058,
                34.6717
              ],
              [
                11.0546,
                34.6693
              ],
              [
                11.0482,
                34.6682
              ],
              [
                11.0409,
                34.6708
              ],
              [
                10.9949,
                34.6704
              ],
              [
                10.987,
                34.6685
              ],
              [
                10.973,
                34.6542
              ],
              [
                11.0006,
                34.6348
              ],
              [
                11.0175,
                34.6286
              ],
              [
                11.0303,
                34.6258
              ],
              [
                11.0473,
                34.6114
              ],
              [
                11.0485,
                34.6126
              ],
              [
                11.0476,
                34.6172
              ],
              [
                11.0488,
                34.6203
              ],
              [
                11.0591,
                34.6204
              ],
              [
                11.0782,
                34.6354
              ],
              [
                11.085,
                34.6427
              ],
              [
                11.0888,
                34.6428
              ],
              [
                11.1044,
                34.6533
              ],
              [
                11.1215,
                34.6571
              ],
              [
                11.1237,
                34.6604
              ],
              [
                11.1376,
                34.6673
              ],
              [
                11.1512,
                34.6712
              ],
              [
                11.172,
                34.6828
              ],
              [
                11.1774,
                34.689
              ],
              [
                11.1823,
                34.6902
              ],
              [
                11.2016,
                34.7013
              ],
              [
                11.2467,
                34.7096
              ],
              [
                11.2507,
                34.7128
              ],
              [
                11.2506,
                34.7207
              ],
              [
                11.2654,
                34.7196
              ],
              [
                11.2718,
                34.722
              ],
              [
                11.2807,
                34.7304
              ],
              [
                11.2962,
                34.7298
              ],
              [
                11.2985,
                34.7322
              ],
              [
                11.3044,
                34.7335
              ],
              [
                11.3052,
                34.7417
              ],
              [
                11.3019,
                34.7465
              ],
              [
                11.2945,
                34.7537
              ],
              [
                11.2779,
                34.7645
              ],
              [
                11.2769,
                34.7716
              ],
              [
                11.2717,
                34.7766
              ],
              [
                11.2763,
                34.7797
              ],
              [
                11.2796,
                34.7779
              ],
              [
                11.2806,
                34.7755
              ],
              [
                11.2921,
                34.7732
              ],
              [
                11.2925,
                34.7704
              ],
              [
                11.2984,
                34.7653
              ],
              [
                11.3089,
                34.7603
              ],
              [
                11.3064,
                34.7713
              ],
              [
                11.3034,
                34.7663
              ],
              [
                11.3005,
                34.7676
              ],
              [
                11.3001,
                34.7741
              ],
              [
                11.2991,
                34.7754
              ],
              [
                11.2955,
                34.774
              ],
              [
                11.2945,
                34.7749
              ],
              [
                11.2955,
                34.7778
              ],
              [
                11.287,
                34.79
              ],
              [
                11.2887,
                34.7928
              ],
              [
                11.2911,
                34.7934
              ],
              [
                11.2913,
                34.7963
              ],
              [
                11.2882,
                34.802
              ],
              [
                11.2889,
                34.8032
              ],
              [
                11.3004,
                34.8046
              ],
              [
                11.31,
                34.7992
              ],
              [
                11.3166,
                34.7976
              ],
              [
                11.3181,
                34.7992
              ],
              [
                11.3176,
                34.8009
              ],
              [
                11.2985,
                34.8116
              ],
              [
                11.2904,
                34.8125
              ],
              [
                11.2758,
                34.8177
              ],
              [
                11.2746,
                34.8145
              ],
              [
                11.2829,
                34.8071
              ],
              [
                11.2804,
                34.8027
              ],
              [
                11.2747,
                34.8052
              ],
              [
                11.2723,
                34.807
              ]
            ]
          ]
        ]
      }
    },
    {
      "type": "Feature",
      "properties": {
        "gov_id": "TN41",
        "gov_name": "Kairouan",
        "gov_name_ar": "القيروان",
        "region_id": "TN4",
        "region_name": "Centre West",
        "source_level": "COD-AB ADM2",
        "area_sqkm": 6513.1860594,
        "center_lon": 9.83432732,
        "center_lat": 35.57932733,
        "display_name": "Kairouan",
        "display_label": "Kairouan — Governorate"
      },
      "geometry": {
        "type": "Polygon",
        "coordinates": [
          [
            [
              10.1966,
              36.1378
            ],
            [
              10.1741,
              36.1382
            ],
            [
              10.1663,
              36.1343
            ],
            [
              10.1498,
              36.1303
            ],
            [
              10.1432,
              36.1225
            ],
            [
              10.1376,
              36.1232
            ],
            [
              10.1377,
              36.1188
            ],
            [
              10.1263,
              36.1114
            ],
            [
              10.1272,
              36.1096
            ],
            [
              10.1258,
              36.1074
            ],
            [
              10.1292,
              36.0986
            ],
            [
              10.1349,
              36.0971
            ],
            [
              10.1344,
              36.0941
            ],
            [
              10.1368,
              36.0921
            ],
            [
              10.1375,
              36.0811
            ],
            [
              10.1277,
              36.084
            ],
            [
              10.0792,
              36.0747
            ],
            [
              10.0717,
              36.0786
            ],
            [
              10.0693,
              36.0813
            ],
            [
              10.0701,
              36.0849
            ],
            [
              10.0649,
              36.0871
            ],
            [
              10.0643,
              36.0979
            ],
            [
              10.0627,
              36.1004
            ],
            [
              10.0598,
              36.1005
            ],
            [
              10.0599,
              36.1052
            ],
            [
              10.0582,
              36.1061
            ],
            [
              10.0608,
              36.0794
            ],
            [
              10.0593,
              36.0641
            ],
            [
              10.065,
              36.0433
            ],
            [
              10.0625,
              36.0331
            ],
            [
              10.0443,
              36.0006
            ],
            [
              10.0402,
              36.0012
            ],
            [
              10.0338,
              36.006
            ],
            [
              10.0255,
              36.0089
            ],
            [
              10.0203,
              36.0159
            ],
            [
              10.0162,
              36.0154
            ],
            [
              10.0132,
              36.0115
            ],
            [
              10.0108,
              36.0123
            ],
            [
              10.0102,
              36.0172
            ],
            [
              10.0055,
              36.0208
            ],
            [
              10.0052,
              36.0267
            ],
            [
              9.9955,
              36.0351
            ],
            [
              9.9891,
              36.0381
            ],
            [
              9.9755,
              36.0389
            ],
            [
              9.9735,
              36.0428
            ],
            [
              9.9733,
              36.0498
            ],
            [
              9.9688,
              36.0491
            ],
            [
              9.9681,
              36.044
            ],
            [
              9.9633,
              36.0454
            ],
            [
              9.9599,
              36.0441
            ],
            [
              9.9554,
              36.0387
            ],
            [
              9.9532,
              36.0391
            ],
            [
              9.9541,
              36.0419
            ],
            [
              9.9528,
              36.0431
            ],
            [
              9.9424,
              36.0433
            ],
            [
              9.9399,
              36.0466
            ],
            [
              9.9362,
              36.0473
            ],
            [
              9.9287,
              36.0431
            ],
            [
              9.9232,
              36.042
            ],
            [
              9.9201,
              36.042
            ],
            [
              9.9191,
              36.0438
            ],
            [
              9.9118,
              36.0413
            ],
            [
              9.9047,
              36.0436
            ],
            [
              9.9013,
              36.0426
            ],
            [
              9.8985,
              36.0458
            ],
            [
              9.8945,
              36.0474
            ],
            [
              9.8952,
              36.0546
            ],
            [
              9.8929,
              36.0576
            ],
            [
              9.8961,
              36.0628
            ],
            [
              9.8922,
              36.0645
            ],
            [
              9.8909,
              36.0682
            ],
            [
              9.8818,
              36.0691
            ],
            [
              9.8779,
              36.0753
            ],
            [
              9.8748,
              36.0739
            ],
            [
              9.8721,
              36.0755
            ],
            [
              9.8434,
              36.0739
            ],
            [
              9.8404,
              36.0668
            ],
            [
              9.8283,
              36.0561
            ],
            [
              9.8193,
              36.0913
            ],
            [
              9.8139,
              36.0992
            ],
            [
              9.8102,
              36.1083
            ],
            [
              9.7961,
              36.1007
            ],
            [
              9.7913,
              36.1004
            ],
            [
              9.7914,
              36.1034
            ],
            [
              9.7867,
              36.1027
            ],
            [
              9.7853,
              36.1066
            ],
            [
              9.7779,
              36.1024
            ],
            [
              9.7733,
              36.104
            ],
            [
              9.7705,
              36.1066
            ],
            [
              9.7644,
              36.1081
            ],
            [
              9.7583,
              36.1129
            ],
            [
              9.7578,
              36.1152
            ],
            [
              9.7507,
              36.1084
            ],
            [
              9.7322,
              36.0817
            ],
            [
              9.7114,
              36.0575
            ],
            [
              9.6621,
              36.0224
            ],
            [
              9.6549,
              36.0167
            ],
            [
              9.6485,
              36.0086
            ],
            [
              9.6369,
              36.0014
            ],
            [
              9.6052,
              35.974
            ],
            [
              9.5997,
              35.9721
            ],
            [
              9.5838,
              35.9613
            ],
            [
              9.5714,
              35.9499
            ],
            [
              9.5618,
              35.9455
            ],
            [
              9.5566,
              35.9407
            ],
            [
              9.5454,
              35.9356
            ],
            [
              9.529,
              35.9246
            ],
            [
              9.5232,
              35.9229
            ],
            [
              9.5214,
              35.9212
            ],
            [
              9.52,
              35.915
            ],
            [
              9.5182,
              35.9139
            ],
            [
              9.5029,
              35.9116
            ],
            [
              9.4898,
              35.9122
            ],
            [
              9.4857,
              35.9069
            ],
            [
              9.491,
              35.8921
            ],
            [
              9.4907,
              35.8729
            ],
            [
              9.4961,
              35.8712
            ],
            [
              9.5039,
              35.8655
            ],
            [
              9.5127,
              35.8645
            ],
            [
              9.5179,
              35.8616
            ],
            [
              9.5165,
              35.8563
            ],
            [
              9.5182,
              35.8545
            ],
            [
              9.5324,
              35.855
            ],
            [
              9.5355,
              35.848
            ],
            [
              9.534,
              35.8317
            ],
            [
              9.5226,
              35.831
            ],
            [
              9.5088,
              35.82
            ],
            [
              9.5093,
              35.8104
            ],
            [
              9.4994,
              35.796
            ],
            [
              9.4952,
              35.7921
            ],
            [
              9.4948,
              35.7886
            ],
            [
              9.4927,
              35.7887
            ],
            [
              9.4981,
              35.7696
            ],
            [
              9.5031,
              35.764
            ],
            [
              9.5139,
              35.757
            ],
            [
              9.5244,
              35.7551
            ],
            [
              9.5257,
              35.756
            ],
            [
              9.5341,
              35.7522
            ],
            [
              9.5354,
              35.7477
            ],
            [
              9.5376,
              35.7456
            ],
            [
              9.5375,
              35.7428
            ],
            [
              9.5317,
              35.7392
            ],
            [
              9.5214,
              35.7377
            ],
            [
              9.5249,
              35.7336
            ],
            [
              9.5207,
              35.7291
            ],
            [
              9.5176,
              35.7332
            ],
            [
              9.5154,
              35.7339
            ],
            [
              9.503,
              35.7295
            ],
            [
              9.4786,
              35.7319
            ],
            [
              9.4715,
              35.728
            ],
            [
              9.468,
              35.7293
            ],
            [
              9.47,
              35.7249
            ],
            [
              9.4618,
              35.7244
            ],
            [
              9.4543,
              35.7196
            ],
            [
              9.4569,
              35.7133
            ],
            [
              9.4505,
              35.7104
            ],
            [
              9.4461,
              35.7118
            ],
            [
              9.4464,
              35.7106
            ],
            [
              9.4427,
              35.7097
            ],
            [
              9.442,
              35.7081
            ],
            [
              9.4356,
              35.7087
            ],
            [
              9.4331,
              35.7121
            ],
            [
              9.4322,
              35.7094
            ],
            [
              9.425,
              35.7083
            ],
            [
              9.4221,
              35.7025
            ],
            [
              9.4189,
              35.702
            ],
            [
              9.4133,
              35.6945
            ],
            [
              9.4051,
              35.6895
            ],
            [
              9.4009,
              35.6903
            ],
            [
              9.3979,
              35.6887
            ],
            [
              9.3941,
              35.6901
            ],
            [
              9.3869,
              35.6944
            ],
            [
              9.3848,
              35.698
            ],
            [
              9.3827,
              35.6979
            ],
            [
              9.3814,
              35.7022
            ],
            [
              9.3771,
              35.7035
            ],
            [
              9.3763,
              35.7013
            ],
            [
              9.3744,
              35.7035
            ],
            [
              9.3684,
              35.7025
            ],
            [
              9.3649,
              35.7047
            ],
            [
              9.3637,
              35.7026
            ],
            [
              9.3604,
              35.705
            ],
            [
              9.3582,
              35.7027
            ],
            [
              9.3533,
              35.703
            ],
            [
              9.3523,
              35.7015
            ],
            [
              9.3477,
              35.7025
            ],
            [
              9.3382,
              35.7005
            ],
            [
              9.3302,
              35.7063
            ],
            [
              9.3269,
              35.7066
            ],
            [
              9.3198,
              35.7139
            ],
            [
              9.313,
              35.7138
            ],
            [
              9.2977,
              35.7254
            ],
            [
              9.2731,
              35.6985
            ],
            [
              9.2709,
              35.6936
            ],
            [
              9.2737,
              35.6864
            ],
            [
              9.2761,
              35.6858
            ],
            [
              9.2759,
              35.6844
            ],
            [
              9.3041,
              35.6626
            ],
            [
              9.325,
              35.6406
            ],
            [
              9.3301,
              35.6274
            ],
            [
              9.3426,
              35.6234
            ],
            [
              9.3447,
              35.6187
            ],
            [
              9.3793,
              35.6098
            ],
            [
              9.3851,
              35.6064
            ],
            [
              9.3871,
              35.5968
            ],
            [
              9.3893,
              35.596
            ],
            [
              9.3902,
              35.5929
            ],
            [
              9.3898,
              35.5891
            ],
            [
              9.3924,
              35.5846
            ],
            [
              9.3921,
              35.5822
            ],
            [
              9.3959,
              35.5828
            ],
            [
              9.3986,
              35.581
            ],
            [
              9.3989,
              35.5786
            ],
            [
              9.4041,
              35.5754
            ],
            [
              9.4076,
              35.5762
            ],
            [
              9.4134,
              35.5747
            ],
            [
              9.4261,
              35.5771
            ],
            [
              9.4293,
              35.5736
            ],
            [
              9.4306,
              35.5697
            ],
            [
              9.4283,
              35.566
            ],
            [
              9.428,
              35.5399
            ],
            [
              9.4315,
              35.5334
            ],
            [
              9.4351,
              35.5315
            ],
            [
              9.4352,
              35.5172
            ],
            [
              9.4389,
              35.5148
            ],
            [
              9.4385,
              35.5113
            ],
            [
              9.4403,
              35.5087
            ],
            [
              9.4414,
              35.4993
            ],
            [
              9.4501,
              35.4961
            ],
            [
              9.4526,
              35.4973
            ],
            [
              9.4562,
              35.4938
            ],
            [
              9.4641,
              35.4931
            ],
            [
              9.4662,
              35.4772
            ],
            [
              9.4788,
              35.4694
            ],
            [
              9.4891,
              35.4656
            ],
            [
              9.4911,
              35.4587
            ],
            [
              9.4861,
              35.455
            ],
            [
              9.485,
              35.4494
            ],
            [
              9.4891,
              35.4405
            ],
            [
              9.4883,
              35.4294
            ],
            [
              9.4904,
              35.4238
            ],
            [
              9.5051,
              35.4141
            ],
            [
              9.5003,
              35.4116
            ],
            [
              9.5009,
              35.4081
            ],
            [
              9.505,
              35.4049
            ],
            [
              9.4872,
              35.3924
            ],
            [
              9.4744,
              35.3884
            ],
            [
              9.4725,
              35.3818
            ],
            [
              9.4664,
              35.375
            ],
            [
              9.4659,
              35.3704
            ],
            [
              9.4597,
              35.3678
            ],
            [
              9.4591,
              35.3635
            ],
            [
              9.4753,
              35.3602
            ],
            [
              9.4951,
              35.352
            ],
            [
              9.5271,
              35.3443
            ],
            [
              9.5304,
              35.3369
            ],
            [
              9.5273,
              35.3333
            ],
            [
              9.5347,
              35.3268
            ],
            [
              9.5366,
              35.3222
            ],
            [
              9.5324,
              35.3187
            ],
            [
              9.5337,
              35.3139
            ],
            [
              9.5374,
              35.3093
            ],
            [
              9.5412,
              35.2984
            ],
            [
              9.5426,
              35.2983
            ],
            [
              9.5431,
              35.2954
            ],
            [
              9.548,
              35.29
            ],
            [
              9.5471,
              35.2881
            ],
            [
              9.5496,
              35.2812
            ],
            [
              9.5529,
              35.2789
            ],
            [
              9.5526,
              35.2768
            ],
            [
              9.5545,
              35.2749
            ],
            [
              9.5646,
              35.2719
            ],
            [
              9.5662,
              35.2697
            ],
            [
              9.5731,
              35.2764
            ],
            [
              9.5809,
              35.2795
            ],
            [
              9.587,
              35.2848
            ],
            [
              9.6,
              35.2796
            ],
            [
              9.6046,
              35.2735
            ],
            [
              9.6045,
              35.2699
            ],
            [
              9.6098,
              35.2666
            ],
            [
              9.6116,
              35.2673
            ],
            [
              9.6144,
              35.2653
            ],
            [
              9.6205,
              35.2663
            ],
            [
              9.622,
              35.2638
            ],
            [
              9.6275,
              35.2617
            ],
            [
              9.6303,
              35.2627
            ],
            [
              9.631,
              35.2614
            ],
            [
              9.6325,
              35.2628
            ],
            [
              9.6417,
              35.2607
            ],
            [
              9.6443,
              35.2589
            ],
            [
              9.644,
              35.2566
            ],
            [
              9.6478,
              35.2563
            ],
            [
              9.653,
              35.2521
            ],
            [
              9.6584,
              35.2425
            ],
            [
              9.6699,
              35.2382
            ],
            [
              9.6716,
              35.2362
            ],
            [
              9.6735,
              35.2366
            ],
            [
              9.6745,
              35.2349
            ],
            [
              9.6827,
              35.2368
            ],
            [
              9.6916,
              35.2307
            ],
            [
              9.6912,
              35.2116
            ],
            [
              9.6941,
              35.2056
            ],
            [
              9.6988,
              35.2007
            ],
            [
              9.7286,
              35.1881
            ],
            [
              9.7293,
              35.1898
            ],
            [
              9.7478,
              35.1804
            ],
            [
              9.7571,
              35.1824
            ],
            [
              9.7679,
              35.1795
            ],
            [
              9.7941,
              35.1816
            ],
            [
              9.8217,
              35.1715
            ],
            [
              9.8421,
              35.1713
            ],
            [
              9.8732,
              35.1661
            ],
            [
              9.8839,
              35.17
            ],
            [
              9.8865,
              35.1744
            ],
            [
              9.8827,
              35.1799
            ],
            [
              9.8853,
              35.1806
            ],
            [
              9.8884,
              35.1849
            ],
            [
              9.898,
              35.1841
            ],
            [
              9.9088,
              35.1881
            ],
            [
              9.9144,
              35.193
            ],
            [
              9.9426,
              35.1989
            ],
            [
              9.9476,
              35.2027
            ],
            [
              9.9505,
              35.2077
            ],
            [
              9.9676,
              35.2024
            ],
            [
              9.9703,
              35.1976
            ],
            [
              9.97,
              35.1921
            ],
            [
              9.9731,
              35.1823
            ],
            [
              9.984,
              35.1724
            ],
            [
              10.0015,
              35.1645
            ],
            [
              9.9948,
              35.1552
            ],
            [
              9.9961,
              35.1542
            ],
            [
              9.9934,
              35.1461
            ],
            [
              9.9971,
              35.1265
            ],
            [
              9.9934,
              35.1247
            ],
            [
              9.9921,
              35.1208
            ],
            [
              9.9952,
              35.1188
            ],
            [
              9.997,
              35.1122
            ],
            [
              10.0023,
              35.1029
            ],
            [
              9.9941,
              35.0842
            ],
            [
              10.002,
              35.0795
            ],
            [
              10.0129,
              35.0661
            ],
            [
              10.0058,
              35.0524
            ],
            [
              10.0174,
              35.0506
            ],
            [
              10.015,
              35.0461
            ],
            [
              10.0077,
              35.0425
            ],
            [
              10.0406,
              35.0268
            ],
            [
              10.0632,
              35.0203
            ],
            [
              10.0522,
              35.0466
            ],
            [
              10.0551,
              35.0512
            ],
            [
              10.054,
              35.054
            ],
            [
              10.0552,
              35.057
            ],
            [
              10.0659,
              35.0676
            ],
            [
              10.0693,
              35.0674
            ],
            [
              10.0759,
              35.0703
            ],
            [
              10.0894,
              35.0835
            ],
            [
              10.096,
              35.0854
            ],
            [
              10.1095,
              35.0947
            ],
            [
              10.112,
              35.1001
            ],
            [
              10.1172,
              35.1056
            ],
            [
              10.1304,
              35.1117
            ],
            [
              10.1349,
              35.1192
            ],
            [
              10.1429,
              35.1167
            ],
            [
              10.149,
              35.1227
            ],
            [
              10.1506,
              35.1341
            ],
            [
              10.1529,
              35.1381
            ],
            [
              10.156,
              35.1387
            ],
            [
              10.1615,
              35.1359
            ],
            [
              10.1729,
              35.1373
            ],
            [
              10.1809,
              35.1399
            ],
            [
              10.1831,
              35.1428
            ],
            [
              10.223,
              35.1524
            ],
            [
              10.2106,
              35.1868
            ],
            [
              10.2206,
              35.1976
            ],
            [
              10.2106,
              35.2102
            ],
            [
              10.2049,
              35.2139
            ],
            [
              10.2037,
              35.2206
            ],
            [
              10.1944,
              35.2323
            ],
            [
              10.1744,
              35.2666
            ],
            [
              10.1794,
              35.2706
            ],
            [
              10.2051,
              35.3205
            ],
            [
              10.1924,
              35.3314
            ],
            [
              10.1919,
              35.3355
            ],
            [
              10.1747,
              35.3398
            ],
            [
              10.1672,
              35.3453
            ],
            [
              10.1606,
              35.357
            ],
            [
              10.1764,
              35.3875
            ],
            [
              10.1765,
              35.4038
            ],
            [
              10.182,
              35.4215
            ],
            [
              10.1936,
              35.4329
            ],
            [
              10.2063,
              35.4339
            ],
            [
              10.2165,
              35.4378
            ],
            [
              10.2208,
              35.443
            ],
            [
              10.221,
              35.4529
            ],
            [
              10.2249,
              35.4566
            ],
            [
              10.22,
              35.4697
            ],
            [
              10.2201,
              35.4754
            ],
            [
              10.2574,
              35.4987
            ],
            [
              10.24,
              35.5151
            ],
            [
              10.2073,
              35.5537
            ],
            [
              10.2335,
              35.5677
            ],
            [
              10.2741,
              35.5805
            ],
            [
              10.2853,
              35.577
            ],
            [
              10.2922,
              35.5785
            ],
            [
              10.2955,
              35.5934
            ],
            [
              10.2904,
              35.6028
            ],
            [
              10.285,
              35.6072
            ],
            [
              10.2837,
              35.6124
            ],
            [
              10.2723,
              35.633
            ],
            [
              10.2769,
              35.6495
            ],
            [
              10.273,
              35.653
            ],
            [
              10.2545,
              35.6797
            ],
            [
              10.2402,
              35.6935
            ],
            [
              10.2314,
              35.7052
            ],
            [
              10.2113,
              35.7153
            ],
            [
              10.2126,
              35.7396
            ],
            [
              10.2076,
              35.7427
            ],
            [
              10.2047,
              35.7493
            ],
            [
              10.2034,
              35.7639
            ],
            [
              10.1908,
              35.7781
            ],
            [
              10.1872,
              35.7798
            ],
            [
              10.1872,
              35.7827
            ],
            [
              10.1845,
              35.7843
            ],
            [
              10.1837,
              35.7888
            ],
            [
              10.1775,
              35.7917
            ],
            [
              10.1724,
              35.7913
            ],
            [
              10.173,
              35.7967
            ],
            [
              10.1647,
              35.8032
            ],
            [
              10.1638,
              35.8079
            ],
            [
              10.1589,
              35.8135
            ],
            [
              10.1601,
              35.8189
            ],
            [
              10.1645,
              35.8197
            ],
            [
              10.166,
              35.8218
            ],
            [
              10.1652,
              35.8232
            ],
            [
              10.162,
              35.8229
            ],
            [
              10.158,
              35.8251
            ],
            [
              10.1606,
              35.833
            ],
            [
              10.16,
              35.836
            ],
            [
              10.1715,
              35.8403
            ],
            [
              10.1689,
              35.8421
            ],
            [
              10.1689,
              35.8441
            ],
            [
              10.1794,
              35.8529
            ],
            [
              10.18,
              35.8567
            ],
            [
              10.177,
              35.8605
            ],
            [
              10.1754,
              35.8677
            ],
            [
              10.1801,
              35.8795
            ],
            [
              10.1876,
              35.8876
            ],
            [
              10.1942,
              35.8894
            ],
            [
              10.1982,
              35.8935
            ],
            [
              10.1996,
              35.8973
            ],
            [
              10.2032,
              35.8996
            ],
            [
              10.2022,
              35.9036
            ],
            [
              10.2137,
              35.906
            ],
            [
              10.2156,
              35.9077
            ],
            [
              10.2184,
              35.914
            ],
            [
              10.2188,
              35.9194
            ],
            [
              10.2219,
              35.9214
            ],
            [
              10.2234,
              35.9269
            ],
            [
              10.2275,
              35.9269
            ],
            [
              10.2369,
              35.9468
            ],
            [
              10.241,
              35.9682
            ],
            [
              10.2458,
              35.9814
            ],
            [
              10.2527,
              35.9965
            ],
            [
              10.2568,
              36.0004
            ],
            [
              10.2557,
              36.0356
            ],
            [
              10.2473,
              36.039
            ],
            [
              10.2309,
              36.0506
            ],
            [
              10.222,
              36.0549
            ],
            [
              10.2036,
              36.0571
            ],
            [
              10.2046,
              36.0654
            ],
            [
              10.209,
              36.0661
            ],
            [
              10.2071,
              36.0681
            ],
            [
              10.21,
              36.079
            ],
            [
              10.2168,
              36.0869
            ],
            [
              10.2144,
              36.0902
            ],
            [
              10.2072,
              36.0908
            ],
            [
              10.2103,
              36.0957
            ],
            [
              10.203,
              36.1
            ],
            [
              10.2021,
              36.1041
            ],
            [
              10.2038,
              36.1094
            ],
            [
              10.2018,
              36.1148
            ],
            [
              10.2041,
              36.1306
            ],
            [
              10.2027,
              36.133
            ],
            [
              10.2043,
              36.1352
            ],
            [
              10.2073,
              36.1352
            ],
            [
              10.1988,
              36.1374
            ],
            [
              10.1966,
              36.1378
            ]
          ]
        ]
      }
    },
    {
      "type": "Feature",
      "properties": {
        "gov_id": "TN42",
        "gov_name": "Kassérine",
        "gov_name_ar": "القصرين",
        "region_id": "TN4",
        "region_name": "Centre West",
        "source_level": "COD-AB ADM2",
        "area_sqkm": 8206.17605537,
        "center_lon": 8.85768923,
        "center_lat": 35.20927904,
        "display_name": "Kassérine",
        "display_label": "Kassérine — Governorate"
      },
      "geometry": {
        "type": "Polygon",
        "coordinates": [
          [
            [
              8.7011,
              35.7905
            ],
            [
              8.6989,
              35.7901
            ],
            [
              8.6967,
              35.7872
            ],
            [
              8.6867,
              35.7854
            ],
            [
              8.6846,
              35.7834
            ],
            [
              8.676,
              35.7881
            ],
            [
              8.6729,
              35.7866
            ],
            [
              8.6673,
              35.7878
            ],
            [
              8.6693,
              35.7772
            ],
            [
              8.6665,
              35.7594
            ],
            [
              8.6619,
              35.7589
            ],
            [
              8.6567,
              35.7547
            ],
            [
              8.6549,
              35.7558
            ],
            [
              8.6549,
              35.7539
            ],
            [
              8.6502,
              35.7506
            ],
            [
              8.646,
              35.7502
            ],
            [
              8.6439,
              35.7531
            ],
            [
              8.6364,
              35.755
            ],
            [
              8.6319,
              35.7431
            ],
            [
              8.6236,
              35.7434
            ],
            [
              8.6171,
              35.7478
            ],
            [
              8.6157,
              35.7402
            ],
            [
              8.619,
              35.7366
            ],
            [
              8.6188,
              35.731
            ],
            [
              8.6235,
              35.7287
            ],
            [
              8.6228,
              35.7265
            ],
            [
              8.6267,
              35.7244
            ],
            [
              8.6248,
              35.7174
            ],
            [
              8.6265,
              35.716
            ],
            [
              8.6267,
              35.7102
            ],
            [
              8.6228,
              35.7069
            ],
            [
              8.6227,
              35.702
            ],
            [
              8.6246,
              35.7015
            ],
            [
              8.6262,
              35.6936
            ],
            [
              8.6298,
              35.6916
            ],
            [
              8.6304,
              35.6889
            ],
            [
              8.6279,
              35.687
            ],
            [
              8.6303,
              35.6857
            ],
            [
              8.6279,
              35.6851
            ],
            [
              8.6283,
              35.6832
            ],
            [
              8.6263,
              35.6837
            ],
            [
              8.6282,
              35.6823
            ],
            [
              8.6217,
              35.6762
            ],
            [
              8.6179,
              35.6756
            ],
            [
              8.6191,
              35.6702
            ],
            [
              8.6164,
              35.6677
            ],
            [
              8.6143,
              35.6681
            ],
            [
              8.6125,
              35.6648
            ],
            [
              8.6138,
              35.6634
            ],
            [
              8.6126,
              35.6618
            ],
            [
              8.6148,
              35.6624
            ],
            [
              8.615,
              35.66
            ],
            [
              8.6082,
              35.6583
            ],
            [
              8.6056,
              35.6553
            ],
            [
              8.596,
              35.6527
            ],
            [
              8.5903,
              35.6488
            ],
            [
              8.5878,
              35.6501
            ],
            [
              8.5869,
              35.646
            ],
            [
              8.5795,
              35.6425
            ],
            [
              8.579,
              35.6407
            ],
            [
              8.5706,
              35.6409
            ],
            [
              8.5682,
              35.6376
            ],
            [
              8.5567,
              35.6448
            ],
            [
              8.5459,
              35.6582
            ],
            [
              8.5435,
              35.6573
            ],
            [
              8.5482,
              35.6656
            ],
            [
              8.5436,
              35.6673
            ],
            [
              8.481,
              35.6721
            ],
            [
              8.468,
              35.6702
            ],
            [
              8.4561,
              35.6725
            ],
            [
              8.4437,
              35.6706
            ],
            [
              8.4391,
              35.6682
            ],
            [
              8.437,
              35.6696
            ],
            [
              8.4312,
              35.6695
            ],
            [
              8.4168,
              35.664
            ],
            [
              8.4148,
              35.6544
            ],
            [
              8.4091,
              35.6514
            ],
            [
              8.4016,
              35.6423
            ],
            [
              8.3952,
              35.6403
            ],
            [
              8.3847,
              35.6404
            ],
            [
              8.3893,
              35.616
            ],
            [
              8.3708,
              35.6196
            ],
            [
              8.363,
              35.6164
            ],
            [
              8.3553,
              35.6174
            ],
            [
              8.3515,
              35.613
            ],
            [
              8.3506,
              35.6099
            ],
            [
              8.3532,
              35.6016
            ],
            [
              8.3533,
              35.5812
            ],
            [
              8.3597,
              35.5561
            ],
            [
              8.363,
              35.534
            ],
            [
              8.3599,
              35.5249
            ],
            [
              8.3745,
              35.4932
            ],
            [
              8.3852,
              35.4868
            ],
            [
              8.3844,
              35.4797
            ],
            [
              8.3858,
              35.4773
            ],
            [
              8.3837,
              35.466
            ],
            [
              8.3732,
              35.467
            ],
            [
              8.353,
              35.4617
            ],
            [
              8.3499,
              35.4532
            ],
            [
              8.3393,
              35.4443
            ],
            [
              8.3303,
              35.4218
            ],
            [
              8.315,
              35.4131
            ],
            [
              8.3251,
              35.4124
            ],
            [
              8.33,
              35.405
            ],
            [
              8.3281,
              35.3989
            ],
            [
              8.3141,
              35.3763
            ],
            [
              8.3128,
              35.3701
            ],
            [
              8.3152,
              35.3653
            ],
            [
              8.3175,
              35.341
            ],
            [
              8.317,
              35.3249
            ],
            [
              8.3113,
              35.3231
            ],
            [
              8.3115,
              35.3142
            ],
            [
              8.3237,
              35.2983
            ],
            [
              8.3247,
              35.2888
            ],
            [
              8.3347,
              35.2787
            ],
            [
              8.3592,
              35.2751
            ],
            [
              8.3651,
              35.2696
            ],
            [
              8.379,
              35.2653
            ],
            [
              8.3927,
              35.2566
            ],
            [
              8.3969,
              35.2512
            ],
            [
              8.4055,
              35.2478
            ],
            [
              8.4061,
              35.2453
            ],
            [
              8.4217,
              35.2455
            ],
            [
              8.4317,
              35.2396
            ],
            [
              8.4398,
              35.2369
            ],
            [
              8.4547,
              35.2354
            ],
            [
              8.4725,
              35.2395
            ],
            [
              8.4765,
              35.239
            ],
            [
              8.454,
              35.2189
            ],
            [
              8.4482,
              35.2083
            ],
            [
              8.4321,
              35.1896
            ],
            [
              8.4281,
              35.1826
            ],
            [
              8.4227,
              35.1784
            ],
            [
              8.4192,
              35.1701
            ],
            [
              8.4165,
              35.1505
            ],
            [
              8.4014,
              35.1279
            ],
            [
              8.3754,
              35.1085
            ],
            [
              8.3619,
              35.1028
            ],
            [
              8.3572,
              35.0977
            ],
            [
              8.355,
              35.0899
            ],
            [
              8.3411,
              35.0644
            ],
            [
              8.3156,
              35.0082
            ],
            [
              8.3179,
              34.9991
            ],
            [
              8.3109,
              34.9543
            ],
            [
              8.3156,
              34.9489
            ],
            [
              8.3152,
              34.9467
            ],
            [
              8.301,
              34.9489
            ],
            [
              8.2985,
              34.946
            ],
            [
              8.2845,
              34.9438
            ],
            [
              8.271,
              34.933
            ],
            [
              8.2556,
              34.9272
            ],
            [
              8.2459,
              34.9193
            ],
            [
              8.2531,
              34.9141
            ],
            [
              8.2607,
              34.8945
            ],
            [
              8.2615,
              34.8874
            ],
            [
              8.2597,
              34.8831
            ],
            [
              8.2615,
              34.8745
            ],
            [
              8.2704,
              34.8626
            ],
            [
              8.2703,
              34.8506
            ],
            [
              8.2755,
              34.8436
            ],
            [
              8.273,
              34.8389
            ],
            [
              8.2776,
              34.8355
            ],
            [
              8.2818,
              34.8192
            ],
            [
              8.2805,
              34.8121
            ],
            [
              8.2854,
              34.8037
            ],
            [
              8.2826,
              34.788
            ],
            [
              8.2818,
              34.7685
            ],
            [
              8.2896,
              34.7589
            ],
            [
              8.2938,
              34.7448
            ],
            [
              8.3027,
              34.7394
            ],
            [
              8.3196,
              34.7328
            ],
            [
              8.3204,
              34.734
            ],
            [
              8.3532,
              34.7197
            ],
            [
              8.3628,
              34.7116
            ],
            [
              8.3727,
              34.7102
            ],
            [
              8.3829,
              34.7065
            ],
            [
              8.417,
              34.6911
            ],
            [
              8.4314,
              34.6891
            ],
            [
              8.4427,
              34.6853
            ],
            [
              8.4697,
              34.6683
            ],
            [
              8.4827,
              34.6642
            ],
            [
              8.4889,
              34.6585
            ],
            [
              8.4918,
              34.6526
            ],
            [
              8.5055,
              34.6421
            ],
            [
              8.5085,
              34.6406
            ],
            [
              8.5184,
              34.6411
            ],
            [
              8.5232,
              34.6397
            ],
            [
              8.5399,
              34.6302
            ],
            [
              8.5511,
              34.6308
            ],
            [
              8.5856,
              34.6274
            ],
            [
              8.586,
              34.6304
            ],
            [
              8.6509,
              34.677
            ],
            [
              8.6706,
              34.6866
            ],
            [
              8.679,
              34.6931
            ],
            [
              8.7011,
              34.7058
            ],
            [
              8.7224,
              34.7155
            ],
            [
              8.7303,
              34.7249
            ],
            [
              8.7506,
              34.725
            ],
            [
              8.789,
              34.7533
            ],
            [
              8.8169,
              34.7643
            ],
            [
              8.8428,
              34.7721
            ],
            [
              8.8935,
              34.8004
            ],
            [
              8.9209,
              34.8102
            ],
            [
              8.9297,
              34.8175
            ],
            [
              8.9401,
              34.8226
            ],
            [
              8.9502,
              34.8252
            ],
            [
              8.9715,
              34.8255
            ],
            [
              8.9811,
              34.8327
            ],
            [
              8.9853,
              34.8331
            ],
            [
              9.0155,
              34.8498
            ],
            [
              9.0393,
              34.858
            ],
            [
              9.0473,
              34.8647
            ],
            [
              9.059,
              34.8703
            ],
            [
              9.065,
              34.8803
            ],
            [
              9.0644,
              34.8846
            ],
            [
              9.0592,
              34.8861
            ],
            [
              9.0584,
              34.8904
            ],
            [
              9.0524,
              34.8887
            ],
            [
              9.0494,
              34.8903
            ],
            [
              9.046,
              34.8875
            ],
            [
              9.0383,
              34.8866
            ],
            [
              9.0273,
              34.8889
            ],
            [
              9.0312,
              34.8992
            ],
            [
              9.0259,
              34.9141
            ],
            [
              9.027,
              34.9159
            ],
            [
              9.0357,
              34.9195
            ],
            [
              9.038,
              34.9227
            ],
            [
              9.0377,
              34.9265
            ],
            [
              9.0352,
              34.9281
            ],
            [
              9.0362,
              34.9303
            ],
            [
              9.0353,
              34.9404
            ],
            [
              9.039,
              34.94
            ],
            [
              9.0447,
              34.9363
            ],
            [
              9.0499,
              34.937
            ],
            [
              9.0513,
              34.9434
            ],
            [
              9.0585,
              34.951
            ],
            [
              9.0604,
              34.9555
            ],
            [
              9.0721,
              34.9577
            ],
            [
              9.0802,
              34.9631
            ],
            [
              9.087,
              34.9651
            ],
            [
              9.1063,
              34.9676
            ],
            [
              9.1132,
              34.9782
            ],
            [
              9.1165,
              34.988
            ],
            [
              9.1221,
              34.9953
            ],
            [
              9.1325,
              34.994
            ],
            [
              9.1445,
              34.9956
            ],
            [
              9.1507,
              34.9946
            ],
            [
              9.1572,
              34.9988
            ],
            [
              9.1636,
              35.0002
            ],
            [
              9.1679,
              35.0104
            ],
            [
              9.1776,
              35.0115
            ],
            [
              9.1846,
              35.0156
            ],
            [
              9.195,
              35.0102
            ],
            [
              9.2044,
              35.0088
            ],
            [
              9.2138,
              35.0114
            ],
            [
              9.2212,
              35.0194
            ],
            [
              9.2292,
              35.017
            ],
            [
              9.2384,
              35.0232
            ],
            [
              9.2409,
              35.023
            ],
            [
              9.2468,
              35.0186
            ],
            [
              9.2551,
              35.0212
            ],
            [
              9.2716,
              35.0208
            ],
            [
              9.278,
              35.0252
            ],
            [
              9.2924,
              35.0458
            ],
            [
              9.3239,
              35.0827
            ],
            [
              9.3138,
              35.0911
            ],
            [
              9.3107,
              35.0967
            ],
            [
              9.3088,
              35.0959
            ],
            [
              9.3064,
              35.0974
            ],
            [
              9.303,
              35.1019
            ],
            [
              9.2635,
              35.1175
            ],
            [
              9.2428,
              35.1377
            ],
            [
              9.2453,
              35.1452
            ],
            [
              9.2528,
              35.1534
            ],
            [
              9.2538,
              35.167
            ],
            [
              9.2523,
              35.1791
            ],
            [
              9.2381,
              35.1981
            ],
            [
              9.2624,
              35.2091
            ],
            [
              9.2655,
              35.2083
            ],
            [
              9.2749,
              35.2152
            ],
            [
              9.2489,
              35.2312
            ],
            [
              9.2284,
              35.2392
            ],
            [
              9.218,
              35.24
            ],
            [
              9.2034,
              35.2451
            ],
            [
              9.2032,
              35.251
            ],
            [
              9.1961,
              35.2585
            ],
            [
              9.182,
              35.2672
            ],
            [
              9.1687,
              35.2726
            ],
            [
              9.1496,
              35.2892
            ],
            [
              9.1501,
              35.2955
            ],
            [
              9.1564,
              35.3102
            ],
            [
              9.172,
              35.332
            ],
            [
              9.2011,
              35.3794
            ],
            [
              9.2168,
              35.3983
            ],
            [
              9.2318,
              35.4124
            ],
            [
              9.2759,
              35.4396
            ],
            [
              9.29,
              35.4495
            ],
            [
              9.2938,
              35.4541
            ],
            [
              9.322,
              35.4656
            ],
            [
              9.3262,
              35.468
            ],
            [
              9.3309,
              35.4755
            ],
            [
              9.3393,
              35.4774
            ],
            [
              9.3391,
              35.4786
            ],
            [
              9.3331,
              35.4776
            ],
            [
              9.3303,
              35.4788
            ],
            [
              9.323,
              35.4885
            ],
            [
              9.3302,
              35.4925
            ],
            [
              9.3233,
              35.4993
            ],
            [
              9.3236,
              35.5062
            ],
            [
              9.3208,
              35.5098
            ],
            [
              9.3087,
              35.5138
            ],
            [
              9.3053,
              35.5217
            ],
            [
              9.3012,
              35.5231
            ],
            [
              9.3,
              35.5259
            ],
            [
              9.2959,
              35.5281
            ],
            [
              9.293,
              35.5353
            ],
            [
              9.2843,
              35.5333
            ],
            [
              9.2815,
              35.5308
            ],
            [
              9.2702,
              35.5323
            ],
            [
              9.2694,
              35.5373
            ],
            [
              9.2711,
              35.5388
            ],
            [
              9.2694,
              35.5391
            ],
            [
              9.2691,
              35.5409
            ],
            [
              9.2708,
              35.5444
            ],
            [
              9.2741,
              35.5457
            ],
            [
              9.2687,
              35.5498
            ],
            [
              9.2679,
              35.5535
            ],
            [
              9.2454,
              35.5475
            ],
            [
              9.2344,
              35.5461
            ],
            [
              9.2323,
              35.5445
            ],
            [
              9.2297,
              35.5455
            ],
            [
              9.2252,
              35.5421
            ],
            [
              9.2143,
              35.5428
            ],
            [
              9.2119,
              35.5483
            ],
            [
              9.205,
              35.5533
            ],
            [
              9.2052,
              35.5558
            ],
            [
              9.191,
              35.5575
            ],
            [
              9.1811,
              35.5626
            ],
            [
              9.1826,
              35.5674
            ],
            [
              9.1813,
              35.5737
            ],
            [
              9.186,
              35.5781
            ],
            [
              9.1837,
              35.5797
            ],
            [
              9.1838,
              35.5848
            ],
            [
              9.1925,
              35.5943
            ],
            [
              9.179,
              35.6044
            ],
            [
              9.1706,
              35.6055
            ],
            [
              9.1712,
              35.6109
            ],
            [
              9.1745,
              35.617
            ],
            [
              9.1668,
              35.612
            ],
            [
              9.1663,
              35.6134
            ],
            [
              9.1628,
              35.6135
            ],
            [
              9.1507,
              35.6194
            ],
            [
              9.1386,
              35.6154
            ],
            [
              9.1356,
              35.6112
            ],
            [
              9.1322,
              35.6101
            ],
            [
              9.122,
              35.6184
            ],
            [
              9.1146,
              35.6276
            ],
            [
              9.1019,
              35.6246
            ],
            [
              9.1029,
              35.6196
            ],
            [
              9.0915,
              35.6119
            ],
            [
              9.0923,
              35.6094
            ],
            [
              9.0881,
              35.6055
            ],
            [
              9.0869,
              35.6003
            ],
            [
              9.0857,
              35.6057
            ],
            [
              9.0812,
              35.609
            ],
            [
              9.0798,
              35.6127
            ],
            [
              9.0709,
              35.6143
            ],
            [
              9.0565,
              35.6211
            ],
            [
              9.0529,
              35.6297
            ],
            [
              9.0485,
              35.6344
            ],
            [
              9.0363,
              35.6301
            ],
            [
              9.0237,
              35.6284
            ],
            [
              9.0145,
              35.6314
            ],
            [
              8.9942,
              35.633
            ],
            [
              8.9973,
              35.6365
            ],
            [
              8.9943,
              35.6378
            ],
            [
              8.9932,
              35.6422
            ],
            [
              8.9901,
              35.6448
            ],
            [
              8.9863,
              35.6629
            ],
            [
              8.9969,
              35.6642
            ],
            [
              9,
              35.6663
            ],
            [
              8.9874,
              35.6751
            ],
            [
              8.976,
              35.678
            ],
            [
              8.964,
              35.6771
            ],
            [
              8.9676,
              35.6818
            ],
            [
              8.9765,
              35.6817
            ],
            [
              8.9802,
              35.687
            ],
            [
              8.9887,
              35.6885
            ],
            [
              8.9922,
              35.6928
            ],
            [
              8.9987,
              35.6946
            ],
            [
              8.9999,
              35.6972
            ],
            [
              9.0072,
              35.6969
            ],
            [
              9.0124,
              35.7011
            ],
            [
              9.0053,
              35.701
            ],
            [
              8.9945,
              35.7082
            ],
            [
              8.9866,
              35.7095
            ],
            [
              8.9655,
              35.7055
            ],
            [
              8.9617,
              35.7088
            ],
            [
              8.9509,
              35.7136
            ],
            [
              8.9365,
              35.7131
            ],
            [
              8.9304,
              35.7161
            ],
            [
              8.9225,
              35.7163
            ],
            [
              8.9036,
              35.7262
            ],
            [
              8.8951,
              35.728
            ],
            [
              8.8889,
              35.7322
            ],
            [
              8.8811,
              35.7349
            ],
            [
              8.8693,
              35.7383
            ],
            [
              8.8461,
              35.7419
            ],
            [
              8.8422,
              35.7461
            ],
            [
              8.8314,
              35.7524
            ],
            [
              8.8203,
              35.7562
            ],
            [
              8.804,
              35.7742
            ],
            [
              8.7975,
              35.7761
            ],
            [
              8.7805,
              35.7773
            ],
            [
              8.7709,
              35.784
            ],
            [
              8.7636,
              35.7827
            ],
            [
              8.7632,
              35.7768
            ],
            [
              8.7586,
              35.7745
            ],
            [
              8.7467,
              35.7758
            ],
            [
              8.7357,
              35.7705
            ],
            [
              8.73,
              35.7727
            ],
            [
              8.7265,
              35.7722
            ],
            [
              8.7187,
              35.776
            ],
            [
              8.7141,
              35.7723
            ],
            [
              8.7102,
              35.7753
            ],
            [
              8.7099,
              35.7775
            ],
            [
              8.7131,
              35.7804
            ],
            [
              8.7119,
              35.7873
            ],
            [
              8.71,
              35.7871
            ],
            [
              8.7076,
              35.7898
            ],
            [
              8.7012,
              35.7905
            ],
            [
              8.7011,
              35.7905
            ]
          ]
        ]
      }
    },
    {
      "type": "Feature",
      "properties": {
        "gov_id": "TN43",
        "gov_name": "Sidi Bou Zid",
        "gov_name_ar": "سيدي بوزيد",
        "region_id": "TN4",
        "region_name": "Centre West",
        "source_level": "COD-AB ADM2",
        "area_sqkm": 7433.21788563,
        "center_lon": 9.52521959,
        "center_lat": 34.88022643,
        "display_name": "Sidi Bou Zid",
        "display_label": "Sidi Bou Zid — Governorate"
      },
      "geometry": {
        "type": "Polygon",
        "coordinates": [
          [
            [
              9.4032,
              35.4956
            ],
            [
              9.3936,
              35.495
            ],
            [
              9.387,
              35.4889
            ],
            [
              9.3678,
              35.4834
            ],
            [
              9.3637,
              35.4793
            ],
            [
              9.3318,
              35.4761
            ],
            [
              9.3253,
              35.4673
            ],
            [
              9.2938,
              35.4541
            ],
            [
              9.29,
              35.4495
            ],
            [
              9.2759,
              35.4396
            ],
            [
              9.2318,
              35.4124
            ],
            [
              9.2168,
              35.3983
            ],
            [
              9.2011,
              35.3794
            ],
            [
              9.172,
              35.332
            ],
            [
              9.1564,
              35.3102
            ],
            [
              9.1501,
              35.2955
            ],
            [
              9.1502,
              35.2883
            ],
            [
              9.1687,
              35.2726
            ],
            [
              9.182,
              35.2672
            ],
            [
              9.1961,
              35.2585
            ],
            [
              9.2032,
              35.251
            ],
            [
              9.2034,
              35.2451
            ],
            [
              9.218,
              35.24
            ],
            [
              9.2284,
              35.2392
            ],
            [
              9.2489,
              35.2312
            ],
            [
              9.2749,
              35.2152
            ],
            [
              9.2655,
              35.2083
            ],
            [
              9.2624,
              35.2091
            ],
            [
              9.2381,
              35.1981
            ],
            [
              9.2523,
              35.1791
            ],
            [
              9.2538,
              35.167
            ],
            [
              9.2528,
              35.1534
            ],
            [
              9.2453,
              35.1452
            ],
            [
              9.2428,
              35.1377
            ],
            [
              9.2635,
              35.1175
            ],
            [
              9.303,
              35.1019
            ],
            [
              9.3064,
              35.0974
            ],
            [
              9.3088,
              35.0959
            ],
            [
              9.3107,
              35.0967
            ],
            [
              9.3138,
              35.0911
            ],
            [
              9.3239,
              35.0827
            ],
            [
              9.2924,
              35.0458
            ],
            [
              9.278,
              35.0252
            ],
            [
              9.2716,
              35.0208
            ],
            [
              9.2551,
              35.0212
            ],
            [
              9.2468,
              35.0186
            ],
            [
              9.2409,
              35.023
            ],
            [
              9.2384,
              35.0232
            ],
            [
              9.2292,
              35.017
            ],
            [
              9.2212,
              35.0194
            ],
            [
              9.2138,
              35.0114
            ],
            [
              9.2044,
              35.0088
            ],
            [
              9.195,
              35.0102
            ],
            [
              9.1846,
              35.0156
            ],
            [
              9.1776,
              35.0115
            ],
            [
              9.1679,
              35.0104
            ],
            [
              9.1636,
              35.0002
            ],
            [
              9.1572,
              34.9988
            ],
            [
              9.1507,
              34.9946
            ],
            [
              9.1445,
              34.9956
            ],
            [
              9.1325,
              34.994
            ],
            [
              9.1221,
              34.9953
            ],
            [
              9.1165,
              34.988
            ],
            [
              9.1132,
              34.9782
            ],
            [
              9.1063,
              34.9676
            ],
            [
              9.087,
              34.9651
            ],
            [
              9.0802,
              34.9631
            ],
            [
              9.0721,
              34.9577
            ],
            [
              9.0604,
              34.9555
            ],
            [
              9.0585,
              34.951
            ],
            [
              9.0513,
              34.9434
            ],
            [
              9.0499,
              34.937
            ],
            [
              9.0447,
              34.9363
            ],
            [
              9.039,
              34.94
            ],
            [
              9.0353,
              34.9404
            ],
            [
              9.0362,
              34.9303
            ],
            [
              9.0352,
              34.9281
            ],
            [
              9.0377,
              34.9265
            ],
            [
              9.038,
              34.9227
            ],
            [
              9.0357,
              34.9195
            ],
            [
              9.027,
              34.9159
            ],
            [
              9.0259,
              34.9141
            ],
            [
              9.0312,
              34.8992
            ],
            [
              9.0273,
              34.8889
            ],
            [
              9.0383,
              34.8866
            ],
            [
              9.046,
              34.8875
            ],
            [
              9.0494,
              34.8903
            ],
            [
              9.0524,
              34.8887
            ],
            [
              9.0584,
              34.8904
            ],
            [
              9.0592,
              34.8861
            ],
            [
              9.0644,
              34.8846
            ],
            [
              9.065,
              34.8803
            ],
            [
              9.059,
              34.8703
            ],
            [
              9.0473,
              34.8647
            ],
            [
              9.0369,
              34.8567
            ],
            [
              9.0155,
              34.8498
            ],
            [
              8.9853,
              34.8331
            ],
            [
              8.9811,
              34.8327
            ],
            [
              8.9715,
              34.8255
            ],
            [
              8.9442,
              34.8239
            ],
            [
              8.9297,
              34.8175
            ],
            [
              8.9209,
              34.8102
            ],
            [
              8.9432,
              34.7751
            ],
            [
              8.9521,
              34.754
            ],
            [
              8.9604,
              34.7485
            ],
            [
              8.9775,
              34.7306
            ],
            [
              8.9954,
              34.718
            ],
            [
              9.0033,
              34.7096
            ],
            [
              9.0076,
              34.7074
            ],
            [
              9.0144,
              34.7087
            ],
            [
              9.0261,
              34.7062
            ],
            [
              9.0316,
              34.7016
            ],
            [
              9.0366,
              34.6997
            ],
            [
              9.041,
              34.6937
            ],
            [
              9.0547,
              34.6927
            ],
            [
              9.0634,
              34.6881
            ],
            [
              9.065,
              34.6868
            ],
            [
              9.0661,
              34.6804
            ],
            [
              9.0678,
              34.6798
            ],
            [
              9.0729,
              34.688
            ],
            [
              9.0787,
              34.689
            ],
            [
              9.081,
              34.6995
            ],
            [
              9.09,
              34.7056
            ],
            [
              9.1015,
              34.7092
            ],
            [
              9.1181,
              34.7037
            ],
            [
              9.1248,
              34.71
            ],
            [
              9.1357,
              34.7123
            ],
            [
              9.1425,
              34.7108
            ],
            [
              9.1472,
              34.7143
            ],
            [
              9.1515,
              34.714
            ],
            [
              9.1562,
              34.7171
            ],
            [
              9.155,
              34.7099
            ],
            [
              9.1526,
              34.7063
            ],
            [
              9.1905,
              34.693
            ],
            [
              9.1962,
              34.7061
            ],
            [
              9.2278,
              34.7083
            ],
            [
              9.2297,
              34.7049
            ],
            [
              9.2632,
              34.6838
            ],
            [
              9.2694,
              34.6756
            ],
            [
              9.2683,
              34.6707
            ],
            [
              9.2819,
              34.6602
            ],
            [
              9.2746,
              34.6522
            ],
            [
              9.2717,
              34.6455
            ],
            [
              9.2739,
              34.6407
            ],
            [
              9.272,
              34.6342
            ],
            [
              9.2776,
              34.6247
            ],
            [
              9.2756,
              34.6241
            ],
            [
              9.2715,
              34.6104
            ],
            [
              9.2622,
              34.597
            ],
            [
              9.2548,
              34.5787
            ],
            [
              9.2703,
              34.5684
            ],
            [
              9.2797,
              34.5758
            ],
            [
              9.2931,
              34.5804
            ],
            [
              9.2965,
              34.5663
            ],
            [
              9.3129,
              34.5653
            ],
            [
              9.3061,
              34.5577
            ],
            [
              9.3142,
              34.5523
            ],
            [
              9.3283,
              34.5565
            ],
            [
              9.3478,
              34.5675
            ],
            [
              9.3502,
              34.5629
            ],
            [
              9.3437,
              34.5591
            ],
            [
              9.3434,
              34.5556
            ],
            [
              9.3407,
              34.5532
            ],
            [
              9.3402,
              34.5496
            ],
            [
              9.3347,
              34.5431
            ],
            [
              9.3336,
              34.5354
            ],
            [
              9.3389,
              34.5308
            ],
            [
              9.3381,
              34.5294
            ],
            [
              9.3333,
              34.5251
            ],
            [
              9.3293,
              34.5238
            ],
            [
              9.3263,
              34.5183
            ],
            [
              9.3126,
              34.5079
            ],
            [
              9.3102,
              34.5016
            ],
            [
              9.3224,
              34.5003
            ],
            [
              9.3265,
              34.4943
            ],
            [
              9.3351,
              34.4941
            ],
            [
              9.3372,
              34.4991
            ],
            [
              9.3424,
              34.5039
            ],
            [
              9.3497,
              34.5069
            ],
            [
              9.3578,
              34.5067
            ],
            [
              9.3778,
              34.5035
            ],
            [
              9.3836,
              34.5005
            ],
            [
              9.4047,
              34.4996
            ],
            [
              9.4035,
              34.4934
            ],
            [
              9.4105,
              34.4867
            ],
            [
              9.4175,
              34.4826
            ],
            [
              9.4354,
              34.4801
            ],
            [
              9.4531,
              34.4814
            ],
            [
              9.4535,
              34.4737
            ],
            [
              9.4555,
              34.4694
            ],
            [
              9.4584,
              34.4677
            ],
            [
              9.4594,
              34.464
            ],
            [
              9.47,
              34.4585
            ],
            [
              9.4834,
              34.4478
            ],
            [
              9.4887,
              34.446
            ],
            [
              9.5053,
              34.3943
            ],
            [
              9.5073,
              34.3817
            ],
            [
              9.5607,
              34.3695
            ],
            [
              9.555,
              34.3612
            ],
            [
              9.5385,
              34.3517
            ],
            [
              9.5467,
              34.3187
            ],
            [
              9.5503,
              34.3151
            ],
            [
              9.5449,
              34.2935
            ],
            [
              9.5458,
              34.2883
            ],
            [
              9.5519,
              34.2778
            ],
            [
              9.5486,
              34.2647
            ],
            [
              9.5766,
              34.2661
            ],
            [
              9.6537,
              34.2779
            ],
            [
              9.6955,
              34.2826
            ],
            [
              9.7188,
              34.2809
            ],
            [
              9.7615,
              34.2744
            ],
            [
              9.7544,
              34.2843
            ],
            [
              9.7557,
              34.2859
            ],
            [
              9.7552,
              34.2902
            ],
            [
              9.7459,
              34.3002
            ],
            [
              9.7415,
              34.316
            ],
            [
              9.7201,
              34.3331
            ],
            [
              9.7238,
              34.3376
            ],
            [
              9.7323,
              34.3375
            ],
            [
              9.742,
              34.3436
            ],
            [
              9.7497,
              34.3428
            ],
            [
              9.7644,
              34.3461
            ],
            [
              9.7691,
              34.3496
            ],
            [
              9.7764,
              34.3511
            ],
            [
              9.7787,
              34.357
            ],
            [
              9.7917,
              34.3583
            ],
            [
              9.7962,
              34.3623
            ],
            [
              9.8009,
              34.3639
            ],
            [
              9.8099,
              34.3631
            ],
            [
              9.813,
              34.3647
            ],
            [
              9.8188,
              34.3632
            ],
            [
              9.8235,
              34.3658
            ],
            [
              9.8306,
              34.3616
            ],
            [
              9.8448,
              34.3648
            ],
            [
              9.8491,
              34.3681
            ],
            [
              9.8553,
              34.3678
            ],
            [
              9.8601,
              34.3723
            ],
            [
              9.8654,
              34.374
            ],
            [
              9.8694,
              34.3776
            ],
            [
              9.8722,
              34.384
            ],
            [
              9.8875,
              34.3968
            ],
            [
              9.8984,
              34.4206
            ],
            [
              9.9043,
              34.4244
            ],
            [
              9.911,
              34.4252
            ],
            [
              9.9208,
              34.4317
            ],
            [
              9.9192,
              34.4414
            ],
            [
              9.9162,
              34.4463
            ],
            [
              9.9178,
              34.4541
            ],
            [
              9.9168,
              34.4594
            ],
            [
              9.9176,
              34.4623
            ],
            [
              9.9244,
              34.4677
            ],
            [
              9.9358,
              34.4507
            ],
            [
              9.9416,
              34.4474
            ],
            [
              9.962,
              34.4584
            ],
            [
              9.9647,
              34.4637
            ],
            [
              9.974,
              34.4719
            ],
            [
              9.9904,
              34.4801
            ],
            [
              9.9951,
              34.4839
            ],
            [
              9.9972,
              34.4907
            ],
            [
              10.0009,
              34.4921
            ],
            [
              10.0093,
              34.4874
            ],
            [
              10.0498,
              34.5224
            ],
            [
              10.0569,
              34.5226
            ],
            [
              10.0721,
              34.5189
            ],
            [
              10.0729,
              34.5208
            ],
            [
              10.0732,
              34.5222
            ],
            [
              10.0223,
              34.5352
            ],
            [
              9.9689,
              34.538
            ],
            [
              9.9712,
              34.5412
            ],
            [
              9.9786,
              34.544
            ],
            [
              9.9808,
              34.5469
            ],
            [
              9.9804,
              34.5517
            ],
            [
              9.9741,
              34.559
            ],
            [
              9.9708,
              34.5673
            ],
            [
              9.9544,
              34.5758
            ],
            [
              9.9403,
              34.5799
            ],
            [
              9.9208,
              34.5915
            ],
            [
              9.9034,
              34.5975
            ],
            [
              9.9005,
              34.5983
            ],
            [
              9.8825,
              34.5926
            ],
            [
              9.8782,
              34.6042
            ],
            [
              9.8729,
              34.6072
            ],
            [
              9.9011,
              34.6327
            ],
            [
              9.8793,
              34.6437
            ],
            [
              9.8873,
              34.6612
            ],
            [
              9.8967,
              34.6636
            ],
            [
              9.9057,
              34.6631
            ],
            [
              9.9085,
              34.6652
            ],
            [
              9.8994,
              34.6794
            ],
            [
              9.9038,
              34.6948
            ],
            [
              9.9183,
              34.7207
            ],
            [
              9.9179,
              34.7315
            ],
            [
              9.9122,
              34.7347
            ],
            [
              9.9131,
              34.7511
            ],
            [
              9.9251,
              34.7508
            ],
            [
              9.9393,
              34.7561
            ],
            [
              9.9414,
              34.7779
            ],
            [
              9.9607,
              34.828
            ],
            [
              9.9546,
              34.831
            ],
            [
              9.9869,
              34.8827
            ],
            [
              10.0029,
              34.8945
            ],
            [
              10.0068,
              34.8997
            ],
            [
              10.0186,
              34.9313
            ],
            [
              10.0289,
              34.9511
            ],
            [
              10.0495,
              34.989
            ],
            [
              10.0637,
              35.0044
            ],
            [
              10.0632,
              35.0203
            ],
            [
              10.0406,
              35.0268
            ],
            [
              10.0077,
              35.0425
            ],
            [
              10.015,
              35.0461
            ],
            [
              10.0174,
              35.0506
            ],
            [
              10.0058,
              35.0524
            ],
            [
              10.0129,
              35.0661
            ],
            [
              10.002,
              35.0795
            ],
            [
              9.9941,
              35.0842
            ],
            [
              10.0023,
              35.1029
            ],
            [
              9.997,
              35.1122
            ],
            [
              9.9952,
              35.1188
            ],
            [
              9.9921,
              35.1208
            ],
            [
              9.9934,
              35.1247
            ],
            [
              9.9971,
              35.1265
            ],
            [
              9.9934,
              35.1461
            ],
            [
              9.9961,
              35.1542
            ],
            [
              9.9948,
              35.1552
            ],
            [
              10.0015,
              35.1645
            ],
            [
              9.984,
              35.1724
            ],
            [
              9.9731,
              35.1823
            ],
            [
              9.97,
              35.1921
            ],
            [
              9.9703,
              35.1976
            ],
            [
              9.9676,
              35.2024
            ],
            [
              9.9505,
              35.2077
            ],
            [
              9.9476,
              35.2027
            ],
            [
              9.9426,
              35.1989
            ],
            [
              9.9144,
              35.193
            ],
            [
              9.9088,
              35.1881
            ],
            [
              9.898,
              35.1841
            ],
            [
              9.8884,
              35.1849
            ],
            [
              9.8853,
              35.1806
            ],
            [
              9.8827,
              35.1799
            ],
            [
              9.8865,
              35.1744
            ],
            [
              9.8839,
              35.17
            ],
            [
              9.8732,
              35.1661
            ],
            [
              9.8421,
              35.1713
            ],
            [
              9.8217,
              35.1715
            ],
            [
              9.7941,
              35.1816
            ],
            [
              9.7679,
              35.1795
            ],
            [
              9.7571,
              35.1824
            ],
            [
              9.7478,
              35.1804
            ],
            [
              9.7293,
              35.1898
            ],
            [
              9.7286,
              35.1881
            ],
            [
              9.6988,
              35.2007
            ],
            [
              9.6941,
              35.2056
            ],
            [
              9.6912,
              35.2116
            ],
            [
              9.6916,
              35.2307
            ],
            [
              9.6827,
              35.2368
            ],
            [
              9.6745,
              35.2349
            ],
            [
              9.6735,
              35.2366
            ],
            [
              9.6716,
              35.2362
            ],
            [
              9.6699,
              35.2382
            ],
            [
              9.6584,
              35.2425
            ],
            [
              9.653,
              35.2521
            ],
            [
              9.6478,
              35.2563
            ],
            [
              9.644,
              35.2566
            ],
            [
              9.6443,
              35.2589
            ],
            [
              9.6417,
              35.2607
            ],
            [
              9.6325,
              35.2628
            ],
            [
              9.631,
              35.2614
            ],
            [
              9.6303,
              35.2627
            ],
            [
              9.6275,
              35.2617
            ],
            [
              9.622,
              35.2638
            ],
            [
              9.6205,
              35.2663
            ],
            [
              9.6144,
              35.2653
            ],
            [
              9.6116,
              35.2673
            ],
            [
              9.6098,
              35.2666
            ],
            [
              9.6045,
              35.2699
            ],
            [
              9.6046,
              35.2735
            ],
            [
              9.6,
              35.2796
            ],
            [
              9.587,
              35.2848
            ],
            [
              9.5809,
              35.2795
            ],
            [
              9.5731,
              35.2764
            ],
            [
              9.5662,
              35.2697
            ],
            [
              9.5646,
              35.2719
            ],
            [
              9.5545,
              35.2749
            ],
            [
              9.5526,
              35.2768
            ],
            [
              9.5529,
              35.2789
            ],
            [
              9.5496,
              35.2812
            ],
            [
              9.5471,
              35.2881
            ],
            [
              9.548,
              35.29
            ],
            [
              9.5431,
              35.2954
            ],
            [
              9.5426,
              35.2983
            ],
            [
              9.5412,
              35.2984
            ],
            [
              9.5374,
              35.3093
            ],
            [
              9.5337,
              35.3139
            ],
            [
              9.5324,
              35.3187
            ],
            [
              9.5366,
              35.3222
            ],
            [
              9.5347,
              35.3268
            ],
            [
              9.5273,
              35.3333
            ],
            [
              9.5304,
              35.3369
            ],
            [
              9.5271,
              35.3443
            ],
            [
              9.4951,
              35.352
            ],
            [
              9.4753,
              35.3602
            ],
            [
              9.4591,
              35.3635
            ],
            [
              9.4597,
              35.3678
            ],
            [
              9.4659,
              35.3704
            ],
            [
              9.4664,
              35.375
            ],
            [
              9.4725,
              35.3818
            ],
            [
              9.4744,
              35.3884
            ],
            [
              9.4872,
              35.3924
            ],
            [
              9.5052,
              35.4052
            ],
            [
              9.5009,
              35.4081
            ],
            [
              9.5003,
              35.4116
            ],
            [
              9.5051,
              35.4141
            ],
            [
              9.4904,
              35.4238
            ],
            [
              9.4883,
              35.4294
            ],
            [
              9.4891,
              35.4405
            ],
            [
              9.485,
              35.4494
            ],
            [
              9.4861,
              35.455
            ],
            [
              9.4911,
              35.4587
            ],
            [
              9.4891,
              35.4656
            ],
            [
              9.4788,
              35.4694
            ],
            [
              9.4662,
              35.4772
            ],
            [
              9.4641,
              35.4931
            ],
            [
              9.4591,
              35.4909
            ],
            [
              9.4534,
              35.4856
            ],
            [
              9.4453,
              35.4845
            ],
            [
              9.413,
              35.4889
            ],
            [
              9.4078,
              35.4953
            ],
            [
              9.4055,
              35.4952
            ],
            [
              9.4032,
              35.4956
            ]
          ]
        ]
      }
    },
    {
      "type": "Feature",
      "properties": {
        "gov_id": "TN51",
        "gov_name": "Gabès",
        "gov_name_ar": "قابس",
        "region_id": "TN5",
        "region_name": "South East",
        "source_level": "COD-AB ADM2",
        "area_sqkm": 7481.0698135,
        "center_lon": 9.79058453,
        "center_lat": 33.77605574,
        "display_name": "Gabès",
        "display_label": "Gabès — Governorate"
      },
      "geometry": {
        "type": "Polygon",
        "coordinates": [
          [
            [
              9.7109,
              34.2815
            ],
            [
              9.6955,
              34.2826
            ],
            [
              9.6537,
              34.2779
            ],
            [
              9.5766,
              34.2661
            ],
            [
              9.5486,
              34.2647
            ],
            [
              9.5489,
              34.2605
            ],
            [
              9.5442,
              34.2587
            ],
            [
              9.5395,
              34.2527
            ],
            [
              9.5437,
              34.2472
            ],
            [
              9.5448,
              34.2406
            ],
            [
              9.5393,
              34.2352
            ],
            [
              9.5297,
              34.2352
            ],
            [
              9.5275,
              34.2343
            ],
            [
              9.5244,
              34.2285
            ],
            [
              9.504,
              34.2279
            ],
            [
              9.5017,
              34.2248
            ],
            [
              9.492,
              34.2281
            ],
            [
              9.4794,
              34.2278
            ],
            [
              9.4769,
              34.2266
            ],
            [
              9.4703,
              34.2163
            ],
            [
              9.4666,
              34.2156
            ],
            [
              9.455,
              34.2176
            ],
            [
              9.452,
              34.2128
            ],
            [
              9.4487,
              34.2117
            ],
            [
              9.4381,
              34.2103
            ],
            [
              9.426,
              34.2121
            ],
            [
              9.3984,
              34.2201
            ],
            [
              9.3814,
              34.2223
            ],
            [
              9.3816,
              34.2244
            ],
            [
              9.378,
              34.2292
            ],
            [
              9.3663,
              34.2219
            ],
            [
              9.356,
              34.2246
            ],
            [
              9.3504,
              34.2219
            ],
            [
              9.3406,
              34.2202
            ],
            [
              9.3184,
              34.2205
            ],
            [
              9.3015,
              34.2139
            ],
            [
              9.2907,
              34.2068
            ],
            [
              9.2786,
              34.2035
            ],
            [
              9.2687,
              34.1958
            ],
            [
              9.2606,
              34.1959
            ],
            [
              9.2559,
              34.1938
            ],
            [
              9.2475,
              34.1854
            ],
            [
              9.2757,
              34.141
            ],
            [
              9.3032,
              34.1332
            ],
            [
              9.3076,
              34.1248
            ],
            [
              9.3332,
              34.1198
            ],
            [
              9.3431,
              34.1196
            ],
            [
              9.3508,
              34.1131
            ],
            [
              9.3402,
              34.112
            ],
            [
              9.3275,
              34.1065
            ],
            [
              9.3257,
              34.0978
            ],
            [
              9.3182,
              34.0912
            ],
            [
              9.3137,
              34.0931
            ],
            [
              9.3015,
              34.092
            ],
            [
              9.2959,
              34.0872
            ],
            [
              9.292,
              34.0874
            ],
            [
              9.2866,
              34.0835
            ],
            [
              9.2849,
              34.0789
            ],
            [
              9.2806,
              34.0784
            ],
            [
              9.278,
              34.075
            ],
            [
              9.2721,
              34.0732
            ],
            [
              9.2764,
              34.0683
            ],
            [
              9.276,
              34.0657
            ],
            [
              9.2625,
              34.059
            ],
            [
              9.2626,
              34.0531
            ],
            [
              9.2528,
              34.0384
            ],
            [
              9.2537,
              34.0317
            ],
            [
              9.2482,
              33.9293
            ],
            [
              9.2722,
              33.8703
            ],
            [
              9.3117,
              33.8044
            ],
            [
              9.3338,
              33.7728
            ],
            [
              9.3396,
              33.7359
            ],
            [
              9.3522,
              33.7093
            ],
            [
              9.3704,
              33.7029
            ],
            [
              9.3811,
              33.7029
            ],
            [
              9.4266,
              33.6931
            ],
            [
              9.4428,
              33.6845
            ],
            [
              9.4519,
              33.669
            ],
            [
              9.4603,
              33.6291
            ],
            [
              9.4638,
              33.6244
            ],
            [
              9.5051,
              33.6297
            ],
            [
              9.5198,
              33.6302
            ],
            [
              9.5309,
              33.6363
            ],
            [
              9.5389,
              33.6352
            ],
            [
              9.534,
              33.6164
            ],
            [
              9.5362,
              33.6055
            ],
            [
              9.5557,
              33.589
            ],
            [
              9.5654,
              33.5854
            ],
            [
              9.58,
              33.5933
            ],
            [
              9.6167,
              33.5906
            ],
            [
              9.6142,
              33.5888
            ],
            [
              9.6016,
              33.5876
            ],
            [
              9.5909,
              33.5839
            ],
            [
              9.5801,
              33.566
            ],
            [
              9.572,
              33.5591
            ],
            [
              9.5613,
              33.5552
            ],
            [
              9.5611,
              33.5529
            ],
            [
              9.5582,
              33.55
            ],
            [
              9.5569,
              33.5411
            ],
            [
              9.5462,
              33.5228
            ],
            [
              9.5485,
              33.5149
            ],
            [
              9.5471,
              33.5114
            ],
            [
              9.5342,
              33.4983
            ],
            [
              9.5178,
              33.4972
            ],
            [
              9.5032,
              33.5017
            ],
            [
              9.4991,
              33.4986
            ],
            [
              9.4927,
              33.4984
            ],
            [
              9.4896,
              33.4952
            ],
            [
              9.4964,
              33.4963
            ],
            [
              9.5014,
              33.4933
            ],
            [
              9.5069,
              33.493
            ],
            [
              9.5083,
              33.4895
            ],
            [
              9.5129,
              33.4874
            ],
            [
              9.5143,
              33.484
            ],
            [
              9.5281,
              33.477
            ],
            [
              9.5378,
              33.4677
            ],
            [
              9.546,
              33.4659
            ],
            [
              9.5558,
              33.4612
            ],
            [
              9.5593,
              33.4519
            ],
            [
              9.5674,
              33.4473
            ],
            [
              9.5731,
              33.4411
            ],
            [
              9.5858,
              33.4366
            ],
            [
              9.5979,
              33.4286
            ],
            [
              9.613,
              33.426
            ],
            [
              9.6236,
              33.4214
            ],
            [
              9.6279,
              33.4161
            ],
            [
              9.6331,
              33.3969
            ],
            [
              9.6318,
              33.3917
            ],
            [
              9.6381,
              33.3838
            ],
            [
              9.6481,
              33.3505
            ],
            [
              9.6749,
              33.3271
            ],
            [
              9.7081,
              33.2852
            ],
            [
              9.7128,
              33.2842
            ],
            [
              9.727,
              33.2862
            ],
            [
              9.7668,
              33.2738
            ],
            [
              9.7913,
              33.2697
            ],
            [
              9.804,
              33.2764
            ],
            [
              9.8283,
              33.2847
            ],
            [
              9.844,
              33.2866
            ],
            [
              9.8935,
              33.2873
            ],
            [
              9.9076,
              33.2941
            ],
            [
              9.9288,
              33.2994
            ],
            [
              9.963,
              33.2941
            ],
            [
              10.0004,
              33.2931
            ],
            [
              10.0245,
              33.3127
            ],
            [
              10.0298,
              33.3129
            ],
            [
              10.0362,
              33.3094
            ],
            [
              10.0534,
              33.3164
            ],
            [
              10.0745,
              33.3264
            ],
            [
              10.1063,
              33.3459
            ],
            [
              10.106,
              33.3485
            ],
            [
              10.093,
              33.3611
            ],
            [
              10.099,
              33.3723
            ],
            [
              10.1201,
              33.3723
            ],
            [
              10.1257,
              33.3788
            ],
            [
              10.1447,
              33.3874
            ],
            [
              10.1375,
              33.389
            ],
            [
              10.1334,
              33.3944
            ],
            [
              10.1386,
              33.3951
            ],
            [
              10.1411,
              33.3984
            ],
            [
              10.1465,
              33.3992
            ],
            [
              10.1572,
              33.4086
            ],
            [
              10.166,
              33.4097
            ],
            [
              10.1764,
              33.4157
            ],
            [
              10.1834,
              33.4155
            ],
            [
              10.2161,
              33.4234
            ],
            [
              10.227,
              33.4227
            ],
            [
              10.2332,
              33.4174
            ],
            [
              10.2352,
              33.4173
            ],
            [
              10.2591,
              33.4228
            ],
            [
              10.2635,
              33.4225
            ],
            [
              10.2717,
              33.4275
            ],
            [
              10.2768,
              33.4288
            ],
            [
              10.2789,
              33.4344
            ],
            [
              10.2836,
              33.4369
            ],
            [
              10.288,
              33.4452
            ],
            [
              10.2885,
              33.4474
            ],
            [
              10.2861,
              33.4523
            ],
            [
              10.2969,
              33.4695
            ],
            [
              10.3071,
              33.4755
            ],
            [
              10.3083,
              33.4795
            ],
            [
              10.3182,
              33.4795
            ],
            [
              10.3235,
              33.486
            ],
            [
              10.3324,
              33.4897
            ],
            [
              10.3332,
              33.4945
            ],
            [
              10.3387,
              33.4999
            ],
            [
              10.3377,
              33.5067
            ],
            [
              10.3398,
              33.5123
            ],
            [
              10.3448,
              33.5167
            ],
            [
              10.3496,
              33.5242
            ],
            [
              10.3546,
              33.5247
            ],
            [
              10.3597,
              33.5341
            ],
            [
              10.3605,
              33.54
            ],
            [
              10.3581,
              33.5436
            ],
            [
              10.3609,
              33.5483
            ],
            [
              10.3599,
              33.5545
            ],
            [
              10.3665,
              33.559
            ],
            [
              10.3664,
              33.5624
            ],
            [
              10.3704,
              33.5691
            ],
            [
              10.3714,
              33.575
            ],
            [
              10.3822,
              33.5811
            ],
            [
              10.3836,
              33.5856
            ],
            [
              10.3919,
              33.5932
            ],
            [
              10.4019,
              33.5935
            ],
            [
              10.4061,
              33.5914
            ],
            [
              10.411,
              33.5972
            ],
            [
              10.4124,
              33.6054
            ],
            [
              10.418,
              33.6059
            ],
            [
              10.416,
              33.6092
            ],
            [
              10.4189,
              33.6135
            ],
            [
              10.42,
              33.6195
            ],
            [
              10.4185,
              33.6233
            ],
            [
              10.4155,
              33.6252
            ],
            [
              10.4157,
              33.631
            ],
            [
              10.4236,
              33.6355
            ],
            [
              10.4273,
              33.6324
            ],
            [
              10.4328,
              33.6324
            ],
            [
              10.4332,
              33.6349
            ],
            [
              10.4368,
              33.6349
            ],
            [
              10.4367,
              33.6312
            ],
            [
              10.4426,
              33.6295
            ],
            [
              10.4466,
              33.635
            ],
            [
              10.4491,
              33.6327
            ],
            [
              10.4593,
              33.633
            ],
            [
              10.4652,
              33.6386
            ],
            [
              10.4634,
              33.6452
            ],
            [
              10.4652,
              33.6483
            ],
            [
              10.4814,
              33.6447
            ],
            [
              10.4822,
              33.6458
            ],
            [
              10.4731,
              33.6487
            ],
            [
              10.4727,
              33.6549
            ],
            [
              10.471,
              33.6561
            ],
            [
              10.4383,
              33.6608
            ],
            [
              10.3993,
              33.6724
            ],
            [
              10.3504,
              33.7007
            ],
            [
              10.3321,
              33.708
            ],
            [
              10.3311,
              33.7121
            ],
            [
              10.3026,
              33.7359
            ],
            [
              10.2897,
              33.7445
            ],
            [
              10.2874,
              33.7429
            ],
            [
              10.2851,
              33.744
            ],
            [
              10.2844,
              33.748
            ],
            [
              10.2782,
              33.7574
            ],
            [
              10.2698,
              33.766
            ],
            [
              10.2611,
              33.7705
            ],
            [
              10.2587,
              33.7685
            ],
            [
              10.2575,
              33.7643
            ],
            [
              10.2532,
              33.7627
            ],
            [
              10.252,
              33.7645
            ],
            [
              10.2556,
              33.7728
            ],
            [
              10.2259,
              33.7902
            ],
            [
              10.2146,
              33.8007
            ],
            [
              10.1866,
              33.8205
            ],
            [
              10.1825,
              33.8175
            ],
            [
              10.1816,
              33.8185
            ],
            [
              10.1836,
              33.8243
            ],
            [
              10.1823,
              33.826
            ],
            [
              10.163,
              33.8431
            ],
            [
              10.1561,
              33.8445
            ],
            [
              10.1574,
              33.8485
            ],
            [
              10.1302,
              33.8754
            ],
            [
              10.1153,
              33.8926
            ],
            [
              10.1119,
              33.8935
            ],
            [
              10.1136,
              33.8963
            ],
            [
              10.0984,
              33.9155
            ],
            [
              10.097,
              33.9206
            ],
            [
              10.0945,
              33.9217
            ],
            [
              10.0941,
              33.9265
            ],
            [
              10.0868,
              33.9312
            ],
            [
              10.0773,
              33.9428
            ],
            [
              10.0655,
              33.9616
            ],
            [
              10.0495,
              33.9942
            ],
            [
              10.0483,
              34.0016
            ],
            [
              10.0383,
              34.0274
            ],
            [
              10.0325,
              34.058
            ],
            [
              10.0247,
              34.0866
            ],
            [
              10.0261,
              34.0902
            ],
            [
              10.0254,
              34.0986
            ],
            [
              10.022,
              34.1164
            ],
            [
              10.0244,
              34.1299
            ],
            [
              10.0252,
              34.1492
            ],
            [
              10.0148,
              34.1691
            ],
            [
              10.0159,
              34.1774
            ],
            [
              10.0183,
              34.182
            ],
            [
              10.0223,
              34.1832
            ],
            [
              10.0229,
              34.1854
            ],
            [
              10.0216,
              34.1864
            ],
            [
              10.0201,
              34.1844
            ],
            [
              10.0179,
              34.1852
            ],
            [
              10.019,
              34.1878
            ],
            [
              10.0165,
              34.1909
            ],
            [
              10.0119,
              34.1916
            ],
            [
              10.0106,
              34.1932
            ],
            [
              10.0012,
              34.1875
            ],
            [
              9.9952,
              34.1933
            ],
            [
              9.9826,
              34.1968
            ],
            [
              9.9659,
              34.2111
            ],
            [
              9.9554,
              34.2091
            ],
            [
              9.9494,
              34.2055
            ],
            [
              9.941,
              34.207
            ],
            [
              9.9345,
              34.2063
            ],
            [
              9.9338,
              34.2039
            ],
            [
              9.9231,
              34.1988
            ],
            [
              9.9222,
              34.1893
            ],
            [
              9.9179,
              34.1853
            ],
            [
              9.9199,
              34.1815
            ],
            [
              9.9237,
              34.1813
            ],
            [
              9.9219,
              34.1784
            ],
            [
              9.9168,
              34.1754
            ],
            [
              9.9078,
              34.175
            ],
            [
              9.8962,
              34.1683
            ],
            [
              9.8917,
              34.179
            ],
            [
              9.8776,
              34.1872
            ],
            [
              9.8695,
              34.1953
            ],
            [
              9.8638,
              34.1984
            ],
            [
              9.8628,
              34.2005
            ],
            [
              9.8656,
              34.2026
            ],
            [
              9.8651,
              34.2068
            ],
            [
              9.855,
              34.215
            ],
            [
              9.8515,
              34.2283
            ],
            [
              9.8471,
              34.2287
            ],
            [
              9.8256,
              34.2381
            ],
            [
              9.8173,
              34.2294
            ],
            [
              9.8189,
              34.2203
            ],
            [
              9.7554,
              34.2201
            ],
            [
              9.7233,
              34.2647
            ],
            [
              9.7109,
              34.2815
            ]
          ]
        ]
      }
    },
    {
      "type": "Feature",
      "properties": {
        "gov_id": "TN52",
        "gov_name": "Médenine",
        "gov_name_ar": "مدنين",
        "region_id": "TN5",
        "region_name": "South East",
        "source_level": "COD-AB ADM2",
        "area_sqkm": 9327.75865461,
        "center_lon": 11.28725906,
        "center_lat": 32.98645009,
        "display_name": "Médenine",
        "display_label": "Médenine — Governorate"
      },
      "geometry": {
        "type": "MultiPolygon",
        "coordinates": [
          [
            [
              [
                10.7336,
                33.6505
              ],
              [
                10.7387,
                33.6554
              ],
              [
                10.7393,
                33.6629
              ],
              [
                10.7445,
                33.678
              ],
              [
                10.7438,
                33.6828
              ],
              [
                10.7373,
                33.6948
              ],
              [
                10.7267,
                33.7077
              ],
              [
                10.719,
                33.708
              ],
              [
                10.6956,
                33.7046
              ],
              [
                10.673,
                33.693
              ],
              [
                10.6501,
                33.678
              ],
              [
                10.6156,
                33.6699
              ],
              [
                10.6002,
                33.6601
              ],
              [
                10.5753,
                33.6546
              ],
              [
                10.571,
                33.6491
              ],
              [
                10.5724,
                33.6548
              ],
              [
                10.571,
                33.6561
              ],
              [
                10.5614,
                33.6495
              ],
              [
                10.5173,
                33.6484
              ],
              [
                10.4948,
                33.6449
              ],
              [
                10.4925,
                33.6389
              ],
              [
                10.4872,
                33.6366
              ],
              [
                10.4822,
                33.6458
              ],
              [
                10.4814,
                33.6447
              ],
              [
                10.4663,
                33.6485
              ],
              [
                10.4634,
                33.6452
              ],
              [
                10.4652,
                33.6386
              ],
              [
                10.461,
                33.6335
              ],
              [
                10.4491,
                33.6327
              ],
              [
                10.4466,
                33.635
              ],
              [
                10.4426,
                33.6295
              ],
              [
                10.4367,
                33.6312
              ],
              [
                10.4368,
                33.6349
              ],
              [
                10.4332,
                33.6349
              ],
              [
                10.4328,
                33.6324
              ],
              [
                10.4273,
                33.6324
              ],
              [
                10.4236,
                33.6355
              ],
              [
                10.4152,
                33.63
              ],
              [
                10.4155,
                33.6252
              ],
              [
                10.4185,
                33.6233
              ],
              [
                10.42,
                33.6195
              ],
              [
                10.4189,
                33.6135
              ],
              [
                10.416,
                33.6092
              ],
              [
                10.418,
                33.6059
              ],
              [
                10.4124,
                33.6054
              ],
              [
                10.411,
                33.5972
              ],
              [
                10.4061,
                33.5914
              ],
              [
                10.4019,
                33.5935
              ],
              [
                10.3919,
                33.5932
              ],
              [
                10.3836,
                33.5856
              ],
              [
                10.3822,
                33.5811
              ],
              [
                10.3714,
                33.575
              ],
              [
                10.3704,
                33.5691
              ],
              [
                10.3664,
                33.5624
              ],
              [
                10.3665,
                33.559
              ],
              [
                10.3599,
                33.5545
              ],
              [
                10.3609,
                33.5483
              ],
              [
                10.3581,
                33.5436
              ],
              [
                10.3605,
                33.54
              ],
              [
                10.3597,
                33.5341
              ],
              [
                10.3546,
                33.5247
              ],
              [
                10.3496,
                33.5242
              ],
              [
                10.3448,
                33.5167
              ],
              [
                10.3398,
                33.5123
              ],
              [
                10.3377,
                33.5067
              ],
              [
                10.3387,
                33.4999
              ],
              [
                10.3332,
                33.4945
              ],
              [
                10.3324,
                33.4897
              ],
              [
                10.3235,
                33.486
              ],
              [
                10.3182,
                33.4795
              ],
              [
                10.3083,
                33.4795
              ],
              [
                10.3071,
                33.4755
              ],
              [
                10.2969,
                33.4695
              ],
              [
                10.2861,
                33.4523
              ],
              [
                10.2885,
                33.4474
              ],
              [
                10.288,
                33.4452
              ],
              [
                10.2836,
                33.4369
              ],
              [
                10.2786,
                33.434
              ],
              [
                10.2772,
                33.4291
              ],
              [
                10.2635,
                33.4225
              ],
              [
                10.2591,
                33.4228
              ],
              [
                10.2352,
                33.4173
              ],
              [
                10.2332,
                33.4174
              ],
              [
                10.227,
                33.4227
              ],
              [
                10.2161,
                33.4234
              ],
              [
                10.1834,
                33.4155
              ],
              [
                10.1764,
                33.4157
              ],
              [
                10.166,
                33.4097
              ],
              [
                10.1572,
                33.4086
              ],
              [
                10.1465,
                33.3992
              ],
              [
                10.1411,
                33.3984
              ],
              [
                10.1386,
                33.3951
              ],
              [
                10.1334,
                33.3944
              ],
              [
                10.1375,
                33.389
              ],
              [
                10.1447,
                33.3874
              ],
              [
                10.1257,
                33.3788
              ],
              [
                10.1201,
                33.3723
              ],
              [
                10.099,
                33.3723
              ],
              [
                10.093,
                33.3611
              ],
              [
                10.106,
                33.3485
              ],
              [
                10.1063,
                33.3459
              ],
              [
                10.0745,
                33.3264
              ],
              [
                10.0362,
                33.3094
              ],
              [
                10.0298,
                33.3129
              ],
              [
                10.0245,
                33.3127
              ],
              [
                10.0004,
                33.2931
              ],
              [
                9.963,
                33.2941
              ],
              [
                9.9288,
                33.2994
              ],
              [
                9.9076,
                33.2941
              ],
              [
                9.8935,
                33.2873
              ],
              [
                9.844,
                33.2866
              ],
              [
                9.8283,
                33.2847
              ],
              [
                9.804,
                33.2764
              ],
              [
                9.7913,
                33.2697
              ],
              [
                9.7668,
                33.2738
              ],
              [
                9.727,
                33.2862
              ],
              [
                9.7097,
                33.284
              ],
              [
                9.7484,
                33.2509
              ],
              [
                9.7899,
                33.2199
              ],
              [
                9.8256,
                33.2096
              ],
              [
                9.8572,
                33.2034
              ],
              [
                9.899,
                33.2117
              ],
              [
                9.9046,
                33.2074
              ],
              [
                9.9098,
                33.206
              ],
              [
                9.9113,
                33.2006
              ],
              [
                9.9163,
                33.1983
              ],
              [
                9.9133,
                33.1703
              ],
              [
                9.9186,
                33.1468
              ],
              [
                9.9098,
                33.0885
              ],
              [
                9.9151,
                33.0723
              ],
              [
                9.9081,
                33.0689
              ],
              [
                9.9065,
                33.0663
              ],
              [
                9.9134,
                33.0656
              ],
              [
                9.9201,
                33.0618
              ],
              [
                9.9229,
                33.0525
              ],
              [
                9.9258,
                33.0508
              ],
              [
                9.9417,
                33.0462
              ],
              [
                9.9492,
                33.0487
              ],
              [
                9.9529,
                33.0585
              ],
              [
                9.9599,
                33.0664
              ],
              [
                9.9811,
                33.0657
              ],
              [
                10.0126,
                33.0602
              ],
              [
                10.0314,
                33.0654
              ],
              [
                10.0651,
                33.0609
              ],
              [
                10.0722,
                33.0633
              ],
              [
                10.0828,
                33.0595
              ],
              [
                10.0848,
                33.06
              ],
              [
                10.0861,
                33.0651
              ],
              [
                10.0897,
                33.0683
              ],
              [
                10.0931,
                33.0763
              ],
              [
                10.0997,
                33.0805
              ],
              [
                10.1098,
                33.0825
              ],
              [
                10.1146,
                33.0797
              ],
              [
                10.1352,
                33.0883
              ],
              [
                10.144,
                33.0812
              ],
              [
                10.1482,
                33.0829
              ],
              [
                10.1532,
                33.0806
              ],
              [
                10.1602,
                33.0808
              ],
              [
                10.1636,
                33.0846
              ],
              [
                10.1704,
                33.0883
              ],
              [
                10.1863,
                33.0934
              ],
              [
                10.2367,
                33.1326
              ],
              [
                10.2511,
                33.1393
              ],
              [
                10.2867,
                33.1502
              ],
              [
                10.2896,
                33.1534
              ],
              [
                10.3006,
                33.1519
              ],
              [
                10.3065,
                33.1539
              ],
              [
                10.3093,
                33.1592
              ],
              [
                10.3167,
                33.1607
              ],
              [
                10.3217,
                33.1634
              ],
              [
                10.3228,
                33.166
              ],
              [
                10.3293,
                33.1651
              ],
              [
                10.3334,
                33.1674
              ],
              [
                10.3357,
                33.1657
              ],
              [
                10.3404,
                33.1692
              ],
              [
                10.3418,
                33.1662
              ],
              [
                10.3532,
                33.1699
              ],
              [
                10.358,
                33.1661
              ],
              [
                10.366,
                33.1681
              ],
              [
                10.3764,
                33.1788
              ],
              [
                10.3937,
                33.1838
              ],
              [
                10.3974,
                33.1894
              ],
              [
                10.4055,
                33.194
              ],
              [
                10.4167,
                33.1972
              ],
              [
                10.4282,
                33.2026
              ],
              [
                10.4421,
                33.2046
              ],
              [
                10.4436,
                33.2067
              ],
              [
                10.4523,
                33.2096
              ],
              [
                10.4562,
                33.214
              ],
              [
                10.4675,
                33.2175
              ],
              [
                10.4727,
                33.2239
              ],
              [
                10.4783,
                33.2247
              ],
              [
                10.4804,
                33.2277
              ],
              [
                10.4843,
                33.2283
              ],
              [
                10.4905,
                33.2346
              ],
              [
                10.4903,
                33.2146
              ],
              [
                10.5094,
                33.2149
              ],
              [
                10.5112,
                33.213
              ],
              [
                10.5332,
                33.2106
              ],
              [
                10.6136,
                33.2036
              ],
              [
                10.6088,
                33.1968
              ],
              [
                10.5962,
                33.1904
              ],
              [
                10.5853,
                33.18
              ],
              [
                10.5702,
                33.1718
              ],
              [
                10.5689,
                33.163
              ],
              [
                10.5661,
                33.1594
              ],
              [
                10.5468,
                33.151
              ],
              [
                10.5385,
                33.1531
              ],
              [
                10.529,
                33.1524
              ],
              [
                10.5232,
                33.1487
              ],
              [
                10.5491,
                33.1184
              ],
              [
                10.5588,
                33.112
              ],
              [
                10.5857,
                33.111
              ],
              [
                10.6471,
                33.1047
              ],
              [
                10.7017,
                33.096
              ],
              [
                10.7153,
                33.098
              ],
              [
                10.7285,
                33.0956
              ],
              [
                10.7351,
                33.1005
              ],
              [
                10.7418,
                33.1021
              ],
              [
                10.7582,
                33.0952
              ],
              [
                10.7725,
                33.0969
              ],
              [
                10.8108,
                33.0931
              ],
              [
                10.8225,
                33.0885
              ],
              [
                10.8484,
                33.0874
              ],
              [
                10.8549,
                33.0888
              ],
              [
                10.8676,
                33.0828
              ],
              [
                10.8719,
                33.0824
              ],
              [
                10.8772,
                33.0842
              ],
              [
                10.8797,
                33.0882
              ],
              [
                10.8843,
                33.0914
              ],
              [
                10.8885,
                33.0913
              ],
              [
                10.892,
                33.0891
              ],
              [
                10.8973,
                33.0931
              ],
              [
                11.0056,
                33.0788
              ],
              [
                11.016,
                33.0897
              ],
              [
                11.0361,
                33.0949
              ],
              [
                11.033,
                33.0662
              ],
              [
                11.0333,
                33.0533
              ],
              [
                11.0298,
                33.0462
              ],
              [
                11.0257,
                33.0433
              ],
              [
                11.0213,
                33.0365
              ],
              [
                11.0213,
                33.0343
              ],
              [
                11.0277,
                33.0322
              ],
              [
                11.0376,
                33.0222
              ],
              [
                11.036,
                33.0148
              ],
              [
                11.0398,
                33.0041
              ],
              [
                11.0396,
                32.9962
              ],
              [
                11.0453,
                32.9911
              ],
              [
                11.0852,
                32.9201
              ],
              [
                11.0923,
                32.9131
              ],
              [
                11.0916,
                32.9075
              ],
              [
                11.0937,
                32.901
              ],
              [
                11.0988,
                32.8951
              ],
              [
                11.1002,
                32.8882
              ],
              [
                11.1113,
                32.8745
              ],
              [
                11.115,
                32.8657
              ],
              [
                11.1094,
                32.8148
              ],
              [
                11.1214,
                32.7752
              ],
              [
                11.1264,
                32.7175
              ],
              [
                11.0845,
                32.6755
              ],
              [
                11.0961,
                32.6585
              ],
              [
                11.1222,
                32.5955
              ],
              [
                11.1442,
                32.5328
              ],
              [
                11.202,
                32.408
              ],
              [
                11.2213,
                32.3875
              ],
              [
                11.2254,
                32.3766
              ],
              [
                11.2649,
                32.3832
              ],
              [
                11.2903,
                32.3928
              ],
              [
                11.3062,
                32.3933
              ],
              [
                11.3252,
                32.3983
              ],
              [
                11.3417,
                32.3874
              ],
              [
                11.3357,
                32.3814
              ],
              [
                11.3351,
                32.3729
              ],
              [
                11.3156,
                32.3648
              ],
              [
                11.3084,
                32.3563
              ],
              [
                11.2876,
                32.352
              ],
              [
                11.2564,
                32.3298
              ],
              [
                11.2396,
                32.3236
              ],
              [
                11.2325,
                32.3237
              ],
              [
                11.2233,
                32.3213
              ],
              [
                11.2142,
                32.3157
              ],
              [
                11.2047,
                32.3143
              ],
              [
                11.2006,
                32.3094
              ],
              [
                11.1812,
                32.3062
              ],
              [
                11.1589,
                32.2603
              ],
              [
                11.2042,
                32.2767
              ],
              [
                11.315,
                32.3083
              ],
              [
                11.3356,
                32.3155
              ],
              [
                11.3664,
                32.3224
              ],
              [
                11.3924,
                32.3341
              ],
              [
                11.425,
                32.354
              ],
              [
                11.4499,
                32.3561
              ],
              [
                11.4634,
                32.3608
              ],
              [
                11.4675,
                32.3653
              ],
              [
                11.5273,
                32.4028
              ],
              [
                11.5983,
                32.5236
              ],
              [
                11.5898,
                32.5401
              ],
              [
                11.5771,
                32.5563
              ],
              [
                11.5647,
                32.5649
              ],
              [
                11.542,
                32.5912
              ],
              [
                11.531,
                32.5993
              ],
              [
                11.52,
                32.6035
              ],
              [
                11.5085,
                32.6134
              ],
              [
                11.4947,
                32.6431
              ],
              [
                11.49,
                32.6564
              ],
              [
                11.4888,
                32.6677
              ],
              [
                11.4943,
                32.6875
              ],
              [
                11.4986,
                32.7189
              ],
              [
                11.4977,
                32.7329
              ],
              [
                11.4888,
                32.7659
              ],
              [
                11.4958,
                32.8053
              ],
              [
                11.501,
                32.8261
              ],
              [
                11.5077,
                32.8432
              ],
              [
                11.4961,
                32.8779
              ],
              [
                11.4892,
                32.8928
              ],
              [
                11.5035,
                32.9305
              ],
              [
                11.5169,
                32.9769
              ],
              [
                11.5298,
                32.9896
              ],
              [
                11.5283,
                33.0018
              ],
              [
                11.5213,
                33.0064
              ],
              [
                11.5236,
                33.014
              ],
              [
                11.5259,
                33.0543
              ],
              [
                11.5289,
                33.0744
              ],
              [
                11.532,
                33.0861
              ],
              [
                11.5509,
                33.1145
              ],
              [
                11.5617,
                33.1479
              ],
              [
                11.5602,
                33.1557
              ],
              [
                11.5643,
                33.1651
              ],
              [
                11.5591,
                33.1681
              ],
              [
                11.5434,
                33.1664
              ],
              [
                11.5211,
                33.1705
              ],
              [
                11.486,
                33.1822
              ],
              [
                11.4082,
                33.2195
              ],
              [
                11.3886,
                33.2337
              ],
              [
                11.3687,
                33.2453
              ],
              [
                11.3649,
                33.2494
              ],
              [
                11.3355,
                33.2636
              ],
              [
                11.3229,
                33.2679
              ],
              [
                11.3202,
                33.2668
              ],
              [
                11.3207,
                33.2656
              ],
              [
                11.3443,
                33.2575
              ],
              [
                11.3625,
                33.2467
              ],
              [
                11.3702,
                33.2395
              ],
              [
                11.3896,
                33.2261
              ],
              [
                11.4096,
                33.2147
              ],
              [
                11.4221,
                33.1995
              ],
              [
                11.4249,
                33.1982
              ],
              [
                11.4171,
                33.2087
              ],
              [
                11.4315,
                33.2023
              ],
              [
                11.4414,
                33.196
              ],
              [
                11.4463,
                33.1887
              ],
              [
                11.445,
                33.1861
              ],
              [
                11.44,
                33.1836
              ],
              [
                11.4449,
                33.1795
              ],
              [
                11.44,
                33.1798
              ],
              [
                11.438,
                33.1829
              ],
              [
                11.4258,
                33.1773
              ],
              [
                11.415,
                33.1775
              ],
              [
                11.3916,
                33.19
              ],
              [
                11.3875,
                33.185
              ],
              [
                11.381,
                33.1848
              ],
              [
                11.3752,
                33.1803
              ],
              [
                11.3694,
                33.18
              ],
              [
                11.3415,
                33.1865
              ],
              [
                11.3266,
                33.1883
              ],
              [
                11.3109,
                33.1947
              ],
              [
                11.269,
                33.2061
              ],
              [
                11.2344,
                33.2054
              ],
              [
                11.2241,
                33.208
              ],
              [
                11.2083,
                33.2078
              ],
              [
                11.1964,
                33.2063
              ],
              [
                11.1943,
                33.2045
              ],
              [
                11.198,
                33.2043
              ],
              [
                11.1895,
                33.2019
              ],
              [
                11.1787,
                33.2057
              ],
              [
                11.1756,
                33.2078
              ],
              [
                11.1679,
                33.2198
              ],
              [
                11.1675,
                33.2388
              ],
              [
                11.1615,
                33.2446
              ],
              [
                11.1592,
                33.2518
              ],
              [
                11.1548,
                33.2583
              ],
              [
                11.1399,
                33.2644
              ],
              [
                11.1308,
                33.2736
              ],
              [
                11.1254,
                33.2826
              ],
              [
                11.1009,
                33.2876
              ],
              [
                11.0924,
                33.2932
              ],
              [
                11.0888,
                33.2936
              ],
              [
                11.0868,
                33.2913
              ],
              [
                11.0849,
                33.293
              ],
              [
                11.0847,
                33.2971
              ],
              [
                11.0864,
                33.2995
              ],
              [
                11.0886,
                33.3002
              ],
              [
                11.0963,
                33.2972
              ],
              [
                11.1022,
                33.2897
              ],
              [
                11.1186,
                33.2922
              ],
              [
                11.1222,
                33.2963
              ],
              [
                11.1236,
                33.3079
              ],
              [
                11.1262,
                33.3118
              ],
              [
                11.1292,
                33.3133
              ],
              [
                11.1375,
                33.313
              ],
              [
                11.1457,
                33.3175
              ],
              [
                11.1539,
                33.318
              ],
              [
                11.1668,
                33.3151
              ],
              [
                11.1727,
                33.3153
              ],
              [
                11.2085,
                33.3046
              ],
              [
                11.2366,
                33.2991
              ],
              [
                11.2553,
                33.292
              ],
              [
                11.2595,
                33.2882
              ],
              [
                11.2932,
                33.2793
              ],
              [
                11.2684,
                33.2915
              ],
              [
                11.2416,
                33.3083
              ],
              [
                11.214,
                33.3158
              ],
              [
                11.1861,
                33.3256
              ],
              [
                11.1744,
                33.3279
              ],
              [
                11.1723,
                33.3299
              ],
              [
                11.1692,
                33.3407
              ],
              [
                11.1657,
                33.345
              ],
              [
                11.1436,
                33.3667
              ],
              [
                11.1358,
                33.3699
              ],
              [
                11.1296,
                33.3679
              ],
              [
                11.1269,
                33.3632
              ],
              [
                11.1156,
                33.3572
              ],
              [
                11.1075,
                33.357
              ],
              [
                11.0958,
                33.3593
              ],
              [
                11.0992,
                33.3633
              ],
              [
                11.1159,
                33.3657
              ],
              [
                11.1226,
                33.3738
              ],
              [
                11.1237,
                33.3782
              ],
              [
                11.1214,
                33.3847
              ],
              [
                11.1163,
                33.3888
              ],
              [
                11.1144,
                33.3973
              ],
              [
                11.108,
                33.4023
              ],
              [
                11.1072,
                33.4074
              ],
              [
                11.0956,
                33.4235
              ],
              [
                11.0953,
                33.4308
              ],
              [
                11.0953,
                33.4359
              ],
              [
                11.0982,
                33.4452
              ],
              [
                11.1097,
                33.4667
              ],
              [
                11.1101,
                33.4748
              ],
              [
                11.1129,
                33.4824
              ],
              [
                11.1233,
                33.4942
              ],
              [
                11.1205,
                33.5016
              ],
              [
                11.1173,
                33.5329
              ],
              [
                11.1148,
                33.5436
              ],
              [
                11.1085,
                33.5567
              ],
              [
                11.088,
                33.5829
              ],
              [
                11.0705,
                33.5985
              ],
              [
                11.0682,
                33.6054
              ],
              [
                11.0608,
                33.6103
              ],
              [
                11.0552,
                33.619
              ],
              [
                11.0515,
                33.6209
              ],
              [
                11.0386,
                33.6212
              ],
              [
                11.0151,
                33.6338
              ],
              [
                11.004,
                33.6371
              ],
              [
                10.9886,
                33.6255
              ],
              [
                10.9801,
                33.6226
              ],
              [
                10.957,
                33.6306
              ],
              [
                10.9484,
                33.6319
              ],
              [
                10.946,
                33.6302
              ],
              [
                10.9451,
                33.6266
              ],
              [
                10.9427,
                33.6254
              ],
              [
                10.933,
                33.6254
              ],
              [
                10.9217,
                33.6209
              ],
              [
                10.9145,
                33.6147
              ],
              [
                10.9128,
                33.6108
              ],
              [
                10.9136,
                33.6026
              ],
              [
                10.929,
                33.5975
              ],
              [
                10.9365,
                33.586
              ],
              [
                10.9422,
                33.5811
              ],
              [
                10.9483,
                33.57
              ],
              [
                10.9416,
                33.5522
              ],
              [
                10.9327,
                33.544
              ],
              [
                10.9303,
                33.5388
              ],
              [
                10.9264,
                33.535
              ],
              [
                10.9273,
                33.5327
              ],
              [
                10.9255,
                33.5305
              ],
              [
                10.9148,
                33.5257
              ],
              [
                10.8551,
                33.5116
              ],
              [
                10.8401,
                33.5015
              ],
              [
                10.8091,
                33.4948
              ],
              [
                10.8018,
                33.4841
              ],
              [
                10.7894,
                33.4821
              ],
              [
                10.7823,
                33.4739
              ],
              [
                10.7681,
                33.4748
              ],
              [
                10.7524,
                33.473
              ],
              [
                10.7499,
                33.4734
              ],
              [
                10.7321,
                33.4881
              ],
              [
                10.7198,
                33.4902
              ],
              [
                10.7107,
                33.4892
              ],
              [
                10.7012,
                33.4947
              ],
              [
                10.6997,
                33.5009
              ],
              [
                10.7036,
                33.5126
              ],
              [
                10.7033,
                33.5204
              ],
              [
                10.6987,
                33.5252
              ],
              [
                10.6861,
                33.5326
              ],
              [
                10.6836,
                33.5372
              ],
              [
                10.683,
                33.5484
              ],
              [
                10.69,
                33.5613
              ],
              [
                10.7002,
                33.5631
              ],
              [
                10.7152,
                33.5755
              ],
              [
                10.7224,
                33.5774
              ],
              [
                10.7252,
                33.5911
              ],
              [
                10.7339,
                33.6008
              ],
              [
                10.7346,
                33.6117
              ],
              [
                10.7303,
                33.6408
              ],
              [
                10.7312,
                33.648
              ],
              [
                10.7336,
                33.6505
              ]
            ]
          ],
          [
            [
              [
                11.3178,
                33.2652
              ],
              [
                11.3172,
                33.2658
              ],
              [
                11.3161,
                33.2655
              ],
              [
                11.3161,
                33.2647
              ],
              [
                11.317,
                33.2638
              ],
              [
                11.3178,
                33.2652
              ]
            ]
          ],
          [
            [
              [
                11.3107,
                33.2675
              ],
              [
                11.3093,
                33.2701
              ],
              [
                11.3065,
                33.2698
              ],
              [
                11.3048,
                33.2663
              ],
              [
                11.3064,
                33.265
              ],
              [
                11.3107,
                33.2675
              ]
            ]
          ],
          [
            [
              [
                11.3061,
                33.2706
              ],
              [
                11.3071,
                33.2712
              ],
              [
                11.3059,
                33.2718
              ],
              [
                11.3049,
                33.272
              ],
              [
                11.3038,
                33.2721
              ],
              [
                11.3024,
                33.272
              ],
              [
                11.3023,
                33.2713
              ],
              [
                11.3028,
                33.2707
              ],
              [
                11.3048,
                33.2705
              ],
              [
                11.3061,
                33.2706
              ]
            ]
          ],
          [
            [
              [
                11.2992,
                33.2735
              ],
              [
                11.2995,
                33.2743
              ],
              [
                11.2979,
                33.2742
              ],
              [
                11.2982,
                33.2734
              ],
              [
                11.2992,
                33.2735
              ]
            ]
          ],
          [
            [
              [
                11.2934,
                33.2741
              ],
              [
                11.2929,
                33.2751
              ],
              [
                11.292,
                33.2745
              ],
              [
                11.2921,
                33.2736
              ],
              [
                11.2934,
                33.2741
              ]
            ]
          ],
          [
            [
              [
                10.8691,
                33.5785
              ],
              [
                10.8693,
                33.5796
              ],
              [
                10.8686,
                33.5803
              ],
              [
                10.8678,
                33.5796
              ],
              [
                10.8674,
                33.5787
              ],
              [
                10.8683,
                33.5781
              ],
              [
                10.8691,
                33.5785
              ]
            ]
          ],
          [
            [
              [
                10.8707,
                33.5859
              ],
              [
                10.8737,
                33.5993
              ],
              [
                10.8718,
                33.6019
              ],
              [
                10.8639,
                33.6034
              ],
              [
                10.8608,
                33.5999
              ],
              [
                10.8626,
                33.593
              ],
              [
                10.8655,
                33.5927
              ],
              [
                10.8681,
                33.586
              ],
              [
                10.8698,
                33.5852
              ],
              [
                10.8707,
                33.5859
              ]
            ]
          ],
          [
            [
              [
                10.7787,
                33.6837
              ],
              [
                10.7783,
                33.6938
              ],
              [
                10.768,
                33.6952
              ],
              [
                10.7685,
                33.6916
              ],
              [
                10.7732,
                33.6887
              ],
              [
                10.7774,
                33.6831
              ],
              [
                10.7787,
                33.6837
              ]
            ]
          ],
          [
            [
              [
                10.7182,
                33.7224
              ],
              [
                10.721,
                33.7356
              ],
              [
                10.7205,
                33.7405
              ],
              [
                10.7095,
                33.7356
              ],
              [
                10.7159,
                33.7219
              ],
              [
                10.7173,
                33.7219
              ],
              [
                10.7182,
                33.7224
              ]
            ]
          ],
          [
            [
              [
                10.926,
                33.9036
              ],
              [
                10.9142,
                33.9073
              ],
              [
                10.9078,
                33.9066
              ],
              [
                10.9076,
                33.9054
              ],
              [
                10.9137,
                33.9001
              ],
              [
                10.92,
                33.9
              ],
              [
                10.9227,
                33.9016
              ],
              [
                10.9283,
                33.8993
              ],
              [
                10.9292,
                33.8974
              ],
              [
                10.926,
                33.8963
              ],
              [
                10.9313,
                33.8919
              ],
              [
                10.9361,
                33.8795
              ],
              [
                10.934,
                33.8744
              ],
              [
                10.8998,
                33.8753
              ],
              [
                10.8729,
                33.8802
              ],
              [
                10.8406,
                33.894
              ],
              [
                10.8223,
                33.8988
              ],
              [
                10.8021,
                33.9005
              ],
              [
                10.7953,
                33.9034
              ],
              [
                10.7917,
                33.8998
              ],
              [
                10.7866,
                33.8981
              ],
              [
                10.7709,
                33.8978
              ],
              [
                10.7537,
                33.8913
              ],
              [
                10.747,
                33.8912
              ],
              [
                10.743,
                33.8881
              ],
              [
                10.7436,
                33.8796
              ],
              [
                10.7473,
                33.88
              ],
              [
                10.7443,
                33.8757
              ],
              [
                10.7441,
                33.8696
              ],
              [
                10.7486,
                33.8607
              ],
              [
                10.7475,
                33.8585
              ],
              [
                10.7443,
                33.8599
              ],
              [
                10.7414,
                33.8575
              ],
              [
                10.7421,
                33.8522
              ],
              [
                10.748,
                33.8407
              ],
              [
                10.7456,
                33.8305
              ],
              [
                10.748,
                33.8256
              ],
              [
                10.7485,
                33.7975
              ],
              [
                10.7407,
                33.7828
              ],
              [
                10.734,
                33.7762
              ],
              [
                10.7277,
                33.7629
              ],
              [
                10.7303,
                33.7492
              ],
              [
                10.7375,
                33.7317
              ],
              [
                10.7386,
                33.7253
              ],
              [
                10.7611,
                33.7
              ],
              [
                10.7634,
                33.6988
              ],
              [
                10.7696,
                33.6999
              ],
              [
                10.7781,
                33.7045
              ],
              [
                10.7806,
                33.7018
              ],
              [
                10.7878,
                33.7
              ],
              [
                10.7861,
                33.7115
              ],
              [
                10.7883,
                33.717
              ],
              [
                10.7942,
                33.7232
              ],
              [
                10.8057,
                33.728
              ],
              [
                10.8159,
                33.7355
              ],
              [
                10.8252,
                33.7361
              ],
              [
                10.8294,
                33.7348
              ],
              [
                10.8545,
                33.7137
              ],
              [
                10.87,
                33.6953
              ],
              [
                10.8756,
                33.6912
              ],
              [
                10.8791,
                33.6751
              ],
              [
                10.8722,
                33.6657
              ],
              [
                10.869,
                33.6529
              ],
              [
                10.8714,
                33.6499
              ],
              [
                10.8735,
                33.6375
              ],
              [
                10.883,
                33.6359
              ],
              [
                10.8867,
                33.6309
              ],
              [
                10.8898,
                33.638
              ],
              [
                10.8911,
                33.6619
              ],
              [
                10.8956,
                33.671
              ],
              [
                10.8997,
                33.6739
              ],
              [
                10.9168,
                33.6784
              ],
              [
                10.9326,
                33.6916
              ],
              [
                10.9379,
                33.6936
              ],
              [
                10.9459,
                33.7006
              ],
              [
                10.9549,
                33.7189
              ],
              [
                10.9585,
                33.7226
              ],
              [
                10.968,
                33.7255
              ],
              [
                10.9702,
                33.721
              ],
              [
                10.9662,
                33.6925
              ],
              [
                10.9673,
                33.6896
              ],
              [
                10.9705,
                33.6904
              ],
              [
                10.9711,
                33.6894
              ],
              [
                10.9716,
                33.6845
              ],
              [
                10.9694,
                33.6817
              ],
              [
                10.971,
                33.681
              ],
              [
                10.9757,
                33.6844
              ],
              [
                10.9836,
                33.6954
              ],
              [
                10.9807,
                33.707
              ],
              [
                10.9816,
                33.7132
              ],
              [
                10.9873,
                33.7293
              ],
              [
                10.9962,
                33.7421
              ],
              [
                11.0095,
                33.7529
              ],
              [
                11.0241,
                33.7598
              ],
              [
                11.053,
                33.7773
              ],
              [
                11.0605,
                33.7778
              ],
              [
                11.0629,
                33.7813
              ],
              [
                11.0563,
                33.7912
              ],
              [
                11.0527,
                33.8019
              ],
              [
                11.0533,
                33.8048
              ],
              [
                11.0592,
                33.7903
              ],
              [
                11.0622,
                33.7913
              ],
              [
                11.0598,
                33.8119
              ],
              [
                11.0608,
                33.8236
              ],
              [
                11.0418,
                33.8294
              ],
              [
                11.0207,
                33.8316
              ],
              [
                11.01,
                33.8369
              ],
              [
                11.0028,
                33.8387
              ],
              [
                10.9964,
                33.844
              ],
              [
                10.9918,
                33.8537
              ],
              [
                10.9873,
                33.8576
              ],
              [
                10.9609,
                33.8749
              ],
              [
                10.9396,
                33.8956
              ],
              [
                10.9298,
                33.9003
              ],
              [
                10.926,
                33.9036
              ]
            ]
          ]
        ]
      }
    },
    {
      "type": "Feature",
      "properties": {
        "gov_id": "TN53",
        "gov_name": "Tataouine",
        "gov_name_ar": "تطاوين",
        "region_id": "TN5",
        "region_name": "South East",
        "source_level": "COD-AB ADM2",
        "area_sqkm": 38269.41049235,
        "center_lon": 9.7693199,
        "center_lat": 31.73702041,
        "display_name": "Tataouine",
        "display_label": "Tataouine — Governorate"
      },
      "geometry": {
        "type": "Polygon",
        "coordinates": [
          [
            [
              10.4904,
              33.2253
            ],
            [
              10.4905,
              33.2346
            ],
            [
              10.4843,
              33.2283
            ],
            [
              10.4804,
              33.2277
            ],
            [
              10.4783,
              33.2247
            ],
            [
              10.4727,
              33.2239
            ],
            [
              10.4675,
              33.2175
            ],
            [
              10.4562,
              33.214
            ],
            [
              10.4523,
              33.2096
            ],
            [
              10.4436,
              33.2067
            ],
            [
              10.4421,
              33.2046
            ],
            [
              10.4282,
              33.2026
            ],
            [
              10.4167,
              33.1972
            ],
            [
              10.4055,
              33.194
            ],
            [
              10.3974,
              33.1894
            ],
            [
              10.3937,
              33.1838
            ],
            [
              10.3764,
              33.1788
            ],
            [
              10.366,
              33.1681
            ],
            [
              10.358,
              33.1661
            ],
            [
              10.3532,
              33.1699
            ],
            [
              10.3418,
              33.1662
            ],
            [
              10.3404,
              33.1692
            ],
            [
              10.3357,
              33.1657
            ],
            [
              10.3334,
              33.1674
            ],
            [
              10.3293,
              33.1651
            ],
            [
              10.3228,
              33.166
            ],
            [
              10.3217,
              33.1634
            ],
            [
              10.3167,
              33.1607
            ],
            [
              10.3093,
              33.1592
            ],
            [
              10.3065,
              33.1539
            ],
            [
              10.3006,
              33.1519
            ],
            [
              10.2896,
              33.1534
            ],
            [
              10.2867,
              33.1502
            ],
            [
              10.2511,
              33.1393
            ],
            [
              10.2367,
              33.1326
            ],
            [
              10.1863,
              33.0934
            ],
            [
              10.1704,
              33.0883
            ],
            [
              10.1636,
              33.0846
            ],
            [
              10.1602,
              33.0808
            ],
            [
              10.1532,
              33.0806
            ],
            [
              10.1482,
              33.0829
            ],
            [
              10.144,
              33.0812
            ],
            [
              10.1352,
              33.0883
            ],
            [
              10.1146,
              33.0797
            ],
            [
              10.1098,
              33.0825
            ],
            [
              10.0997,
              33.0805
            ],
            [
              10.0931,
              33.0763
            ],
            [
              10.0897,
              33.0683
            ],
            [
              10.0861,
              33.0651
            ],
            [
              10.0848,
              33.06
            ],
            [
              10.0828,
              33.0595
            ],
            [
              10.0722,
              33.0633
            ],
            [
              10.0651,
              33.0609
            ],
            [
              10.0314,
              33.0654
            ],
            [
              10.0126,
              33.0602
            ],
            [
              9.9811,
              33.0657
            ],
            [
              9.9599,
              33.0664
            ],
            [
              9.9529,
              33.0585
            ],
            [
              9.9492,
              33.0487
            ],
            [
              9.9417,
              33.0462
            ],
            [
              9.9229,
              33.0525
            ],
            [
              9.9216,
              33.0598
            ],
            [
              9.9134,
              33.0656
            ],
            [
              9.9065,
              33.0663
            ],
            [
              9.895,
              33.0591
            ],
            [
              9.8922,
              33.0514
            ],
            [
              9.8968,
              33.048
            ],
            [
              9.9094,
              33.0499
            ],
            [
              9.9203,
              33.0398
            ],
            [
              9.9232,
              33.0349
            ],
            [
              9.9266,
              33.017
            ],
            [
              9.9306,
              33.0078
            ],
            [
              9.9415,
              32.9987
            ],
            [
              9.9622,
              32.9914
            ],
            [
              9.9748,
              32.9953
            ],
            [
              9.9966,
              32.9909
            ],
            [
              10.0035,
              32.988
            ],
            [
              10.0091,
              32.9738
            ],
            [
              9.9988,
              32.9633
            ],
            [
              9.9693,
              32.9626
            ],
            [
              9.9543,
              32.9561
            ],
            [
              9.9494,
              32.9596
            ],
            [
              9.9471,
              32.9595
            ],
            [
              9.9394,
              32.954
            ],
            [
              9.9298,
              32.9418
            ],
            [
              9.9363,
              32.9372
            ],
            [
              9.9363,
              32.9328
            ],
            [
              9.9327,
              32.9237
            ],
            [
              9.9372,
              32.9201
            ],
            [
              9.9425,
              32.9105
            ],
            [
              9.9411,
              32.9032
            ],
            [
              9.9384,
              32.9001
            ],
            [
              9.9378,
              32.8967
            ],
            [
              9.9387,
              32.8944
            ],
            [
              9.9436,
              32.8917
            ],
            [
              9.9421,
              32.8864
            ],
            [
              9.943,
              32.8813
            ],
            [
              9.9447,
              32.8785
            ],
            [
              9.9564,
              32.8706
            ],
            [
              9.9591,
              32.8655
            ],
            [
              9.9659,
              32.8612
            ],
            [
              9.9685,
              32.8544
            ],
            [
              9.9646,
              32.8435
            ],
            [
              9.9486,
              32.8241
            ],
            [
              9.9452,
              32.8154
            ],
            [
              9.9406,
              32.813
            ],
            [
              9.9234,
              32.8174
            ],
            [
              9.9102,
              32.815
            ],
            [
              9.9149,
              32.7956
            ],
            [
              9.9269,
              32.7754
            ],
            [
              9.9269,
              32.7707
            ],
            [
              9.9179,
              32.7608
            ],
            [
              9.9018,
              32.7503
            ],
            [
              9.8989,
              32.7441
            ],
            [
              9.8949,
              32.74
            ],
            [
              9.8856,
              32.7386
            ],
            [
              9.8807,
              32.7356
            ],
            [
              9.887,
              32.7317
            ],
            [
              9.8937,
              32.7304
            ],
            [
              9.8985,
              32.7253
            ],
            [
              9.8987,
              32.7222
            ],
            [
              9.9062,
              32.7161
            ],
            [
              9.9135,
              32.7064
            ],
            [
              9.9303,
              32.6991
            ],
            [
              9.9357,
              32.6949
            ],
            [
              9.9471,
              32.6919
            ],
            [
              9.9539,
              32.6854
            ],
            [
              9.9636,
              32.6822
            ],
            [
              9.9632,
              32.6792
            ],
            [
              9.9649,
              32.6768
            ],
            [
              9.9624,
              32.6729
            ],
            [
              9.9639,
              32.6608
            ],
            [
              9.9628,
              32.6549
            ],
            [
              9.9613,
              32.6508
            ],
            [
              9.9533,
              32.6452
            ],
            [
              9.938,
              32.6448
            ],
            [
              9.9331,
              32.6489
            ],
            [
              9.9248,
              32.6506
            ],
            [
              9.9213,
              32.6541
            ],
            [
              9.9166,
              32.6558
            ],
            [
              9.9111,
              32.6635
            ],
            [
              9.9032,
              32.6675
            ],
            [
              9.9039,
              32.6753
            ],
            [
              9.9016,
              32.681
            ],
            [
              9.8924,
              32.683
            ],
            [
              9.8879,
              32.6868
            ],
            [
              9.8823,
              32.6864
            ],
            [
              9.8729,
              32.6902
            ],
            [
              9.8625,
              32.7001
            ],
            [
              9.8445,
              32.7007
            ],
            [
              9.8415,
              32.7049
            ],
            [
              9.8406,
              32.7146
            ],
            [
              9.8274,
              32.7264
            ],
            [
              9.821,
              32.7237
            ],
            [
              9.8064,
              32.7225
            ],
            [
              9.8027,
              32.7354
            ],
            [
              9.7984,
              32.7389
            ],
            [
              9.7982,
              32.7433
            ],
            [
              9.792,
              32.7512
            ],
            [
              9.792,
              32.7564
            ],
            [
              9.7839,
              32.761
            ],
            [
              9.7814,
              32.7681
            ],
            [
              9.7769,
              32.7665
            ],
            [
              9.7734,
              32.77
            ],
            [
              9.7739,
              32.7752
            ],
            [
              9.7703,
              32.7865
            ],
            [
              9.7619,
              32.7875
            ],
            [
              9.7572,
              32.7906
            ],
            [
              9.7516,
              32.7871
            ],
            [
              9.7492,
              32.7879
            ],
            [
              9.7461,
              32.794
            ],
            [
              9.7426,
              32.7961
            ],
            [
              9.7331,
              32.7949
            ],
            [
              9.7242,
              32.7971
            ],
            [
              9.7157,
              32.7938
            ],
            [
              9.7147,
              32.7975
            ],
            [
              9.7119,
              32.7996
            ],
            [
              9.7052,
              32.7998
            ],
            [
              9.6991,
              32.7979
            ],
            [
              9.6957,
              32.7929
            ],
            [
              9.6797,
              32.7922
            ],
            [
              9.6801,
              32.7835
            ],
            [
              9.679,
              32.7825
            ],
            [
              9.6574,
              32.7799
            ],
            [
              9.6516,
              32.7734
            ],
            [
              9.6412,
              32.7766
            ],
            [
              9.6355,
              32.77
            ],
            [
              9.611,
              32.7658
            ],
            [
              9.5993,
              32.7556
            ],
            [
              9.5974,
              32.7556
            ],
            [
              9.5929,
              32.7601
            ],
            [
              9.5898,
              32.7605
            ],
            [
              9.5881,
              32.758
            ],
            [
              9.5842,
              32.7564
            ],
            [
              9.5714,
              32.7571
            ],
            [
              9.5654,
              32.7527
            ],
            [
              9.5606,
              32.7546
            ],
            [
              9.5357,
              32.7346
            ],
            [
              9.5197,
              32.7249
            ],
            [
              9.4997,
              32.7137
            ],
            [
              9.4769,
              32.7054
            ],
            [
              9.3431,
              32.6749
            ],
            [
              9.1192,
              32.6287
            ],
            [
              9.0184,
              32.6057
            ],
            [
              9.0012,
              32.6061
            ],
            [
              8.8802,
              32.5838
            ],
            [
              8.8073,
              32.572
            ],
            [
              8.5997,
              32.5437
            ],
            [
              8.5024,
              32.5276
            ],
            [
              8.4813,
              32.5269
            ],
            [
              8.409,
              32.5163
            ],
            [
              8.368,
              32.5119
            ],
            [
              8.3567,
              32.5078
            ],
            [
              8.3575,
              32.5009
            ],
            [
              9.0754,
              32.0865
            ],
            [
              9.3135,
              31.1755
            ],
            [
              9.5516,
              30.2464
            ],
            [
              9.5764,
              30.2405
            ],
            [
              9.5917,
              30.2422
            ],
            [
              9.6161,
              30.2503
            ],
            [
              9.6491,
              30.2692
            ],
            [
              9.6759,
              30.2822
            ],
            [
              9.7063,
              30.2921
            ],
            [
              9.7155,
              30.2991
            ],
            [
              9.7443,
              30.316
            ],
            [
              9.7748,
              30.3232
            ],
            [
              9.7927,
              30.3303
            ],
            [
              9.7982,
              30.3345
            ],
            [
              9.8258,
              30.3439
            ],
            [
              9.8704,
              30.3481
            ],
            [
              9.8823,
              30.3473
            ],
            [
              9.8889,
              30.3492
            ],
            [
              9.9179,
              30.3749
            ],
            [
              9.9473,
              30.3936
            ],
            [
              9.9622,
              30.4235
            ],
            [
              9.9706,
              30.428
            ],
            [
              9.9774,
              30.434
            ],
            [
              10.007,
              30.4754
            ],
            [
              10.0199,
              30.5055
            ],
            [
              10.0557,
              30.5439
            ],
            [
              10.0766,
              30.5604
            ],
            [
              10.1002,
              30.5861
            ],
            [
              10.1145,
              30.6091
            ],
            [
              10.1524,
              30.6505
            ],
            [
              10.1745,
              30.6865
            ],
            [
              10.1813,
              30.6936
            ],
            [
              10.1945,
              30.702
            ],
            [
              10.1993,
              30.7034
            ],
            [
              10.2132,
              30.7131
            ],
            [
              10.226,
              30.732
            ],
            [
              10.2465,
              30.7723
            ],
            [
              10.2778,
              30.8246
            ],
            [
              10.284,
              30.8414
            ],
            [
              10.2871,
              30.8559
            ],
            [
              10.2967,
              30.8791
            ],
            [
              10.2942,
              30.8869
            ],
            [
              10.2954,
              30.894
            ],
            [
              10.3062,
              30.9039
            ],
            [
              10.3078,
              30.909
            ],
            [
              10.2972,
              30.9293
            ],
            [
              10.2881,
              30.9652
            ],
            [
              10.2868,
              30.9877
            ],
            [
              10.2823,
              31.0039
            ],
            [
              10.2799,
              31.0069
            ],
            [
              10.2752,
              31.0268
            ],
            [
              10.2755,
              31.0456
            ],
            [
              10.2876,
              31.0826
            ],
            [
              10.2848,
              31.0966
            ],
            [
              10.271,
              31.121
            ],
            [
              10.2621,
              31.1331
            ],
            [
              10.2422,
              31.1987
            ],
            [
              10.2316,
              31.2158
            ],
            [
              10.2201,
              31.2437
            ],
            [
              10.2169,
              31.2473
            ],
            [
              10.2113,
              31.2661
            ],
            [
              10.2083,
              31.27
            ],
            [
              10.1946,
              31.3047
            ],
            [
              10.1574,
              31.3857
            ],
            [
              10.1539,
              31.3889
            ],
            [
              10.1475,
              31.407
            ],
            [
              10.1449,
              31.4225
            ],
            [
              10.1466,
              31.4386
            ],
            [
              10.1443,
              31.4498
            ],
            [
              10.1375,
              31.4628
            ],
            [
              10.1375,
              31.4857
            ],
            [
              10.1406,
              31.4933
            ],
            [
              10.1498,
              31.5048
            ],
            [
              10.1541,
              31.5072
            ],
            [
              10.1686,
              31.5238
            ],
            [
              10.1709,
              31.5298
            ],
            [
              10.1849,
              31.5464
            ],
            [
              10.1889,
              31.5471
            ],
            [
              10.2005,
              31.5598
            ],
            [
              10.2023,
              31.5657
            ],
            [
              10.2108,
              31.5729
            ],
            [
              10.2222,
              31.5868
            ],
            [
              10.2237,
              31.5916
            ],
            [
              10.2409,
              31.6119
            ],
            [
              10.2538,
              31.6319
            ],
            [
              10.2543,
              31.6356
            ],
            [
              10.2794,
              31.6673
            ],
            [
              10.2846,
              31.6805
            ],
            [
              10.2891,
              31.6848
            ],
            [
              10.2912,
              31.6901
            ],
            [
              10.313,
              31.7056
            ],
            [
              10.374,
              31.7381
            ],
            [
              10.3938,
              31.7405
            ],
            [
              10.441,
              31.7273
            ],
            [
              10.4587,
              31.7283
            ],
            [
              10.4921,
              31.7359
            ],
            [
              10.5298,
              31.7473
            ],
            [
              10.5418,
              31.7545
            ],
            [
              10.5476,
              31.76
            ],
            [
              10.5519,
              31.7616
            ],
            [
              10.562,
              31.7731
            ],
            [
              10.5738,
              31.8117
            ],
            [
              10.582,
              31.8241
            ],
            [
              10.5916,
              31.8326
            ],
            [
              10.5961,
              31.834
            ],
            [
              10.6159,
              31.8481
            ],
            [
              10.6353,
              31.8651
            ],
            [
              10.6371,
              31.8715
            ],
            [
              10.6443,
              31.8839
            ],
            [
              10.644,
              31.8935
            ],
            [
              10.6255,
              31.9191
            ],
            [
              10.6249,
              31.9255
            ],
            [
              10.6281,
              31.9322
            ],
            [
              10.6372,
              31.9388
            ],
            [
              10.6406,
              31.9455
            ],
            [
              10.6391,
              31.9679
            ],
            [
              10.6423,
              31.9728
            ],
            [
              10.6544,
              31.9769
            ],
            [
              10.6618,
              31.9848
            ],
            [
              10.6707,
              31.9876
            ],
            [
              10.6806,
              31.9849
            ],
            [
              10.6997,
              31.9833
            ],
            [
              10.718,
              31.9781
            ],
            [
              10.7309,
              31.9793
            ],
            [
              10.7419,
              31.9831
            ],
            [
              10.7504,
              31.9893
            ],
            [
              10.7678,
              31.9955
            ],
            [
              10.7947,
              32
            ],
            [
              10.8377,
              32.0621
            ],
            [
              10.8501,
              32.0828
            ],
            [
              10.8538,
              32.0906
            ],
            [
              10.858,
              32.1104
            ],
            [
              10.9146,
              32.1432
            ],
            [
              10.9302,
              32.1562
            ],
            [
              10.9821,
              32.1867
            ],
            [
              10.9959,
              32.1921
            ],
            [
              11.0163,
              32.196
            ],
            [
              11.0344,
              32.2021
            ],
            [
              11.0498,
              32.2125
            ],
            [
              11.0569,
              32.2191
            ],
            [
              11.0745,
              32.2284
            ],
            [
              11.0887,
              32.2293
            ],
            [
              11.1012,
              32.2375
            ],
            [
              11.1387,
              32.2485
            ],
            [
              11.1534,
              32.2582
            ],
            [
              11.1589,
              32.2603
            ],
            [
              11.1812,
              32.3062
            ],
            [
              11.2006,
              32.3094
            ],
            [
              11.2047,
              32.3143
            ],
            [
              11.2142,
              32.3157
            ],
            [
              11.2233,
              32.3213
            ],
            [
              11.2325,
              32.3237
            ],
            [
              11.2396,
              32.3236
            ],
            [
              11.2564,
              32.3298
            ],
            [
              11.2876,
              32.352
            ],
            [
              11.3084,
              32.3563
            ],
            [
              11.3156,
              32.3648
            ],
            [
              11.3351,
              32.3729
            ],
            [
              11.3357,
              32.3814
            ],
            [
              11.3414,
              32.3859
            ],
            [
              11.3416,
              32.388
            ],
            [
              11.3252,
              32.3983
            ],
            [
              11.3062,
              32.3933
            ],
            [
              11.2903,
              32.3928
            ],
            [
              11.2649,
              32.3832
            ],
            [
              11.2254,
              32.3766
            ],
            [
              11.2213,
              32.3875
            ],
            [
              11.202,
              32.408
            ],
            [
              11.1442,
              32.5328
            ],
            [
              11.1222,
              32.5955
            ],
            [
              11.0961,
              32.6585
            ],
            [
              11.0845,
              32.6755
            ],
            [
              11.1264,
              32.7175
            ],
            [
              11.1214,
              32.7752
            ],
            [
              11.1094,
              32.8148
            ],
            [
              11.115,
              32.8657
            ],
            [
              11.1113,
              32.8745
            ],
            [
              11.1002,
              32.8882
            ],
            [
              11.0988,
              32.8951
            ],
            [
              11.0937,
              32.901
            ],
            [
              11.0916,
              32.9075
            ],
            [
              11.0923,
              32.9131
            ],
            [
              11.0852,
              32.9201
            ],
            [
              11.0453,
              32.9911
            ],
            [
              11.0396,
              32.9962
            ],
            [
              11.0398,
              33.0041
            ],
            [
              11.036,
              33.0148
            ],
            [
              11.0376,
              33.0222
            ],
            [
              11.0277,
              33.0322
            ],
            [
              11.0213,
              33.0343
            ],
            [
              11.0213,
              33.0365
            ],
            [
              11.0257,
              33.0433
            ],
            [
              11.0298,
              33.0462
            ],
            [
              11.0333,
              33.0533
            ],
            [
              11.033,
              33.0662
            ],
            [
              11.0361,
              33.0949
            ],
            [
              11.016,
              33.0897
            ],
            [
              11.0056,
              33.0788
            ],
            [
              10.8973,
              33.0931
            ],
            [
              10.892,
              33.0891
            ],
            [
              10.8885,
              33.0913
            ],
            [
              10.8843,
              33.0914
            ],
            [
              10.8797,
              33.0882
            ],
            [
              10.8772,
              33.0842
            ],
            [
              10.8719,
              33.0824
            ],
            [
              10.8676,
              33.0828
            ],
            [
              10.8549,
              33.0888
            ],
            [
              10.8484,
              33.0874
            ],
            [
              10.8225,
              33.0885
            ],
            [
              10.8108,
              33.0931
            ],
            [
              10.7725,
              33.0969
            ],
            [
              10.7582,
              33.0952
            ],
            [
              10.7418,
              33.1021
            ],
            [
              10.7351,
              33.1005
            ],
            [
              10.7285,
              33.0956
            ],
            [
              10.7153,
              33.098
            ],
            [
              10.7017,
              33.096
            ],
            [
              10.6471,
              33.1047
            ],
            [
              10.5857,
              33.111
            ],
            [
              10.5588,
              33.112
            ],
            [
              10.5491,
              33.1184
            ],
            [
              10.5232,
              33.1487
            ],
            [
              10.529,
              33.1524
            ],
            [
              10.5385,
              33.1531
            ],
            [
              10.5468,
              33.151
            ],
            [
              10.5661,
              33.1594
            ],
            [
              10.5689,
              33.163
            ],
            [
              10.5702,
              33.1718
            ],
            [
              10.5853,
              33.18
            ],
            [
              10.5962,
              33.1904
            ],
            [
              10.6088,
              33.1968
            ],
            [
              10.6136,
              33.2036
            ],
            [
              10.5332,
              33.2106
            ],
            [
              10.5112,
              33.213
            ],
            [
              10.5094,
              33.2149
            ],
            [
              10.4903,
              33.2146
            ],
            [
              10.4904,
              33.2236
            ],
            [
              10.4904,
              33.2253
            ]
          ]
        ]
      }
    },
    {
      "type": "Feature",
      "properties": {
        "gov_id": "TN61",
        "gov_name": "Gafsa",
        "gov_name_ar": "قفصة",
        "region_id": "TN6",
        "region_name": "South West",
        "source_level": "COD-AB ADM2",
        "area_sqkm": 7548.04183669,
        "center_lon": 8.79079796,
        "center_lat": 34.43366772,
        "display_name": "Gafsa",
        "display_label": "Gafsa — Governorate"
      },
      "geometry": {
        "type": "Polygon",
        "coordinates": [
          [
            [
              8.9838,
              34.7254
            ],
            [
              8.9604,
              34.7485
            ],
            [
              8.9521,
              34.754
            ],
            [
              8.9432,
              34.7751
            ],
            [
              8.9209,
              34.8102
            ],
            [
              8.8935,
              34.8004
            ],
            [
              8.8392,
              34.7706
            ],
            [
              8.8169,
              34.7643
            ],
            [
              8.789,
              34.7533
            ],
            [
              8.7506,
              34.725
            ],
            [
              8.7303,
              34.7249
            ],
            [
              8.7224,
              34.7155
            ],
            [
              8.7011,
              34.7058
            ],
            [
              8.679,
              34.6931
            ],
            [
              8.6706,
              34.6866
            ],
            [
              8.6509,
              34.677
            ],
            [
              8.586,
              34.6304
            ],
            [
              8.5856,
              34.6274
            ],
            [
              8.5511,
              34.6308
            ],
            [
              8.5399,
              34.6302
            ],
            [
              8.5232,
              34.6397
            ],
            [
              8.5184,
              34.6411
            ],
            [
              8.5085,
              34.6406
            ],
            [
              8.4918,
              34.6526
            ],
            [
              8.4889,
              34.6585
            ],
            [
              8.4827,
              34.6642
            ],
            [
              8.4697,
              34.6683
            ],
            [
              8.4427,
              34.6853
            ],
            [
              8.4314,
              34.6891
            ],
            [
              8.417,
              34.6911
            ],
            [
              8.3829,
              34.7065
            ],
            [
              8.3727,
              34.7102
            ],
            [
              8.3628,
              34.7116
            ],
            [
              8.3532,
              34.7197
            ],
            [
              8.3204,
              34.734
            ],
            [
              8.3209,
              34.7318
            ],
            [
              8.3191,
              34.7299
            ],
            [
              8.3125,
              34.7275
            ],
            [
              8.3001,
              34.7311
            ],
            [
              8.2953,
              34.7305
            ],
            [
              8.2934,
              34.7285
            ],
            [
              8.2925,
              34.7219
            ],
            [
              8.2644,
              34.6911
            ],
            [
              8.244,
              34.6896
            ],
            [
              8.239,
              34.686
            ],
            [
              8.2369,
              34.6802
            ],
            [
              8.2377,
              34.6734
            ],
            [
              8.2411,
              34.669
            ],
            [
              8.2498,
              34.6629
            ],
            [
              8.2595,
              34.659
            ],
            [
              8.2768,
              34.6593
            ],
            [
              8.2806,
              34.6561
            ],
            [
              8.2804,
              34.6525
            ],
            [
              8.2735,
              34.6433
            ],
            [
              8.2663,
              34.6433
            ],
            [
              8.2504,
              34.6371
            ],
            [
              8.2413,
              34.6307
            ],
            [
              8.2436,
              34.6197
            ],
            [
              8.2488,
              34.6146
            ],
            [
              8.2474,
              34.6135
            ],
            [
              8.2378,
              34.6125
            ],
            [
              8.2344,
              34.6146
            ],
            [
              8.2311,
              34.6145
            ],
            [
              8.2245,
              34.6072
            ],
            [
              8.211,
              34.6007
            ],
            [
              8.2092,
              34.593
            ],
            [
              8.2063,
              34.5901
            ],
            [
              8.207,
              34.5875
            ],
            [
              8.2163,
              34.5818
            ],
            [
              8.2229,
              34.5799
            ],
            [
              8.2219,
              34.5764
            ],
            [
              8.2058,
              34.5771
            ],
            [
              8.2055,
              34.5735
            ],
            [
              8.1975,
              34.5738
            ],
            [
              8.1859,
              34.5704
            ],
            [
              8.1765,
              34.5748
            ],
            [
              8.171,
              34.575
            ],
            [
              8.1692,
              34.5733
            ],
            [
              8.1712,
              34.5701
            ],
            [
              8.1716,
              34.5636
            ],
            [
              8.161,
              34.5684
            ],
            [
              8.1605,
              34.5616
            ],
            [
              8.1663,
              34.5539
            ],
            [
              8.1661,
              34.5518
            ],
            [
              8.1586,
              34.5511
            ],
            [
              8.157,
              34.5472
            ],
            [
              8.1517,
              34.5458
            ],
            [
              8.1474,
              34.5385
            ],
            [
              8.1482,
              34.534
            ],
            [
              8.1367,
              34.5315
            ],
            [
              8.1348,
              34.5286
            ],
            [
              8.1134,
              34.4722
            ],
            [
              8.1012,
              34.4477
            ],
            [
              8.0824,
              34.4249
            ],
            [
              8.0779,
              34.4167
            ],
            [
              8.0801,
              34.4137
            ],
            [
              8.086,
              34.4114
            ],
            [
              8.0952,
              34.3989
            ],
            [
              8.0857,
              34.3909
            ],
            [
              8.077,
              34.3767
            ],
            [
              8.0591,
              34.3576
            ],
            [
              8.0443,
              34.3358
            ],
            [
              8.0417,
              34.3285
            ],
            [
              8.0464,
              34.3176
            ],
            [
              8.0622,
              34.304
            ],
            [
              8.122,
              34.2616
            ],
            [
              8.1516,
              34.2201
            ],
            [
              8.1548,
              34.2022
            ],
            [
              8.2896,
              34.1523
            ],
            [
              8.2903,
              34.1503
            ],
            [
              8.3117,
              34.1563
            ],
            [
              8.324,
              34.1582
            ],
            [
              8.3284,
              34.1571
            ],
            [
              8.3297,
              34.1462
            ],
            [
              8.3262,
              34.1397
            ],
            [
              8.3277,
              34.1223
            ],
            [
              8.3318,
              34.1182
            ],
            [
              8.3408,
              34.1145
            ],
            [
              8.3437,
              34.1076
            ],
            [
              8.3382,
              34.099
            ],
            [
              8.3385,
              34.0889
            ],
            [
              8.3338,
              34.0834
            ],
            [
              8.3379,
              34.0783
            ],
            [
              8.336,
              34.075
            ],
            [
              8.3393,
              34.0666
            ],
            [
              8.3448,
              34.0622
            ],
            [
              8.3489,
              34.0531
            ],
            [
              8.3522,
              34.0527
            ],
            [
              8.3566,
              34.0527
            ],
            [
              8.3626,
              34.0556
            ],
            [
              8.372,
              34.0558
            ],
            [
              8.3793,
              34.0555
            ],
            [
              8.3871,
              34.0529
            ],
            [
              8.3997,
              34.0604
            ],
            [
              8.4118,
              34.0632
            ],
            [
              8.4247,
              34.0622
            ],
            [
              8.4325,
              34.0641
            ],
            [
              8.4353,
              34.0632
            ],
            [
              8.4402,
              34.0647
            ],
            [
              8.4508,
              34.0645
            ],
            [
              8.4539,
              34.0661
            ],
            [
              8.4666,
              34.0657
            ],
            [
              8.4716,
              34.0677
            ],
            [
              8.4767,
              34.0664
            ],
            [
              8.4874,
              34.0679
            ],
            [
              8.4945,
              34.0654
            ],
            [
              8.5181,
              34.066
            ],
            [
              8.5288,
              34.0616
            ],
            [
              8.5508,
              34.0624
            ],
            [
              8.5583,
              34.0604
            ],
            [
              8.5721,
              34.0607
            ],
            [
              8.5754,
              34.0623
            ],
            [
              8.5786,
              34.0613
            ],
            [
              8.5944,
              34.0647
            ],
            [
              8.6151,
              34.0658
            ],
            [
              8.6198,
              34.0674
            ],
            [
              8.6322,
              34.0674
            ],
            [
              8.6325,
              34.0655
            ],
            [
              8.6374,
              34.0652
            ],
            [
              8.6374,
              34.0631
            ],
            [
              8.6404,
              34.061
            ],
            [
              8.647,
              34.0605
            ],
            [
              8.6471,
              34.0672
            ],
            [
              8.6536,
              34.0786
            ],
            [
              8.6598,
              34.0824
            ],
            [
              8.6667,
              34.0834
            ],
            [
              8.6714,
              34.0871
            ],
            [
              8.676,
              34.0883
            ],
            [
              8.686,
              34.0889
            ],
            [
              8.6962,
              34.0863
            ],
            [
              8.7066,
              34.0894
            ],
            [
              8.719,
              34.0907
            ],
            [
              8.7235,
              34.0948
            ],
            [
              8.7359,
              34.0928
            ],
            [
              8.7465,
              34.0958
            ],
            [
              8.7603,
              34.0969
            ],
            [
              8.7808,
              34.0955
            ],
            [
              8.8014,
              34.0919
            ],
            [
              8.8118,
              34.0951
            ],
            [
              8.8322,
              34.094
            ],
            [
              8.8481,
              34.096
            ],
            [
              8.8546,
              34.0994
            ],
            [
              8.854,
              34.1024
            ],
            [
              8.8559,
              34.1037
            ],
            [
              8.854,
              34.1055
            ],
            [
              8.856,
              34.1067
            ],
            [
              8.8548,
              34.1099
            ],
            [
              8.8566,
              34.1132
            ],
            [
              8.8551,
              34.1192
            ],
            [
              8.8561,
              34.121
            ],
            [
              8.8598,
              34.12
            ],
            [
              8.8983,
              34.1218
            ],
            [
              8.907,
              34.1201
            ],
            [
              8.9134,
              34.1221
            ],
            [
              8.9575,
              34.1159
            ],
            [
              8.9983,
              34.122
            ],
            [
              9.0095,
              34.1212
            ],
            [
              9.024,
              34.1235
            ],
            [
              9.0388,
              34.1287
            ],
            [
              9.0447,
              34.1292
            ],
            [
              9.0685,
              34.1404
            ],
            [
              9.0766,
              34.1426
            ],
            [
              9.0881,
              34.151
            ],
            [
              9.0978,
              34.1525
            ],
            [
              9.1032,
              34.1562
            ],
            [
              9.1115,
              34.1594
            ],
            [
              9.1209,
              34.1605
            ],
            [
              9.1306,
              34.1656
            ],
            [
              9.1497,
              34.1673
            ],
            [
              9.1575,
              34.1642
            ],
            [
              9.171,
              34.1688
            ],
            [
              9.1836,
              34.1694
            ],
            [
              9.195,
              34.1731
            ],
            [
              9.202,
              34.1743
            ],
            [
              9.2103,
              34.1731
            ],
            [
              9.23,
              34.1764
            ],
            [
              9.2464,
              34.1846
            ],
            [
              9.2589,
              34.1956
            ],
            [
              9.2687,
              34.1958
            ],
            [
              9.2786,
              34.2035
            ],
            [
              9.2907,
              34.2068
            ],
            [
              9.3015,
              34.2139
            ],
            [
              9.3184,
              34.2205
            ],
            [
              9.3406,
              34.2202
            ],
            [
              9.3504,
              34.2219
            ],
            [
              9.356,
              34.2246
            ],
            [
              9.3663,
              34.2219
            ],
            [
              9.378,
              34.2292
            ],
            [
              9.3816,
              34.2244
            ],
            [
              9.3814,
              34.2223
            ],
            [
              9.3984,
              34.2201
            ],
            [
              9.4256,
              34.2122
            ],
            [
              9.4381,
              34.2103
            ],
            [
              9.4512,
              34.2123
            ],
            [
              9.455,
              34.2176
            ],
            [
              9.4666,
              34.2156
            ],
            [
              9.4703,
              34.2163
            ],
            [
              9.4769,
              34.2266
            ],
            [
              9.4794,
              34.2278
            ],
            [
              9.492,
              34.2281
            ],
            [
              9.501,
              34.2248
            ],
            [
              9.504,
              34.2279
            ],
            [
              9.5223,
              34.2279
            ],
            [
              9.5261,
              34.2301
            ],
            [
              9.5275,
              34.2343
            ],
            [
              9.5393,
              34.2352
            ],
            [
              9.5444,
              34.2395
            ],
            [
              9.5437,
              34.2472
            ],
            [
              9.5392,
              34.2516
            ],
            [
              9.5442,
              34.2587
            ],
            [
              9.5491,
              34.2609
            ],
            [
              9.5486,
              34.2647
            ],
            [
              9.5519,
              34.2778
            ],
            [
              9.5449,
              34.2922
            ],
            [
              9.5466,
              34.304
            ],
            [
              9.5503,
              34.3151
            ],
            [
              9.5467,
              34.3187
            ],
            [
              9.5385,
              34.3517
            ],
            [
              9.555,
              34.3612
            ],
            [
              9.5607,
              34.3695
            ],
            [
              9.5073,
              34.3817
            ],
            [
              9.5053,
              34.3943
            ],
            [
              9.4887,
              34.446
            ],
            [
              9.4834,
              34.4478
            ],
            [
              9.47,
              34.4585
            ],
            [
              9.4594,
              34.464
            ],
            [
              9.4584,
              34.4677
            ],
            [
              9.4555,
              34.4694
            ],
            [
              9.4535,
              34.4737
            ],
            [
              9.4531,
              34.4814
            ],
            [
              9.4354,
              34.4801
            ],
            [
              9.4175,
              34.4826
            ],
            [
              9.4105,
              34.4867
            ],
            [
              9.4035,
              34.4934
            ],
            [
              9.4047,
              34.4996
            ],
            [
              9.3836,
              34.5005
            ],
            [
              9.3778,
              34.5035
            ],
            [
              9.3578,
              34.5067
            ],
            [
              9.3497,
              34.5069
            ],
            [
              9.3424,
              34.5039
            ],
            [
              9.3372,
              34.4991
            ],
            [
              9.3351,
              34.4941
            ],
            [
              9.3265,
              34.4943
            ],
            [
              9.3224,
              34.5003
            ],
            [
              9.3102,
              34.5016
            ],
            [
              9.3126,
              34.5079
            ],
            [
              9.3263,
              34.5183
            ],
            [
              9.3293,
              34.5238
            ],
            [
              9.3333,
              34.5251
            ],
            [
              9.3381,
              34.5294
            ],
            [
              9.3389,
              34.5308
            ],
            [
              9.3336,
              34.5354
            ],
            [
              9.3347,
              34.5431
            ],
            [
              9.3402,
              34.5496
            ],
            [
              9.3407,
              34.5532
            ],
            [
              9.3434,
              34.5556
            ],
            [
              9.3437,
              34.5591
            ],
            [
              9.3502,
              34.5629
            ],
            [
              9.3478,
              34.5675
            ],
            [
              9.3283,
              34.5565
            ],
            [
              9.3142,
              34.5523
            ],
            [
              9.3061,
              34.5577
            ],
            [
              9.3129,
              34.5653
            ],
            [
              9.2965,
              34.5663
            ],
            [
              9.2931,
              34.5804
            ],
            [
              9.2797,
              34.5758
            ],
            [
              9.2703,
              34.5684
            ],
            [
              9.2548,
              34.5787
            ],
            [
              9.2622,
              34.597
            ],
            [
              9.2715,
              34.6104
            ],
            [
              9.2756,
              34.6241
            ],
            [
              9.2776,
              34.6247
            ],
            [
              9.272,
              34.6342
            ],
            [
              9.2739,
              34.6407
            ],
            [
              9.2717,
              34.6455
            ],
            [
              9.2746,
              34.6522
            ],
            [
              9.2819,
              34.6602
            ],
            [
              9.2683,
              34.6707
            ],
            [
              9.2694,
              34.6756
            ],
            [
              9.2632,
              34.6838
            ],
            [
              9.2297,
              34.7049
            ],
            [
              9.2278,
              34.7083
            ],
            [
              9.1962,
              34.7061
            ],
            [
              9.1905,
              34.693
            ],
            [
              9.1526,
              34.7063
            ],
            [
              9.155,
              34.7099
            ],
            [
              9.1562,
              34.7171
            ],
            [
              9.1515,
              34.714
            ],
            [
              9.1472,
              34.7143
            ],
            [
              9.1425,
              34.7108
            ],
            [
              9.1357,
              34.7123
            ],
            [
              9.1248,
              34.71
            ],
            [
              9.1181,
              34.7037
            ],
            [
              9.1015,
              34.7092
            ],
            [
              9.09,
              34.7056
            ],
            [
              9.081,
              34.6995
            ],
            [
              9.0787,
              34.689
            ],
            [
              9.0729,
              34.688
            ],
            [
              9.0678,
              34.6798
            ],
            [
              9.0661,
              34.6804
            ],
            [
              9.065,
              34.6868
            ],
            [
              9.0547,
              34.6927
            ],
            [
              9.041,
              34.6937
            ],
            [
              9.0366,
              34.6997
            ],
            [
              9.0316,
              34.7016
            ],
            [
              9.0261,
              34.7062
            ],
            [
              9.0144,
              34.7087
            ],
            [
              9.0076,
              34.7074
            ],
            [
              9.0033,
              34.7096
            ],
            [
              8.9954,
              34.718
            ],
            [
              8.9896,
              34.7212
            ],
            [
              8.9838,
              34.7254
            ]
          ]
        ]
      }
    },
    {
      "type": "Feature",
      "properties": {
        "gov_id": "TN62",
        "gov_name": "Tozeur",
        "gov_name_ar": "توزر",
        "region_id": "TN6",
        "region_name": "South West",
        "source_level": "COD-AB ADM2",
        "area_sqkm": 6041.65544922,
        "center_lon": 8.06356702,
        "center_lat": 33.97918967,
        "display_name": "Tozeur",
        "display_label": "Tozeur — Governorate"
      },
      "geometry": {
        "type": "Polygon",
        "coordinates": [
          [
            [
              8.1289,
              34.5134
            ],
            [
              8.1367,
              34.5315
            ],
            [
              8.1204,
              34.5232
            ],
            [
              8.1144,
              34.5141
            ],
            [
              8.1154,
              34.5116
            ],
            [
              8.1048,
              34.513
            ],
            [
              8.0985,
              34.5107
            ],
            [
              8.0932,
              34.5135
            ],
            [
              8.0851,
              34.514
            ],
            [
              8.0831,
              34.5102
            ],
            [
              8.0713,
              34.5011
            ],
            [
              8.0723,
              34.496
            ],
            [
              8.0428,
              34.4925
            ],
            [
              8.018,
              34.4713
            ],
            [
              8.0103,
              34.4567
            ],
            [
              7.9958,
              34.455
            ],
            [
              7.9739,
              34.4466
            ],
            [
              7.9585,
              34.4477
            ],
            [
              7.953,
              34.4463
            ],
            [
              7.9516,
              34.4394
            ],
            [
              7.9481,
              34.4378
            ],
            [
              7.9407,
              34.4379
            ],
            [
              7.9337,
              34.4281
            ],
            [
              7.9308,
              34.4196
            ],
            [
              7.9224,
              34.4147
            ],
            [
              7.9132,
              34.4141
            ],
            [
              7.907,
              34.4156
            ],
            [
              7.9024,
              34.413
            ],
            [
              7.8911,
              34.4158
            ],
            [
              7.8759,
              34.4059
            ],
            [
              7.8555,
              34.4048
            ],
            [
              7.8523,
              34.3906
            ],
            [
              7.8545,
              34.3812
            ],
            [
              7.8513,
              34.3621
            ],
            [
              7.8534,
              34.3547
            ],
            [
              7.8443,
              34.3262
            ],
            [
              7.8134,
              34.2533
            ],
            [
              7.804,
              34.2272
            ],
            [
              7.8043,
              34.2184
            ],
            [
              7.7998,
              34.2154
            ],
            [
              7.7969,
              34.2082
            ],
            [
              7.7917,
              34.2046
            ],
            [
              7.7776,
              34.2001
            ],
            [
              7.7459,
              34.1782
            ],
            [
              7.7231,
              34.1656
            ],
            [
              7.6543,
              34.1971
            ],
            [
              7.6129,
              34.136
            ],
            [
              7.6051,
              34.1095
            ],
            [
              7.5995,
              34.1097
            ],
            [
              7.5804,
              34.1003
            ],
            [
              7.576,
              34.101
            ],
            [
              7.5745,
              34.0972
            ],
            [
              7.5688,
              34.0954
            ],
            [
              7.5682,
              34.0932
            ],
            [
              7.5717,
              34.0918
            ],
            [
              7.5777,
              34.095
            ],
            [
              7.5785,
              34.0897
            ],
            [
              7.56,
              34.0791
            ],
            [
              7.5377,
              34.0718
            ],
            [
              7.5281,
              34.0626
            ],
            [
              7.554,
              34.0179
            ],
            [
              7.5403,
              33.9749
            ],
            [
              7.5413,
              33.9378
            ],
            [
              7.5224,
              33.9048
            ],
            [
              7.5361,
              33.8692
            ],
            [
              7.5465,
              33.8356
            ],
            [
              7.5248,
              33.7965
            ],
            [
              7.56,
              33.7782
            ],
            [
              7.5891,
              33.7497
            ],
            [
              7.5767,
              33.746
            ],
            [
              7.5648,
              33.7262
            ],
            [
              7.5976,
              33.6892
            ],
            [
              7.5926,
              33.6483
            ],
            [
              7.6283,
              33.5729
            ],
            [
              7.7401,
              33.4286
            ],
            [
              7.7689,
              33.4344
            ],
            [
              7.8586,
              33.4625
            ],
            [
              7.8788,
              33.4738
            ],
            [
              7.9017,
              33.4914
            ],
            [
              7.929,
              33.5073
            ],
            [
              7.9764,
              33.5441
            ],
            [
              8.0475,
              33.5908
            ],
            [
              8.2359,
              33.726
            ],
            [
              8.2718,
              33.7385
            ],
            [
              8.3277,
              33.7607
            ],
            [
              8.523,
              33.9113
            ],
            [
              8.5425,
              33.931
            ],
            [
              8.592,
              33.9866
            ],
            [
              8.6293,
              34.0195
            ],
            [
              8.6327,
              34.0254
            ],
            [
              8.636,
              34.0386
            ],
            [
              8.6343,
              34.0442
            ],
            [
              8.6349,
              34.0525
            ],
            [
              8.6404,
              34.061
            ],
            [
              8.6374,
              34.0631
            ],
            [
              8.6374,
              34.0652
            ],
            [
              8.6325,
              34.0655
            ],
            [
              8.6322,
              34.0674
            ],
            [
              8.6198,
              34.0674
            ],
            [
              8.6151,
              34.0658
            ],
            [
              8.5944,
              34.0647
            ],
            [
              8.5786,
              34.0613
            ],
            [
              8.5754,
              34.0623
            ],
            [
              8.5721,
              34.0607
            ],
            [
              8.5583,
              34.0604
            ],
            [
              8.5508,
              34.0624
            ],
            [
              8.5288,
              34.0616
            ],
            [
              8.5181,
              34.066
            ],
            [
              8.4945,
              34.0654
            ],
            [
              8.4874,
              34.0679
            ],
            [
              8.4767,
              34.0664
            ],
            [
              8.4716,
              34.0677
            ],
            [
              8.4666,
              34.0657
            ],
            [
              8.4539,
              34.0661
            ],
            [
              8.4508,
              34.0645
            ],
            [
              8.4402,
              34.0647
            ],
            [
              8.4353,
              34.0632
            ],
            [
              8.4325,
              34.0641
            ],
            [
              8.4247,
              34.0622
            ],
            [
              8.4118,
              34.0632
            ],
            [
              8.3997,
              34.0604
            ],
            [
              8.3871,
              34.0529
            ],
            [
              8.3793,
              34.0555
            ],
            [
              8.372,
              34.0558
            ],
            [
              8.3626,
              34.0556
            ],
            [
              8.3563,
              34.0526
            ],
            [
              8.3489,
              34.0531
            ],
            [
              8.3448,
              34.0622
            ],
            [
              8.3392,
              34.067
            ],
            [
              8.336,
              34.075
            ],
            [
              8.3379,
              34.0783
            ],
            [
              8.3338,
              34.0834
            ],
            [
              8.3385,
              34.0889
            ],
            [
              8.3382,
              34.099
            ],
            [
              8.3437,
              34.1076
            ],
            [
              8.3408,
              34.1145
            ],
            [
              8.3318,
              34.1182
            ],
            [
              8.3277,
              34.1223
            ],
            [
              8.3262,
              34.1397
            ],
            [
              8.3297,
              34.1462
            ],
            [
              8.3284,
              34.1571
            ],
            [
              8.324,
              34.1582
            ],
            [
              8.3117,
              34.1563
            ],
            [
              8.2903,
              34.1503
            ],
            [
              8.2896,
              34.1523
            ],
            [
              8.1541,
              34.2026
            ],
            [
              8.1516,
              34.2201
            ],
            [
              8.122,
              34.2616
            ],
            [
              8.0622,
              34.304
            ],
            [
              8.0464,
              34.3176
            ],
            [
              8.0417,
              34.3285
            ],
            [
              8.0443,
              34.3358
            ],
            [
              8.0591,
              34.3576
            ],
            [
              8.077,
              34.3767
            ],
            [
              8.0857,
              34.3909
            ],
            [
              8.0952,
              34.3989
            ],
            [
              8.086,
              34.4114
            ],
            [
              8.0801,
              34.4137
            ],
            [
              8.0779,
              34.4167
            ],
            [
              8.0824,
              34.4249
            ],
            [
              8.1012,
              34.4477
            ],
            [
              8.1134,
              34.4722
            ],
            [
              8.1182,
              34.4859
            ],
            [
              8.1289,
              34.5134
            ]
          ]
        ]
      }
    },
    {
      "type": "Feature",
      "properties": {
        "gov_id": "TN63",
        "gov_name": "Kebili",
        "gov_name_ar": "قبلي",
        "region_id": "TN6",
        "region_name": "South West",
        "source_level": "COD-AB ADM2",
        "area_sqkm": 22366.34162439,
        "center_lon": 8.70779767,
        "center_lat": 33.34809875,
        "display_name": "Kebili",
        "display_label": "Kebili — Governorate"
      },
      "geometry": {
        "type": "Polygon",
        "coordinates": [
          [
            [
              9.2475,
              34.1854
            ],
            [
              9.23,
              34.1764
            ],
            [
              9.221,
              34.1744
            ],
            [
              9.2087,
              34.1731
            ],
            [
              9.202,
              34.1743
            ],
            [
              9.1836,
              34.1694
            ],
            [
              9.171,
              34.1688
            ],
            [
              9.1575,
              34.1642
            ],
            [
              9.1497,
              34.1673
            ],
            [
              9.1306,
              34.1656
            ],
            [
              9.1209,
              34.1605
            ],
            [
              9.1115,
              34.1594
            ],
            [
              9.1032,
              34.1562
            ],
            [
              9.0978,
              34.1525
            ],
            [
              9.0881,
              34.151
            ],
            [
              9.0766,
              34.1426
            ],
            [
              9.0685,
              34.1404
            ],
            [
              9.0447,
              34.1292
            ],
            [
              9.0177,
              34.1223
            ],
            [
              9.0095,
              34.1212
            ],
            [
              8.9983,
              34.122
            ],
            [
              8.9575,
              34.1159
            ],
            [
              8.9134,
              34.1221
            ],
            [
              8.907,
              34.1201
            ],
            [
              8.8983,
              34.1218
            ],
            [
              8.8598,
              34.12
            ],
            [
              8.8561,
              34.121
            ],
            [
              8.8551,
              34.1192
            ],
            [
              8.8566,
              34.1132
            ],
            [
              8.8548,
              34.1099
            ],
            [
              8.856,
              34.1067
            ],
            [
              8.854,
              34.1055
            ],
            [
              8.8559,
              34.1037
            ],
            [
              8.854,
              34.1024
            ],
            [
              8.8546,
              34.0994
            ],
            [
              8.8453,
              34.0952
            ],
            [
              8.8322,
              34.094
            ],
            [
              8.8118,
              34.0951
            ],
            [
              8.8014,
              34.0919
            ],
            [
              8.7808,
              34.0955
            ],
            [
              8.7613,
              34.0969
            ],
            [
              8.7465,
              34.0958
            ],
            [
              8.7359,
              34.0928
            ],
            [
              8.7235,
              34.0948
            ],
            [
              8.719,
              34.0907
            ],
            [
              8.7066,
              34.0894
            ],
            [
              8.6962,
              34.0863
            ],
            [
              8.686,
              34.0889
            ],
            [
              8.6788,
              34.0888
            ],
            [
              8.6714,
              34.0871
            ],
            [
              8.6667,
              34.0834
            ],
            [
              8.6585,
              34.0818
            ],
            [
              8.6536,
              34.0786
            ],
            [
              8.6481,
              34.0696
            ],
            [
              8.6465,
              34.0648
            ],
            [
              8.647,
              34.0605
            ],
            [
              8.6404,
              34.061
            ],
            [
              8.6366,
              34.0564
            ],
            [
              8.6343,
              34.0444
            ],
            [
              8.636,
              34.0406
            ],
            [
              8.6356,
              34.035
            ],
            [
              8.6293,
              34.0195
            ],
            [
              8.592,
              33.9866
            ],
            [
              8.5425,
              33.931
            ],
            [
              8.523,
              33.9113
            ],
            [
              8.3277,
              33.7607
            ],
            [
              8.2718,
              33.7385
            ],
            [
              8.2359,
              33.726
            ],
            [
              8.0475,
              33.5908
            ],
            [
              7.9764,
              33.5441
            ],
            [
              7.929,
              33.5073
            ],
            [
              7.9017,
              33.4914
            ],
            [
              7.8788,
              33.4738
            ],
            [
              7.8586,
              33.4625
            ],
            [
              7.7689,
              33.4344
            ],
            [
              7.7401,
              33.4286
            ],
            [
              7.7435,
              33.4243
            ],
            [
              7.7895,
              33.2593
            ],
            [
              7.8105,
              33.2135
            ],
            [
              7.8085,
              33.2067
            ],
            [
              7.8286,
              33.2003
            ],
            [
              7.8409,
              33.1936
            ],
            [
              7.8541,
              33.1764
            ],
            [
              7.8844,
              33.1797
            ],
            [
              8.1439,
              33.0831
            ],
            [
              8.1078,
              33.0657
            ],
            [
              8.1047,
              33.0491
            ],
            [
              8.3233,
              32.8223
            ],
            [
              8.3567,
              32.5078
            ],
            [
              8.368,
              32.5119
            ],
            [
              8.409,
              32.5163
            ],
            [
              8.4813,
              32.5269
            ],
            [
              8.5024,
              32.5276
            ],
            [
              8.5997,
              32.5437
            ],
            [
              8.8073,
              32.572
            ],
            [
              8.8802,
              32.5838
            ],
            [
              9.0012,
              32.6061
            ],
            [
              9.0184,
              32.6057
            ],
            [
              9.1192,
              32.6287
            ],
            [
              9.3431,
              32.6749
            ],
            [
              9.4769,
              32.7054
            ],
            [
              9.4997,
              32.7137
            ],
            [
              9.5197,
              32.7249
            ],
            [
              9.5357,
              32.7346
            ],
            [
              9.5606,
              32.7546
            ],
            [
              9.5654,
              32.7527
            ],
            [
              9.5714,
              32.7571
            ],
            [
              9.5842,
              32.7564
            ],
            [
              9.5881,
              32.758
            ],
            [
              9.5898,
              32.7605
            ],
            [
              9.5929,
              32.7601
            ],
            [
              9.5974,
              32.7556
            ],
            [
              9.5993,
              32.7556
            ],
            [
              9.611,
              32.7658
            ],
            [
              9.6355,
              32.77
            ],
            [
              9.6412,
              32.7766
            ],
            [
              9.6516,
              32.7734
            ],
            [
              9.6574,
              32.7799
            ],
            [
              9.679,
              32.7825
            ],
            [
              9.6801,
              32.7835
            ],
            [
              9.6797,
              32.7922
            ],
            [
              9.6957,
              32.7929
            ],
            [
              9.6991,
              32.7979
            ],
            [
              9.7052,
              32.7998
            ],
            [
              9.7119,
              32.7996
            ],
            [
              9.7147,
              32.7975
            ],
            [
              9.7157,
              32.7938
            ],
            [
              9.7242,
              32.7971
            ],
            [
              9.7331,
              32.7949
            ],
            [
              9.7426,
              32.7961
            ],
            [
              9.7461,
              32.794
            ],
            [
              9.7492,
              32.7879
            ],
            [
              9.7516,
              32.7871
            ],
            [
              9.7572,
              32.7906
            ],
            [
              9.7619,
              32.7875
            ],
            [
              9.7703,
              32.7865
            ],
            [
              9.7739,
              32.7752
            ],
            [
              9.7734,
              32.77
            ],
            [
              9.7769,
              32.7665
            ],
            [
              9.7814,
              32.7681
            ],
            [
              9.7839,
              32.761
            ],
            [
              9.792,
              32.7564
            ],
            [
              9.792,
              32.7512
            ],
            [
              9.7982,
              32.7433
            ],
            [
              9.7984,
              32.7389
            ],
            [
              9.8027,
              32.7354
            ],
            [
              9.8064,
              32.7225
            ],
            [
              9.821,
              32.7237
            ],
            [
              9.8274,
              32.7264
            ],
            [
              9.8406,
              32.7146
            ],
            [
              9.8415,
              32.7049
            ],
            [
              9.8436,
              32.7013
            ],
            [
              9.8625,
              32.7001
            ],
            [
              9.8729,
              32.6902
            ],
            [
              9.8823,
              32.6864
            ],
            [
              9.8879,
              32.6868
            ],
            [
              9.8924,
              32.683
            ],
            [
              9.9016,
              32.681
            ],
            [
              9.9039,
              32.6753
            ],
            [
              9.9032,
              32.6675
            ],
            [
              9.9063,
              32.6649
            ],
            [
              9.91,
              32.6645
            ],
            [
              9.9166,
              32.6558
            ],
            [
              9.9213,
              32.6541
            ],
            [
              9.9248,
              32.6506
            ],
            [
              9.9331,
              32.6489
            ],
            [
              9.938,
              32.6448
            ],
            [
              9.9418,
              32.6447
            ],
            [
              9.9533,
              32.6452
            ],
            [
              9.9613,
              32.6508
            ],
            [
              9.9639,
              32.6608
            ],
            [
              9.9624,
              32.6729
            ],
            [
              9.9649,
              32.6768
            ],
            [
              9.9621,
              32.6837
            ],
            [
              9.9539,
              32.6854
            ],
            [
              9.9471,
              32.6919
            ],
            [
              9.9357,
              32.6949
            ],
            [
              9.9303,
              32.6991
            ],
            [
              9.9135,
              32.7064
            ],
            [
              9.9062,
              32.7161
            ],
            [
              9.8987,
              32.7222
            ],
            [
              9.8985,
              32.7253
            ],
            [
              9.8937,
              32.7304
            ],
            [
              9.887,
              32.7317
            ],
            [
              9.8807,
              32.7356
            ],
            [
              9.8856,
              32.7386
            ],
            [
              9.8949,
              32.74
            ],
            [
              9.8989,
              32.7441
            ],
            [
              9.9018,
              32.7503
            ],
            [
              9.9179,
              32.7608
            ],
            [
              9.9269,
              32.7707
            ],
            [
              9.9269,
              32.7754
            ],
            [
              9.9149,
              32.7956
            ],
            [
              9.9102,
              32.815
            ],
            [
              9.9234,
              32.8174
            ],
            [
              9.9406,
              32.813
            ],
            [
              9.9452,
              32.8154
            ],
            [
              9.9486,
              32.8241
            ],
            [
              9.9646,
              32.8435
            ],
            [
              9.9685,
              32.8544
            ],
            [
              9.9659,
              32.8612
            ],
            [
              9.9591,
              32.8655
            ],
            [
              9.9564,
              32.8706
            ],
            [
              9.9447,
              32.8785
            ],
            [
              9.943,
              32.8813
            ],
            [
              9.9421,
              32.8864
            ],
            [
              9.9436,
              32.8917
            ],
            [
              9.9387,
              32.8944
            ],
            [
              9.9378,
              32.8967
            ],
            [
              9.9384,
              32.9001
            ],
            [
              9.9411,
              32.9032
            ],
            [
              9.9425,
              32.9105
            ],
            [
              9.9372,
              32.9201
            ],
            [
              9.9327,
              32.9237
            ],
            [
              9.9363,
              32.9328
            ],
            [
              9.9363,
              32.9372
            ],
            [
              9.9298,
              32.9418
            ],
            [
              9.9394,
              32.954
            ],
            [
              9.9471,
              32.9595
            ],
            [
              9.9494,
              32.9596
            ],
            [
              9.9543,
              32.9561
            ],
            [
              9.9693,
              32.9626
            ],
            [
              9.9988,
              32.9633
            ],
            [
              10.0091,
              32.9738
            ],
            [
              10.0035,
              32.988
            ],
            [
              9.9966,
              32.9909
            ],
            [
              9.9748,
              32.9953
            ],
            [
              9.9622,
              32.9914
            ],
            [
              9.9415,
              32.9987
            ],
            [
              9.9306,
              33.0078
            ],
            [
              9.9266,
              33.017
            ],
            [
              9.9232,
              33.0349
            ],
            [
              9.9203,
              33.0398
            ],
            [
              9.9094,
              33.0499
            ],
            [
              9.8968,
              33.048
            ],
            [
              9.8922,
              33.0514
            ],
            [
              9.895,
              33.0591
            ],
            [
              9.9151,
              33.0723
            ],
            [
              9.9098,
              33.0885
            ],
            [
              9.9186,
              33.1468
            ],
            [
              9.9133,
              33.1703
            ],
            [
              9.9163,
              33.1983
            ],
            [
              9.9113,
              33.2006
            ],
            [
              9.9098,
              33.206
            ],
            [
              9.9046,
              33.2074
            ],
            [
              9.899,
              33.2117
            ],
            [
              9.8572,
              33.2034
            ],
            [
              9.8256,
              33.2096
            ],
            [
              9.7899,
              33.2199
            ],
            [
              9.7484,
              33.2509
            ],
            [
              9.7062,
              33.2867
            ],
            [
              9.6749,
              33.3271
            ],
            [
              9.6481,
              33.3505
            ],
            [
              9.6381,
              33.3838
            ],
            [
              9.6318,
              33.3917
            ],
            [
              9.6331,
              33.3969
            ],
            [
              9.6279,
              33.4161
            ],
            [
              9.6236,
              33.4214
            ],
            [
              9.613,
              33.426
            ],
            [
              9.5979,
              33.4286
            ],
            [
              9.5858,
              33.4366
            ],
            [
              9.5731,
              33.4411
            ],
            [
              9.5674,
              33.4473
            ],
            [
              9.5593,
              33.4519
            ],
            [
              9.5558,
              33.4612
            ],
            [
              9.546,
              33.4659
            ],
            [
              9.5378,
              33.4677
            ],
            [
              9.5281,
              33.477
            ],
            [
              9.5143,
              33.484
            ],
            [
              9.5129,
              33.4874
            ],
            [
              9.5083,
              33.4895
            ],
            [
              9.5069,
              33.493
            ],
            [
              9.5014,
              33.4933
            ],
            [
              9.4964,
              33.4963
            ],
            [
              9.4896,
              33.4952
            ],
            [
              9.4927,
              33.4984
            ],
            [
              9.4991,
              33.4986
            ],
            [
              9.5032,
              33.5017
            ],
            [
              9.5178,
              33.4972
            ],
            [
              9.5342,
              33.4983
            ],
            [
              9.5471,
              33.5114
            ],
            [
              9.5485,
              33.5149
            ],
            [
              9.5462,
              33.5228
            ],
            [
              9.5569,
              33.5411
            ],
            [
              9.5582,
              33.55
            ],
            [
              9.5611,
              33.5529
            ],
            [
              9.5613,
              33.5552
            ],
            [
              9.572,
              33.5591
            ],
            [
              9.5801,
              33.566
            ],
            [
              9.5909,
              33.5839
            ],
            [
              9.6016,
              33.5876
            ],
            [
              9.6142,
              33.5888
            ],
            [
              9.6167,
              33.5906
            ],
            [
              9.58,
              33.5933
            ],
            [
              9.5654,
              33.5854
            ],
            [
              9.5557,
              33.589
            ],
            [
              9.5362,
              33.6055
            ],
            [
              9.534,
              33.6164
            ],
            [
              9.5389,
              33.6352
            ],
            [
              9.5309,
              33.6363
            ],
            [
              9.5198,
              33.6302
            ],
            [
              9.5051,
              33.6297
            ],
            [
              9.4638,
              33.6244
            ],
            [
              9.4603,
              33.6291
            ],
            [
              9.4519,
              33.669
            ],
            [
              9.4428,
              33.6845
            ],
            [
              9.4266,
              33.6931
            ],
            [
              9.3811,
              33.7029
            ],
            [
              9.3704,
              33.7029
            ],
            [
              9.3522,
              33.7093
            ],
            [
              9.3396,
              33.7359
            ],
            [
              9.3338,
              33.7728
            ],
            [
              9.3117,
              33.8044
            ],
            [
              9.2722,
              33.8703
            ],
            [
              9.2482,
              33.9293
            ],
            [
              9.2537,
              34.0317
            ],
            [
              9.2528,
              34.0384
            ],
            [
              9.2626,
              34.0531
            ],
            [
              9.2625,
              34.059
            ],
            [
              9.276,
              34.0657
            ],
            [
              9.2764,
              34.0683
            ],
            [
              9.2721,
              34.0732
            ],
            [
              9.278,
              34.075
            ],
            [
              9.2806,
              34.0784
            ],
            [
              9.2849,
              34.0789
            ],
            [
              9.2866,
              34.0835
            ],
            [
              9.292,
              34.0874
            ],
            [
              9.2959,
              34.0872
            ],
            [
              9.3015,
              34.092
            ],
            [
              9.3137,
              34.0931
            ],
            [
              9.3182,
              34.0912
            ],
            [
              9.3257,
              34.0978
            ],
            [
              9.3275,
              34.1065
            ],
            [
              9.3402,
              34.112
            ],
            [
              9.3508,
              34.1131
            ],
            [
              9.3431,
              34.1196
            ],
            [
              9.3332,
              34.1198
            ],
            [
              9.3076,
              34.1248
            ],
            [
              9.3032,
              34.1332
            ],
            [
              9.2757,
              34.141
            ],
            [
              9.2475,
              34.1854
            ]
          ]
        ]
      }
    }
  ]
}
